Collection_Date,Site,Place_name,Sea_otter_region,Latitude,Longitude,Biomarker_ID,Species_common,Species_scientific,sp_code,sp_group,Max_length_1_mm,Max_length_2_mm,Max_length_3_mm,Max_length_4_mm,Max_length_5_mm,Max_length_6_mm,Max_length_7_mm,Max_length_8_mm,Max_length_9_mm,Max_length_10_mm,Max_length_11_mm,Max_length_12_mm,Max_length_13_mm,Max_length_14_mm,sex,n_pooled,Notes
7/13/2018,2018_L_03,Sukkwan,Low,55.189095,-132.84324,B_083,Bentnose Macoma,Macoma nasuta,CLMBEN,PC,31,32,33,37,,,,,,,,,,,,4,
7/13/2018,2018_L_03,Sukkwan,Low,55.189095,-132.84324,B_084,Bentnose Macoma,Macoma nasuta,CLMBEN,PC,49,50,48,,,,,,,,,,,,,3,
7/13/2018,2018_L_03,Sukkwan,Low,55.189095,-132.84324,B_085,Bentnose Macoma,Macoma nasuta,CLMBEN,PC,45,46,46,,,,,,,,,,,,,3,
7/14/2018,2018_H_01,Kaguk Cove,High,55.735283,-133.295189,B_119,Bentnose Macoma,Macoma nasuta,CLMBEN,PC,49,50,,,,,,,,,,,,,,2,
7/14/2018,2018_H_01,Kaguk Cove,High,55.735283,-133.295189,B_120,Bentnose Macoma,Macoma nasuta,CLMBEN,PC,40,41,37,43,,,,,,,,,,,,4,
7/14/2018,2018_H_01,Kaguk Cove,High,55.735283,-133.295189,B_121,Bentnose Macoma,Macoma nasuta,CLMBEN,PC,35,35,37,31,23,22,,,,,,,,,,6,
7/15/2018,2018_H_02,Guktu Cove,High,55.738953,-133.313514,B_157,Bentnose Macoma,Macoma nasuta,CLMBEN,PC,50,41,,,,,,,,,,,,,,2,
7/15/2018,2018_H_02,Guktu Cove,High,55.738953,-133.313514,B_158,Bentnose Macoma,Macoma nasuta,CLMBEN,PC,24,32,34,39,37,,,,,,,,,,,3,
7/15/2018,2018_H_03,Nossuk Bay,High,55.706493,-133.341566,B_183,Bentnose Macoma,Macoma nasuta,CLMBEN,PC,47,,,,,,,,,,,,,,,1,
7/11/2018,2018_L_01,North Pass,Low,55.229743,-132.924047,B_001,Butter clam,Saxidomus gigantea,CLMBUT,PC,66,,,,,,,,,,,,,,,1,
7/11/2018,2018_L_01,North Pass,Low,55.229743,-132.924047,B_002,Butter clam,Saxidomus gigantea,CLMBUT,PC,67,,,,,,,,,,,,,,,1,
7/11/2018,2018_L_01,North Pass,Low,55.229743,-132.924047,B_003,Butter clam,Saxidomus gigantea,CLMBUT,PC,70,,,,,,,,,,,,,,,1,
7/12/2018,2018_L_02,Natzuhini,Low,55.249258,-132.881141,B_047,Butter clam,Saxidomus gigantea,CLMBUT,PC,71,,,,,,,,,,,,,,,1,
7/12/2018,2018_L_02,Natzuhini,Low,55.249258,-132.881141,B_048,Butter clam,Saxidomus gigantea,CLMBUT,PC,65,,,,,,,,,,,,,,,1,
7/12/2018,2018_L_02,Natzuhini,Low,55.249258,-132.881141,B_049,Butter clam,Saxidomus gigantea,CLMBUT,PC,72,,,,,,,,,,,,,,,1,
7/13/2018,2018_L_03,Sukkwan,Low,55.189095,-132.84324,B_080,Butter clam,Saxidomus gigantea,CLMBUT,PC,82,,,,,,,,,,,,,,,1,
7/13/2018,2018_L_03,Sukkwan,Low,55.189095,-132.84324,B_081,Butter clam,Saxidomus gigantea,CLMBUT,PC,69,,,,,,,,,,,,,,,1,
7/13/2018,2018_L_03,Sukkwan,Low,55.189095,-132.84324,B_082,Butter clam,Saxidomus gigantea,CLMBUT,PC,55,43,37,,,,,,,,,,,,,3,
7/14/2018,2018_H_01,Kaguk Cove,High,55.735283,-133.295189,B_122,Butter clam,Saxidomus gigantea,CLMBUT,PC,24,,,,,,,,,,,,,,,1,
7/15/2018,2018_H_02,Guktu Cove,High,55.738953,-133.313514,B_160,Butter clam,Saxidomus gigantea,CLMBUT,PC,26,,,,,,,,,,,,,,,1,
7/15/2018,2018_H_03,Nossuk Bay,High,55.706493,-133.341566,B_182,Butter clam,Saxidomus gigantea,CLMBUT,PC,48,33,32,32,25,,,,,,,,,,,5,
8/15/2018,,Nossuk Bay,High,55.72876,-133.374128,B_356,Butter clam,Saxidomus gigantea,CLMBUT,PC,40,38,35,,,,,,,,,,,,,3,
8/15/2018,,Nossuk Bay,High,55.72876,-133.374128,B_357,Butter clam,Saxidomus gigantea,CLMBUT,PC,32,34,32,33,29,,,,,,,,,,,5,
8/15/2018,,Nossuk Bay,High,55.72876,-133.374128,B_358,Butter clam,Saxidomus gigantea,CLMBUT,PC,27,25,25,26,23,23,,,,,,,,,,6,
7/15/2018,2018_H_02,Guktu Cove,High,55.738953,-133.313514,B_159,Cockle,Clinocardium nuttalli,CLMCKL,PC,47,,,,,,,,,,,,,,,1,
8/3/2018,2018_H_01,Kaguk Cove,High,55.735283,-133.295189,B_351,Cockle,Clinocardium nuttalli,CLMCKL,PC,30,31,33,,,,,,,,,,,,,3,
8/3/2018,2018_H_01,Kaguk Cove,High,55.735283,-133.295189,B_352,Cockle,Clinocardium nuttalli,CLMCKL,PC,30,27,25,25,,,,,,,,,,,,4,
8/3/2018,2018_H_01,Kaguk Cove,High,55.735283,-133.295189,B_353,Cockle,Clinocardium nuttalli,CLMCKL,PC,42,,,,,,,,,,,,,,,1,
8/3/2018,2018_H_01,Kaguk Cove,High,55.735283,-133.295189,B_354,Cockle,Clinocardium nuttalli,CLMCKL,PC,35,31,,,,,,,,,,,,,,2,
8/3/2018,2018_H_01,Kaguk Cove,High,55.735283,-133.295189,B_355,Cockle,Clinocardium nuttalli,CLMCKL,PC,26,26,28,25,,,,,,,,,,,,4,
7/26/2018,2018_L_01,North Pass,Low,55.229743,-132.924047,B_242,Dock shrimp,Pandalus danae,SHRDOC,SC,86,80,,,,,,,,,,,,,F,2,
7/26/2018,2018_L_01,North Pass,Low,55.229743,-132.924047,B_243,Dock shrimp,Pandalus danae,SHRDOC,SC,95,,,,,,,,,,,,,,,1,
7/26/2018,2018_L_01,North Pass,Low,55.229743,-132.924047,B_244,Dock shrimp,Pandalus danae,SHRDOC,SC,87,,,,,,,,,,,,,,,1,
7/26/2018,2018_L_01,North Pass,Low,55.229743,-132.924047,B_245,Dock shrimp,Pandalus danae,SHRDOC,SC,80,78,,,,,,,,,,,,,,2,
7/27/2018,2018_L_02,Natzuhini,Low,55.249258,-132.881141,B_250,Dock shrimp,Pandalus danae,SHRDOC,SC,90,85,,,,,,,,,,,,,,2,
7/27/2018,2018_L_02,Natzuhini,Low,55.249258,-132.881141,B_251,Dock shrimp,Pandalus danae,SHRDOC,SC,84,80,,,,,,,,,,,,,,2,
7/27/2018,2018_L_02,Natzuhini,Low,55.249258,-132.881141,B_252,Dock shrimp,Pandalus danae,SHRDOC,SC,85,,,,,,,,,,,,,,,1,
7/27/2018,2018_L_02,Natzuhini,Low,55.249258,-132.881141,B_253,Dock shrimp,Pandalus danae,SHRDOC,SC,80,,,,,,,,,,,,,,,1,
7/28/2018,2018_L_03,Sukkwan,Low,55.189095,-132.84324,B_267,Dock shrimp,Pandalus danae,SHRDOC,SC,80,82,,,,,,,,,,,,,,2,
7/28/2018,2018_L_03,Sukkwan,Low,55.189095,-132.84324,B_268,Dock shrimp,Pandalus danae,SHRDOC,SC,84,75,,,,,,,,,,,,,,2,
7/28/2018,2018_L_03,Sukkwan,Low,55.189095,-132.84324,B_269,Dock shrimp,Pandalus danae,SHRDOC,SC,75,74,,,,,,,,,,,,,,2,
7/29/2018,2018_H_01,Kaguk Cove,High,55.735283,-133.295189,B_293,Dock shrimp,Pandalus danae,SHRDOC,SC,83,,,,,,,,,,,,,,,1,
7/29/2018,2018_H_01,Kaguk Cove,High,55.735283,-133.295189,B_294,Dock shrimp,Pandalus danae,SHRDOC,SC,80,,,,,,,,,,,,,,,1,
7/29/2018,2018_H_01,Kaguk Cove,High,55.735283,-133.295189,B_295,Dock shrimp,Pandalus danae,SHRDOC,SC,85,,,,,,,,,,,,,,,1,
7/30/2018,2018_H_02,Guktu Cove,High,55.738953,-133.313514,B_320,Dock shrimp,Pandalus danae,SHRDOC,SC,88,,,,,,,,,,,,,,,1,
7/30/2018,2018_H_02,Guktu Cove,High,55.738953,-133.313514,B_321,Dock shrimp,Pandalus danae,SHRDOC,SC,90,,,,,,,,,,,,,,,1,
7/30/2018,2018_H_02,Guktu Cove,High,55.738953,-133.313514,B_322,Dock shrimp,Pandalus danae,SHRDOC,SC,89,,,,,,,,,,,,,,,1,
7/11/2018,2018_L_01,North Pass,Low,55.229743,-132.924047,B_015,Graceful crab,Metacarcinus gracilis,CRBDUN,SC,77,,,,,,,,,,,,,,M,1,
7/11/2018,2018_L_01,North Pass,Low,55.229743,-132.924047,B_016,Graceful crab,Metacarcinus gracilis,CRBDUN,SC,57,,,,,,,,,,,,,,M,1,
7/11/2018,2018_L_01,North Pass,Low,55.229743,-132.924047,B_017,Graceful crab,Metacarcinus gracilis,CRBDUN,SC,46,,,,,,,,,,,,,,M,1,
7/12/2018,2018_L_02,Natzuhini,Low,55.249258,-132.881141,B_055,Graceful crab,Metacarcinus gracilis,CRBDUN,SC,51,,,,,,,,,,,,,,M,1,
7/13/2018,2018_L_03,Sukkwan,Low,55.189095,-132.84324,B_094,Graceful crab,Metacarcinus gracilis,CRBDUN,SC,76,,,,,,,,,,,,,,M,1,
7/13/2018,2018_L_03,Sukkwan,Low,55.189095,-132.84324,B_095,Graceful crab,Metacarcinus gracilis,CRBDUN,SC,70,,,,,,,,,,,,,,M,1,
7/14/2018,2018_H_01,Kaguk Cove,High,55.735283,-133.295189,B_100,Graceful crab,Metacarcinus gracilis,CRBDUN,SC,37,35,40,,,,,,,,,,,,"F, F, F",3,
7/15/2018,2018_H_03,Nossuk Bay,High,55.706493,-133.341566,B_188,Graceful crab,Metacarcinus gracilis,CRBDUN,SC,79,,,,,,,,,,,,,,M,1,
7/15/2018,2018_H_03,Nossuk Bay,High,55.706493,-133.341566,B_189,Graceful crab,Metacarcinus gracilis,CRBDUN,SC,79,,,,,,,,,,,,,,M,1,
7/15/2018,2018_H_03,Nossuk Bay,High,55.706493,-133.341566,B_190,Graceful crab,Metacarcinus gracilis,CRBDUN,SC,73,,,,,,,,,,,,,,F,1,
7/22/2018,2018_H_01,Kaguk Cove,High,55.735283,-133.295189,B_195,Graceful crab,Metacarcinus gracilis,CRBDUN,SC,67,,,,,,,,,,,,,,M,1,
7/22/2018,2018_H_01,Kaguk Cove,High,55.735283,-133.295189,B_196,Graceful crab,Metacarcinus gracilis,CRBDUN,SC,59,,,,,,,,,,,,,,M,1,
7/22/2018,2018_H_01,Kaguk Cove,High,55.735283,-133.295189,B_197,Graceful crab,Metacarcinus gracilis,CRBDUN,SC,64,,,,,,,,,,,,,,M,1,
7/22/2018,2018_H_02,Guktu Cove,High,55.738953,-133.313514,B_204,Graceful crab,Metacarcinus gracilis,CRBDUN,SC,57,,,,,,,,,,,,,,M,1,
7/22/2018,2018_H_03,Nossuk Bay,High,55.706493,-133.341566,B_205,Graceful crab,Metacarcinus gracilis,CRBDUN,SC,63,,,,,,,,,,,,,,M,1,
7/22/2018,2018_H_03,Nossuk Bay,High,55.706493,-133.341566,B_206,Graceful crab,Metacarcinus gracilis,CRBDUN,SC,69,,,,,,,,,,,,,,M,1,
7/22/2018,2018_H_03,Nossuk Bay,High,55.706493,-133.341566,B_207,Graceful crab,Metacarcinus gracilis,CRBDUN,SC,63,,,,,,,,,,,,,,M,1,
7/29/2018,2018_L_01,North Pass,Low,55.229743,-132.924047,B_302,Graceful crab,Metacarcinus gracilis,CRBDUN,SC,73,,,,,,,,,,,,,,F,1,
7/29/2018,2018_L_01,North Pass,Low,55.229743,-132.924047,B_303,Dungeness crab,Metacarcinus magister,CRBDUN,SC,163,,,,,,,,,,,,,,M,1,
7/29/2018,2018_L_02,Natzuhini,Low,55.249258,-132.881141,B_307,Graceful crab,Metacarcinus gracilis,CRBDUN,SC,85,,,,,,,,,,,,,,M,1,
7/11/2018,2018_L_01,North Pass,Low,55.229743,-132.924047,B_024,Eelgrass,Zostera marina,EELGRS,PP,,,,,,,,,,,,,,,,,
7/11/2018,2018_L_01,North Pass,Low,55.229743,-132.924047,B_025,Eelgrass,Zostera marina,EELGRS,PP,,,,,,,,,,,,,,,,,
7/11/2018,2018_L_01,North Pass,Low,55.229743,-132.924047,B_026,Eelgrass,Zostera marina,EELGRS,PP,,,,,,,,,,,,,,,,,
7/12/2018,2018_L_02,Natzuhini,Low,55.249258,-132.881141,B_039,Eelgrass,Zostera marina,EELGRS,PP,,,,,,,,,,,,,,,,2,
7/12/2018,2018_L_02,Natzuhini,Low,55.249258,-132.881141,B_040,Eelgrass,Zostera marina,EELGRS,PP,,,,,,,,,,,,,,,,1,
7/12/2018,2018_L_02,Natzuhini,Low,55.249258,-132.881141,B_041,Eelgrass,Zostera marina,EELGRS,PP,,,,,,,,,,,,,,,,3,
7/13/2018,2018_L_03,Sukkwan,Low,55.189095,-132.84324,B_063,Eelgrass,Zostera marina,EELGRS,PP,,,,,,,,,,,,,,,,2,
7/13/2018,2018_L_03,Sukkwan,Low,55.189095,-132.84324,B_064,Eelgrass,Zostera marina,EELGRS,PP,,,,,,,,,,,,,,,,3,
7/13/2018,2018_L_03,Sukkwan,Low,55.189095,-132.84324,B_065,Eelgrass,Zostera marina,EELGRS,PP,,,,,,,,,,,,,,,,2,
7/14/2018,2018_H_01,Kaguk Cove,High,55.735283,-133.295189,B_104,Eelgrass,Zostera marina,EELGRS,PP,,,,,,,,,,,,,,,,1,
7/14/2018,2018_H_01,Kaguk Cove,High,55.735283,-133.295189,B_105,Eelgrass,Zostera marina,EELGRS,PP,,,,,,,,,,,,,,,,1,
7/14/2018,2018_H_01,Kaguk Cove,High,55.735283,-133.295189,B_106,Eelgrass,Zostera marina,EELGRS,PP,,,,,,,,,,,,,,,,1,
7/15/2018,2018_H_02,Guktu Cove,High,55.738953,-133.313514,B_130,Eelgrass,Zostera marina,EELGRS,PP,,,,,,,,,,,,,,,,1,
7/15/2018,2018_H_02,Guktu Cove,High,55.738953,-133.313514,B_131,Eelgrass,Zostera marina,EELGRS,PP,,,,,,,,,,,,,,,,1,
7/15/2018,2018_H_02,Guktu Cove,High,55.738953,-133.313514,B_132,Eelgrass,Zostera marina,EELGRS,PP,,,,,,,,,,,,,,,,1,
7/15/2018,2018_H_03,Nossuk Bay,High,55.706493,-133.341566,B_165,Eelgrass,Zostera marina,EELGRS,PP,,,,,,,,,,,,,,,,1,
7/15/2018,2018_H_03,Nossuk Bay,High,55.706493,-133.341566,B_166,Eelgrass,Zostera marina,EELGRS,PP,,,,,,,,,,,,,,,,1,
7/15/2018,2018_H_03,Nossuk Bay,High,55.706493,-133.341566,B_167,Eelgrass,Zostera marina,EELGRS,PP,,,,,,,,,,,,,,,,1,
7/29/2018,2018_H_01,Kaguk Cove,High,55.735283,-133.295189,B_278,Eelgrass diatoms,Diatoms,EELDIA,PP,,,,,,,,,,,,,,,,,
7/29/2018,2018_H_01,Kaguk Cove,High,55.735283,-133.295189,B_279,Eelgrass diatoms,Diatoms,EELDIA,PP,,,,,,,,,,,,,,,,,
7/29/2018,2018_H_01,Kaguk Cove,High,55.735283,-133.295189,B_280,Eelgrass diatoms,Diatoms,EELDIA,PP,,,,,,,,,,,,,,,,,
7/29/2018,2018_H_01,Kaguk Cove,High,55.735283,-133.295189,B_281,Eelgrass diatoms,Diatoms,EELDIA,PP,,,,,,,,,,,,,,,,,
7/29/2018,2018_H_01,Kaguk Cove,High,55.735283,-133.295189,B_282,Eelgrass diatoms,Diatoms,EELDIA,PP,,,,,,,,,,,,,,,,,
7/30/2018,2018_H_02,Guktu Cove,High,55.738953,-133.313514,B_318,Eelgrass diatoms,Diatoms,EELDIA,PP,,,,,,,,,,,,,,,,,
7/30/2018,2018_H_02,Guktu Cove,High,55.738953,-133.313514,B_319,Eelgrass diatoms,Diatoms,EELDIA,PP,,,,,,,,,,,,,,,,,
7/31/2018,2018_H_03,Nossuk Bay,High,55.706493,-133.341566,B_323,Eelgrass diatoms,Diatoms,EELDIA,PP,,,,,,,,,,,,,,,,,
8/2/2018,2018_L_01,North Pass,Low,55.229743,-132.924047,B_339,Eelgrass diatoms,Diatoms,EELDIA,PP,,,,,,,,,,,,,,,,1,
8/2/2018,2018_L_01,North Pass,Low,55.229743,-132.924047,B_340,Eelgrass diatoms,Diatoms,EELDIA,PP,,,,,,,,,,,,,,,,1,
8/2/2018,2018_L_03,Sukkwan,Low,55.189095,-132.84324,B_341,Eelgrass diatoms,Diatoms,EELDIA,PP,,,,,,,,,,,,,,,,1,
7/15/2018,2018_H_02,Guktu Cove,High,55.738953,-133.313514,B_145,epiphytic bryozoan,Bryazoa,EPIBRY,PP,,,,,,,,,,,,,,,,,
7/15/2018,2018_H_02,Guktu Cove,High,55.738953,-133.313514,B_146,epiphytic bryozoan,Bryazoa,EPIBRY,PP,,,,,,,,,,,,,,,,,
7/11/2018,2018_L_01,North Pass,Low,55.229743,-132.924047,B_005,Fucus,Fucus sp.,FUCUS,PP,,,,,,,,,,,,,,,,1,
7/11/2018,2018_L_01,North Pass,Low,55.229743,-132.924047,B_006,Fucus,Fucus sp.,FUCUS,PP,,,,,,,,,,,,,,,,1,
7/11/2018,2018_L_01,North Pass,Low,55.229743,-132.924047,B_007,Fucus,Fucus sp.,FUCUS,PP,,,,,,,,,,,,,,,,1,
7/12/2018,2018_L_02,Natzuhini,Low,55.249258,-132.881141,B_030,Fucus,Fucus sp.,FUCUS,PP,,,,,,,,,,,,,,,,,
7/12/2018,2018_L_02,Natzuhini,Low,55.249258,-132.881141,B_031,Fucus,Fucus sp.,FUCUS,PP,,,,,,,,,,,,,,,,,
7/12/2018,2018_L_02,Natzuhini,Low,55.249258,-132.881141,B_032,Fucus,Fucus sp.,FUCUS,PP,,,,,,,,,,,,,,,,,
7/13/2018,2018_L_03,Sukkwan,Low,55.189095,-132.84324,B_066,Fucus,Fucus sp.,FUCUS,PP,,,,,,,,,,,,,,,,1,
7/13/2018,2018_L_03,Sukkwan,Low,55.189095,-132.84324,B_067,Fucus,Fucus sp.,FUCUS,PP,,,,,,,,,,,,,,,,1,
7/13/2018,2018_L_03,Sukkwan,Low,55.189095,-132.84324,B_068,Fucus,Fucus sp.,FUCUS,PP,,,,,,,,,,,,,,,,1,
7/14/2018,2018_H_01,Kaguk Cove,High,55.735283,-133.295189,B_107,Fucus,Fucus sp.,FUCUS,PP,,,,,,,,,,,,,,,,1,
7/14/2018,2018_H_01,Kaguk Cove,High,55.735283,-133.295189,B_108,Fucus,Fucus sp.,FUCUS,PP,,,,,,,,,,,,,,,,1,
7/14/2018,2018_H_01,Kaguk Cove,High,55.735283,-133.295189,B_109,Fucus,Fucus sp.,FUCUS,PP,,,,,,,,,,,,,,,,1,
7/15/2018,2018_H_02,Guktu Cove,High,55.738953,-133.313514,B_136,Fucus,Fucus sp.,FUCUS,PP,,,,,,,,,,,,,,,,1,
7/15/2018,2018_H_02,Guktu Cove,High,55.738953,-133.313514,B_137,Fucus,Fucus sp.,FUCUS,PP,,,,,,,,,,,,,,,,1,
7/15/2018,2018_H_02,Guktu Cove,High,55.738953,-133.313514,B_138,Fucus,Fucus sp.,FUCUS,PP,,,,,,,,,,,,,,,,1,
7/15/2018,2018_H_03,Nossuk Bay,High,55.706493,-133.341566,B_168,Fucus,Fucus sp.,FUCUS,PP,,,,,,,,,,,,,,,,1,
7/15/2018,2018_H_03,Nossuk Bay,High,55.706493,-133.341566,B_169,Fucus,Fucus sp.,FUCUS,PP,,,,,,,,,,,,,,,,1,
7/15/2018,2018_H_03,Nossuk Bay,High,55.706493,-133.341566,B_170,Fucus,Fucus sp.,FUCUS,PP,,,,,,,,,,,,,,,,1,
7/24/2018,,Middle Island,,55.227565,-132.846907,B_211,Giant Kelp,Macrocystis pyrifera,GIAKLP,PP,,,,,,,,,,,,,,,,,reflectance measured
7/24/2018,,North Pass,,55.22581,-132.914743,B_215,Giant Kelp,Macrocystis pyrifera,GIAKLP,PP,,,,,,,,,,,,,,,,,reflectance measured
7/24/2018,,Sukkwan,,55.191531,-132.855816,B_219,Giant Kelp,Macrocystis pyrifera,GIAKLP,PP,,,,,,,,,,,,,,,,,reflectance measured
7/24/2018,,South Pass,,55.166267,-132.915787,B_220,Giant Kelp,Macrocystis pyrifera,GIAKLP,PP,,,,,,,,,,,,,,,,,reflectance measured
7/24/2018,,Sentinal Island,,55.178098,-133.009364,B_221,Giant Kelp,Macrocystis pyrifera,GIAKLP,PP,,,,,,,,,,,,,,,,,reflectance measured
7/25/2018,,Inner Fish Egg,,55.483447,-133.156271,B_222,Giant Kelp,Macrocystis pyrifera,GIAKLP,PP,,,,,,,,,,,,,,,,1,reflectance measured
7/25/2018,,South Fish Egg,,55.480232,-133.184794,B_223,Giant Kelp,Macrocystis pyrifera,GIAKLP,PP,,,,,,,,,,,,,,,,1,reflectance measured
7/25/2018,,Parida Reef,,55.508299,-133.24421,B_224,Giant Kelp,Macrocystis pyrifera,GIAKLP,PP,,,,,,,,,,,,,,,,1,reflectance measured
7/25/2018,,Blanquizal,,55.623874,-133.402649,B_225,Giant Kelp,Macrocystis pyrifera,GIAKLP,PP,,,,,,,,,,,,,,,,1,reflectance measured
7/25/2018,,Nossuk Anchorage,,55.742185,-133.348757,B_227,Giant Kelp,Macrocystis pyrifera,GIAKLP,PP,,,,,,,,,,,,,,,,1,reflectance measured
7/25/2018,,Karheen Passage,,55.778954,-133.309154,B_234,Giant Kelp,Macrocystis pyrifera,GIAKLP,PP,,,,,,,,,,,,,,,,1,reflectance measured
7/25/2018,,Tuxekan Narrows,,55.754406,-133.33555,B_235,Giant Kelp,Macrocystis pyrifera,GIAKLP,PP,,,,,,,,,,,,,,,,1,reflectance measured
7/25/2018,,Nossuk Bay Point,,55.736991,-133.384971,B_236,Giant Kelp,Macrocystis pyrifera,GIAKLP,PP,,,,,,,,,,,,,,,,1,reflectance measured
7/25/2018,,Outside Salt Lake Bay,,55.682091,-133.400818,B_237,Giant Kelp,Macrocystis pyrifera,GIAKLP,PP,,,,,,,,,,,,,,,,1,reflectance measured
7/25/2018,,Garcia Bay,,55.555683,-133.429965,B_238,Giant Kelp,Macrocystis pyrifera,GIAKLP,PP,,,,,,,,,,,,,,,,1,reflectance measured
7/13/2018,2018_L_03,Sukkwan,Low,55.189095,-132.84324,B_091,Helmet crab,Telmessus cheiragonus,CRBHEL,SC,37,,,,,,,,,,,,,,M,1,
7/13/2018,2018_L_03,Sukkwan,Low,55.189095,-132.84324,B_092,Helmet crab,Telmessus cheiragonus,CRBHEL,SC,42,,,,,,,,,,,,,,M,1,
7/13/2018,2018_L_03,Sukkwan,Low,55.189095,-132.84324,B_093,Helmet crab,Telmessus cheiragonus,CRBHEL,SC,37,,,,,,,,,,,,,,M,1,
7/14/2018,2018_H_01,Kaguk Cove,High,55.735283,-133.295189,B_096,Helmet crab,Telmessus cheiragonus,CRBHEL,SC,40,,,,,,,,,,,,,,M,1,
7/14/2018,2018_H_01,Kaguk Cove,High,55.735283,-133.295189,B_097,Helmet crab,Telmessus cheiragonus,CRBHEL,SC,35,,,,,,,,,,,,,,M,1,
7/14/2018,2018_H_01,Kaguk Cove,High,55.735283,-133.295189,B_098,Helmet crab,Telmessus cheiragonus,CRBHEL,SC,32,30,,,,,,,,,,,,,"F, M",2,
7/15/2018,2018_H_03,Nossuk Bay,High,55.706493,-133.341566,B_185,Helmet crab,Telmessus cheiragonus,CRBHEL,SC,46,,,,,,,,,,,,,,F,1,
7/15/2018,2018_H_03,Nossuk Bay,High,55.706493,-133.341566,B_186,Helmet crab,Telmessus cheiragonus,CRBHEL,SC,45,,,,,,,,,,,,,,F,1,
7/15/2018,2018_H_03,Nossuk Bay,High,55.706493,-133.341566,B_187,Helmet crab,Telmessus cheiragonus,CRBHEL,SC,45,,,,,,,,,,,,,,M,1,
7/22/2018,2018_H_01,Kaguk Cove,High,55.735283,-133.295189,B_198,Helmet crab,Telmessus cheiragonus,CRBHEL,SC,45,,,,,,,,,,,,,,M,1,
7/22/2018,2018_H_01,Kaguk Cove,High,55.735283,-133.295189,B_199,Helmet crab,Telmessus cheiragonus,CRBHEL,SC,51,,,,,,,,,,,,,,M,1,
7/22/2018,2018_H_01,Kaguk Cove,High,55.735283,-133.295189,B_200,Helmet crab,Telmessus cheiragonus,CRBHEL,SC,51,,,,,,,,,,,,,,M,1,
7/22/2018,2018_H_02,Guktu Cove,High,55.738953,-133.313514,B_201,Helmet crab,Telmessus cheiragonus,CRBHEL,SC,45,,,,,,,,,,,,,,M,1,
7/22/2018,2018_H_02,Guktu Cove,High,55.738953,-133.313514,B_202,Helmet crab,Telmessus cheiragonus,CRBHEL,SC,46,,,,,,,,,,,,,,M,1,
7/22/2018,2018_H_02,Guktu Cove,High,55.738953,-133.313514,B_203,Helmet crab,Telmessus cheiragonus,CRBHEL,SC,51,,,,,,,,,,,,,,M,1,
8/2/2018,2018_L_01,North Pass,Low,55.229743,-132.924047,B_348,Helmet crab,Telmessus cheiragonus,CRBHEL,SC,47,,,,,,,,,,,,,,,1,
7/11/2018,2018_L_01,North Pass,Low,55.229743,-132.924047,B_018,Idotea,Idotea_rascata,IDORES,PC,36,,,,,,,,,,,,,,,1,
7/11/2018,2018_L_01,North Pass,Low,55.229743,-132.924047,B_019,Idotea,Idotea_rascata,IDORES,PC,34,,,,,,,,,,,,,,,1,
7/11/2018,2018_L_01,North Pass,Low,55.229743,-132.924047,B_020,Idotea,Idotea_rascata,IDORES,PC,40,,,,,,,,,,,,,,,1,
7/12/2018,2018_L_02,Natzuhini,Low,55.249258,-132.881141,B_042,Idotea,Idotea_rascata,IDORES,PC,35,35,,,,,,,,,,,,,,2,
7/12/2018,2018_L_02,Natzuhini,Low,55.249258,-132.881141,B_043,Idotea,Idotea_rascata,IDORES,PC,34,37,,,,,,,,,,,,,,2,
7/12/2018,2018_L_02,Natzuhini,Low,55.249258,-132.881141,B_044,Idotea,Idotea_rascata,IDORES,PC,37,37,,,,,,,,,,,,,,2,
7/12/2018,2018_L_02,Natzuhini,Low,55.249258,-132.881141,B_045,Idotea,Idotea_rascata,IDORES,PC,28,32,,,,,,,,,,,,,,2,
7/12/2018,2018_L_02,Natzuhini,Low,55.249258,-132.881141,B_046,Idotea,Idotea_rascata,IDORES,PC,26,35,,,,,,,,,,,,,,2,
7/13/2018,2018_L_03,Sukkwan,Low,55.189095,-132.84324,B_077,Idotea,Idotea_rascata,IDORES,PC,26,25,28,28,,,,,,,,,,,,4,
7/13/2018,2018_L_03,Sukkwan,Low,55.189095,-132.84324,B_078,Idotea,Idotea_rascata,IDORES,PC,31,32,33,35,,,,,,,,,,,,4,
7/13/2018,2018_L_03,Sukkwan,Low,55.189095,-132.84324,B_079,Idotea,Idotea_rascata,IDORES,PC,38,38,37,,,,,,,,,,,,,3,
7/14/2018,2018_H_01,Kaguk Cove,High,55.735283,-133.295189,B_116,Idotea,Idotea_rascata,IDORES,PC,33,31,33,,,,,,,,,,,,,3,
7/14/2018,2018_H_01,Kaguk Cove,High,55.735283,-133.295189,B_117,Idotea,Idotea_rascata,IDORES,PC,37,37,,,,,,,,,,,,,,2,
7/14/2018,2018_H_01,Kaguk Cove,High,55.735283,-133.295189,B_118,Idotea,Idotea_rascata,IDORES,PC,28,30,32,32,,,,,,,,,,,,4,
7/15/2018,2018_H_02,Guktu Cove,High,55.738953,-133.313514,B_150,Idotea,Idotea_rascata,IDORES,PC,45,37,,,,,,,,,,,,,,2,
7/15/2018,2018_H_02,Guktu Cove,High,55.738953,-133.313514,B_151,Idotea,Idotea_rascata,IDORES,PC,29,30,29,30,,,,,,,,,,,,4,
7/15/2018,2018_H_02,Guktu Cove,High,55.738953,-133.313514,B_152,Idotea,Idotea_rascata,IDORES,PC,30,28,27,33,27,,,,,,,,,,,5,
7/15/2018,2018_H_03,Nossuk Bay,High,55.706493,-133.341566,B_179,Idotea,Idotea_rascata,IDORES,PC,39,39,,,,,,,,,,,,,,2,
7/15/2018,2018_H_03,Nossuk Bay,High,55.706493,-133.341566,B_180,Idotea,Idotea_rascata,IDORES,PC,41,39,,,,,,,,,,,,,,2,
7/15/2018,2018_H_03,Nossuk Bay,High,55.706493,-133.341566,B_181,Idotea,Idotea_rascata,IDORES,PC,36,36,37,,,,,,,,,,,,,3,
7/14/2018,2018_H_01,Kaguk Cove,High,55.735283,-133.295189,B_099,Kelp crab,Pugettia producta,CRBKLP,SC,40,,,,,,,,,,,,,,M,1,
7/11/2018,2018_L_01,North Pass,Low,55.229743,-132.924047,B_023,Limpet,Lottia_sp,LIMPET,PC,,,,,,,,,,,,,,,,29,
7/12/2018,2018_L_02,Natzuhini,Low,55.249258,-132.881141,B_056,Limpet,Lottia_sp,LIMPET,PC,,,,,,,,,,,,,,,,72,homogenized acorss 218 specimens
7/12/2018,2018_L_02,Natzuhini,Low,55.249258,-132.881141,B_057,Limpet,Lottia_sp,LIMPET,PC,,,,,,,,,,,,,,,,72,homogenized acorss 218 specimens
7/12/2018,2018_L_02,Natzuhini,Low,55.249258,-132.881141,B_058,Limpet,Lottia_sp,LIMPET,PC,,,,,,,,,,,,,,,,72,homogenized acorss 218 specimens
7/13/2018,2018_L_03,Sukkwan,Low,55.189095,-132.84324,B_088,Limpet,Lottia_sp,LIMPET,PC,,,,,,,,,,,,,,,,66,
7/13/2018,2018_L_03,Sukkwan,Low,55.189095,-132.84324,B_089,Limpet,Lottia_sp,LIMPET,PC,,,,,,,,,,,,,,,,64,
7/14/2018,2018_H_01,Kaguk Cove,High,55.735283,-133.295189,B_113,Limpet,Lottia_sp,LIMPET,PC,,,,,,,,,,,,,,,,79,
7/14/2018,2018_H_01,Kaguk Cove,High,55.735283,-133.295189,B_114,Limpet,Lottia_sp,LIMPET,PC,,,,,,,,,,,,,,,,70,
7/14/2018,2018_H_01,Kaguk Cove,High,55.735283,-133.295189,B_115,Limpet,Lottia_sp,LIMPET,PC,,,,,,,,,,,,,,,,102,
7/15/2018,2018_H_02,Guktu Cove,High,55.738953,-133.313514,B_142,Limpet,Lottia_sp,LIMPET,PC,,,,,,,,,,,,,,,,59,
7/15/2018,2018_H_02,Guktu Cove,High,55.738953,-133.313514,B_143,Limpet,Lottia_sp,LIMPET,PC,,,,,,,,,,,,,,,,64,
7/15/2018,2018_H_02,Guktu Cove,High,55.738953,-133.313514,B_144,Limpet,Lottia_sp,LIMPET,PC,,,,,,,,,,,,,,,,65,
7/15/2018,2018_H_03,Nossuk Bay,High,55.706493,-133.341566,B_171,Limpet,Lottia_sp,LIMPET,PC,,,,,,,,,,,,,,,,151,
7/15/2018,2018_H_03,Nossuk Bay,High,55.706493,-133.341566,B_172,Limpet,Lottia_sp,LIMPET,PC,,,,,,,,,,,,,,,,78,
7/28/2018,2018_L_03,Sukkwan,Low,55.189095,-132.84324,B_266,Limpet,Lottia_sp,LIMPET,PC,,,,,,,,,,,,,,,,85,
7/12/2018,2018_L_02,Natzuhini,Low,55.249258,-132.881141,B_050,Macoma sp.,Macoma sp.,CLMMAC,PC,38,37,37,,,,,,,,,,,,,3,
7/12/2018,2018_L_02,Natzuhini,Low,55.249258,-132.881141,B_051,Macoma sp.,Macoma sp.,CLMMAC,PC,34,34,34,,,,,,,,,,,,,3,
7/12/2018,2018_L_02,Natzuhini,Low,55.249258,-132.881141,B_052,Macoma sp.,Macoma sp.,CLMMAC,PC,21,20,18,37,,,,,,,,,,,,4,
8/2/2018,2018_L_03,Sukkwan,Low,55.189095,-132.84324,B_342,Macoma sp.,Macoma sp.,CLMMAC,PC,44,37,41,30,,,,,,,,,,,,4,
8/2/2018,2018_L_01,North Pass,Low,55.229743,-132.924047,B_346,Macoma sp.,Macoma sp.,CLMMAC,PC,44,,,,,,,,,,,,,,,1,
7/11/2018,2018_L_01,North Pass,Low,55.229743,-132.924047,B_011,Micophytobenthos,Micophytobenthos,MCPHYT,PP,,,,,,,,,,,,,,,,,
7/11/2018,2018_L_01,North Pass,Low,55.229743,-132.924047,B_012,Micophytobenthos,Micophytobenthos,MCPHYT,PP,,,,,,,,,,,,,,,,,
7/11/2018,2018_L_01,North Pass,Low,55.229743,-132.924047,B_013,Micophytobenthos,Micophytobenthos,MCPHYT,PP,,,,,,,,,,,,,,,,,
7/12/2018,2018_L_02,Natzuhini,Low,55.249258,-132.881141,B_027,Micophytobenthos,Micophytobenthos,MCPHYT,PP,,,,,,,,,,,,,,,,,
7/12/2018,2018_L_02,Natzuhini,Low,55.249258,-132.881141,B_028,Micophytobenthos,Micophytobenthos,MCPHYT,PP,,,,,,,,,,,,,,,,,
7/12/2018,2018_L_02,Natzuhini,Low,55.249258,-132.881141,B_029,Micophytobenthos,Micophytobenthos,MCPHYT,PP,,,,,,,,,,,,,,,,,
7/13/2018,2018_L_03,Sukkwan,Low,55.189095,-132.84324,B_072,Nereid worm,Nereidae,NEREID,SC,,,,,,,,,,,,,,,,1,
7/14/2018,2018_H_01,Kaguk Cove,High,55.735283,-133.295189,B_124,Nereid worm,Nereidae,NEREID,SC,,,,,,,,,,,,,,,,2,
7/14/2018,2018_H_01,Kaguk Cove,High,55.735283,-133.295189,B_125,Nereid worm,Nereidae,NEREID,SC,,,,,,,,,,,,,,,,1,
8/2/2018,2018_L_01,North Pass,Low,55.229743,-132.924047,B_347,Nereid worm,Nereidae,NEREID,SC,,,,,,,,,,,,,,,,1,
7/24/2018,2018_L_02,Natzuhini,Low,55.249258,-132.881141,B_208,Particulate organic matter,Particulate organic matter,POM,PP,,,,,,,,,,,,,,,,,
7/24/2018,2018_L_02,Natzuhini,Low,55.249258,-132.881141,B_209,Particulate organic matter,Particulate organic matter,POM,PP,,,,,,,,,,,,,,,,,
7/24/2018,2018_L_02,Natzuhini,Low,55.249258,-132.881141,B_210,Particulate organic matter,Particulate organic matter,POM,PP,,,,,,,,,,,,,,,,,
7/24/2018,2018_L_01,North Pass,Low,55.229743,-132.924047,B_212,Particulate organic matter,Particulate organic matter,POM,PP,,,,,,,,,,,,,,,,,
7/24/2018,2018_L_01,North Pass,Low,55.229743,-132.924047,B_213,Particulate organic matter,Particulate organic matter,POM,PP,,,,,,,,,,,,,,,,,
7/24/2018,2018_L_01,North Pass,Low,55.229743,-132.924047,B_214,Particulate organic matter,Particulate organic matter,POM,PP,,,,,,,,,,,,,,,,,
7/24/2018,2018_L_03,Sukkwan,Low,55.189095,-132.84324,B_216,Particulate organic matter,Particulate organic matter,POM,PP,,,,,,,,,,,,,,,,,
7/24/2018,2018_L_03,Sukkwan,Low,55.189095,-132.84324,B_217,Particulate organic matter,Particulate organic matter,POM,PP,,,,,,,,,,,,,,,,,
7/24/2018,2018_L_03,Sukkwan,Low,55.189095,-132.84324,B_218,Particulate organic matter,Particulate organic matter,POM,PP,,,,,,,,,,,,,,,,,
7/25/2018,2018_H_03,Nossuk Bay,High,55.706493,-133.341566,B_226,Particulate organic matter,Particulate organic matter,POM,PP,,,,,,,,,,,,,,,,,"very low visability, likley coccolithophore bloom"
7/25/2018,2018_H_02,Guktu Cove,High,55.738953,-133.313514,B_228,Particulate organic matter,Particulate organic matter,POM,PP,,,,,,,,,,,,,,,,,
7/25/2018,2018_H_02,Guktu Cove,High,55.738953,-133.313514,B_229,Particulate organic matter,Particulate organic matter,POM,PP,,,,,,,,,,,,,,,,,
7/25/2018,2018_H_02,Guktu Cove,High,55.738953,-133.313514,B_230,Particulate organic matter,Particulate organic matter,POM,PP,,,,,,,,,,,,,,,,,
7/25/2018,2018_H_01,Kaguk Cove,High,55.735283,-133.295189,B_231,Particulate organic matter,Particulate organic matter,POM,PP,,,,,,,,,,,,,,,,,
7/25/2018,2018_H_01,Kaguk Cove,High,55.735283,-133.295189,B_232,Particulate organic matter,Particulate organic matter,POM,PP,,,,,,,,,,,,,,,,,
7/25/2018,2018_H_01,Kaguk Cove,High,55.735283,-133.295189,B_233,Particulate organic matter,Particulate organic matter,POM,PP,,,,,,,,,,,,,,,,,
7/11/2018,2018_L_01,North Pass,Low,55.229743,-132.924047,B_004,Pointed Macoma,Macoma inquinata,CLMPOI,PC,38,39,39,34,41,36,,,,,,,,,,6,
7/13/2018,2018_L_03,Sukkwan,Low,55.189095,-132.84324,B_086,Pointed Macoma,Macoma inquinata,CLMPOI,PC,53,50,43,42,31,,,,,,,,,,,5,
7/13/2018,2018_L_03,Sukkwan,Low,55.189095,-132.84324,B_087,Pointed Macoma,Macoma inquinata,CLMPOI,PC,21,26,28,27,30,33,35,25,,,,,,,,8,
7/14/2018,2018_H_01,Kaguk Cove,High,55.735283,-133.295189,B_123,Pointed Macoma,Macoma inquinata,CLMPOI,PC,32,30,30,30,27,,,,,,,,,,,5,
7/15/2018,2018_H_02,Guktu Cove,High,55.738953,-133.313514,B_156,Pointed Macoma,Macoma inquinata,CLMPOI,PC,36,38,32,29,25,25,22,22,21,23,,,,,,10,
7/15/2018,2018_H_03,Nossuk Bay,High,55.706493,-133.341566,B_184,Pointed Macoma,Macoma inquinata,CLMPOI,PC,39,36,22,,,,,,,,,,,,,3,
7/11/2018,2018_L_01,North Pass,Low,55.229743,-132.924047,B_014,Red rock crab,Cancer productus,CRBRR,SC,131,,,,,,,,,,,,,,M,1,
7/12/2018,2018_L_02,Natzuhini,Low,55.249258,-132.881141,B_053,Red rock crab,Cancer productus,CRBRR,SC,138,,,,,,,,,,,,,,M,1,
7/12/2018,2018_L_02,Natzuhini,Low,55.249258,-132.881141,B_054,Red rock crab,Cancer productus,CRBRR,SC,66,,,,,,,,,,,,,,M,1,
7/13/2018,2018_L_03,Sukkwan,Low,55.189095,-132.84324,B_090,Red rock crab,Cancer productus,CRBRR,SC,146,,,,,,,,,,,,,,M,1,
7/29/2018,2018_L_03,Sukkwan,Low,55.189095,-132.84324,B_296,Red rock crab,Cancer productus,CRBRR,SC,156,,,,,,,,,,,,,,M,1,
7/29/2018,2018_L_03,Sukkwan,Low,55.189095,-132.84324,B_297,Red rock crab,Cancer productus,CRBRR,SC,150,,,,,,,,,,,,,,M,1,
7/29/2018,2018_L_03,Sukkwan,Low,55.189095,-132.84324,B_298,Red rock crab,Cancer productus,CRBRR,SC,162,,,,,,,,,,,,,,M,1,
7/29/2018,2018_L_01,North Pass,Low,55.229743,-132.924047,B_299,Red rock crab,Cancer productus,CRBRR,SC,145,,,,,,,,,,,,,,M,1,
7/29/2018,2018_L_01,North Pass,Low,55.229743,-132.924047,B_300,Red rock crab,Cancer productus,CRBRR,SC,164,,,,,,,,,,,,,,M,1,
7/29/2018,2018_L_01,North Pass,Low,55.229743,-132.924047,B_301,Red rock crab,Cancer productus,CRBRR,SC,154,,,,,,,,,,,,,,M,1,
7/29/2018,2018_L_02,Natzuhini,Low,55.249258,-132.881141,B_304,Red rock crab,Cancer productus,CRBRR,SC,148,,,,,,,,,,,,,,M,1,
7/29/2018,2018_L_02,Natzuhini,Low,55.249258,-132.881141,B_305,Red rock crab,Cancer productus,CRBRR,SC,154,,,,,,,,,,,,,,M,1,
7/29/2018,2018_L_02,Natzuhini,Low,55.249258,-132.881141,B_306,Red rock crab,Cancer productus,CRBRR,SC,148,,,,,,,,,,,,,,M,1,
7/13/2018,2018_L_03,Sukkwan,Low,55.189095,-132.84324,B_073,Sabellid worm,Sabellidae,SEBEL,PC,,,,,,,,,,,,,,,,2,
7/26/2018,2018_L_01,North Pass,Low,55.229743,-132.924047,B_239,Shiner perch,Cymatogaster aggregata,PERCHSH,SC,118,,,,,,,,,,,,,,F,1,CYAG_5
7/26/2018,2018_L_01,North Pass,Low,55.229743,-132.924047,B_240,Shiner perch,Cymatogaster aggregata,PERCHSH,SC,116,,,,,,,,,,,,,,F,1,CYAG_6
7/26/2018,2018_L_01,North Pass,Low,55.229743,-132.924047,B_241,Shiner perch,Cymatogaster aggregata,PERCHSH,SC,118,,,,,,,,,,,,,,F,1,CTAG_7
7/27/2018,2018_L_02,Natzuhini,Low,55.249258,-132.881141,B_257,Shiner perch,Cymatogaster aggregata,PERCHSH,SC,114,,,,,,,,,,,,,,M,1,CYAG_15
7/27/2018,2018_L_02,Natzuhini,Low,55.249258,-132.881141,B_258,Shiner perch,Cymatogaster aggregata,PERCHSH,SC,112,,,,,,,,,,,,,,M,1,CYAG_16
7/27/2018,2018_L_02,Natzuhini,Low,55.249258,-132.881141,B_259,Shiner perch,Cymatogaster aggregata,PERCHSH,SC,124,,,,,,,,,,,,,,M,1,CYAG_17
7/27/2018,2018_L_02,Natzuhini,Low,55.249258,-132.881141,B_260,Shiner perch,Cymatogaster aggregata,PERCHSH,SC,124,,,,,,,,,,,,,,F,1,CYAG_19
7/27/2018,2018_L_02,Natzuhini,Low,55.249258,-132.881141,B_261,Shiner perch,Cymatogaster aggregata,PERCHSH,SC,120,,,,,,,,,,,,,,F,1,CYAG_20
7/28/2018,2018_L_03,Sukkwan,Low,55.189095,-132.84324,B_270,Shiner perch,Cymatogaster aggregata,PERCHSH,SC,123,,,,,,,,,,,,,,,1,CYAG_26
7/28/2018,2018_L_03,Sukkwan,Low,55.189095,-132.84324,B_271,Shiner perch,Cymatogaster aggregata,PERCHSH,SC,129,,,,,,,,,,,,,,,1,CYAG_27
7/28/2018,2018_L_03,Sukkwan,Low,55.189095,-132.84324,B_272,Shiner perch,Cymatogaster aggregata,PERCHSH,SC,120,,,,,,,,,,,,,,,1,CYAG_28
7/29/2018,2018_H_01,Kaguk Cove,High,55.735283,-133.295189,B_283,Shiner perch,Cymatogaster aggregata,PERCHSH,SC,137,,,,,,,,,,,,,,M,1,
7/29/2018,2018_H_01,Kaguk Cove,High,55.735283,-133.295189,B_284,Shiner perch,Cymatogaster aggregata,PERCHSH,SC,123,,,,,,,,,,,,,,M,1,
7/29/2018,2018_H_01,Kaguk Cove,High,55.735283,-133.295189,B_285,Shiner perch,Cymatogaster aggregata,PERCHSH,SC,122,,,,,,,,,,,,,,M,1,
7/30/2018,2018_H_02,Guktu Cove,High,55.738953,-133.313514,B_308,Shiner perch,Cymatogaster aggregata,PERCHSH,SC,120,,,,,,,,,,,,,,F,1,CYAG_45
7/30/2018,2018_H_02,Guktu Cove,High,55.738953,-133.313514,B_309,Shiner perch,Cymatogaster aggregata,PERCHSH,SC,135,,,,,,,,,,,,,,M,1,CYAG_46
7/30/2018,2018_H_02,Guktu Cove,High,55.738953,-133.313514,B_310,Shiner perch,Cymatogaster aggregata,PERCHSH,SC,127,,,,,,,,,,,,,,F,1,CYAG_47
7/31/2018,2018_H_03,Nossuk Bay,High,55.706493,-133.341566,B_324,Shiner perch,Cymatogaster aggregata,PERCHSH,SC,141,,,,,,,,,,,,,,M,1,CYAG_53
7/31/2018,2018_H_03,Nossuk Bay,High,55.706493,-133.341566,B_325,Shiner perch,Cymatogaster aggregata,PERCHSH,SC,118,,,,,,,,,,,,,,M,1,CYAG_54
7/31/2018,2018_H_03,Nossuk Bay,High,55.706493,-133.341566,B_326,Shiner perch,Cymatogaster aggregata,PERCHSH,SC,127,,,,,,,,,,,,,,M,1,CYAG_55
7/31/2018,2018_H_03,Nossuk Bay,High,55.706493,-133.341566,B_327,Shiner perch,Cymatogaster aggregata,PERCHSH,SC,143,,,,,,,,,,,,,,M,1,CYAG_56
7/27/2018,2018_L_02,Natzuhini,Low,55.249258,-132.881141,B_254,Snake prickleback,Lumpenus sagitta,PRICKSN,SC,245,,,,,,,,,,,,,,,1,
7/27/2018,2018_L_02,Natzuhini,Low,55.249258,-132.881141,B_255,Snake prickleback,Lumpenus sagitta,PRICKSN,SC,221,,,,,,,,,,,,,,,1,
7/27/2018,2018_L_02,Natzuhini,Low,55.249258,-132.881141,B_256,Snake prickleback,Lumpenus sagitta,PRICKSN,SC,190,,,,,,,,,,,,,,,1,
7/28/2018,2018_L_03,Sukkwan,Low,55.189095,-132.84324,B_273,Snake prickleback,Lumpenus sagitta,PRICKSN,SC,150,,,,,,,,,,,,,,,1,
7/28/2018,2018_L_03,Sukkwan,Low,55.189095,-132.84324,B_274,Snake prickleback,Lumpenus sagitta,PRICKSN,SC,94,87,83,,,,,,,,,,,,,1,
7/29/2018,2018_H_01,Kaguk Cove,High,55.735283,-133.295189,B_289,Snake prickleback,Lumpenus sagitta,PRICKSN,SC,202,,,,,,,,,,,,,,,1,
7/29/2018,2018_H_01,Kaguk Cove,High,55.735283,-133.295189,B_290,Snake prickleback,Lumpenus sagitta,PRICKSN,SC,186,,,,,,,,,,,,,,,1,
7/29/2018,2018_H_01,Kaguk Cove,High,55.735283,-133.295189,B_291,Snake prickleback,Lumpenus sagitta,PRICKSN,SC,145,,,,,,,,,,,,,,,1,
7/29/2018,2018_H_01,Kaguk Cove,High,55.735283,-133.295189,B_292,Snake prickleback,Lumpenus sagitta,PRICKSN,SC,145,,,,,,,,,,,,,,,1,
7/30/2018,2018_H_02,Guktu Cove,High,55.738953,-133.313514,B_314,Snake prickleback,Lumpenus sagitta,PRICKSN,SC,175,,,,,,,,,,,,,,,1,
7/30/2018,2018_H_02,Guktu Cove,High,55.738953,-133.313514,B_315,Snake prickleback,Lumpenus sagitta,PRICKSN,SC,163,,,,,,,,,,,,,,,1,
7/30/2018,2018_H_02,Guktu Cove,High,55.738953,-133.313514,B_316,Snake prickleback,Lumpenus sagitta,PRICKSN,SC,187,,,,,,,,,,,,,,,1,
7/30/2018,2018_H_02,Guktu Cove,High,55.738953,-133.313514,B_317,Snake prickleback,Lumpenus sagitta,PRICKSN,SC,135,,,,,,,,,,,,,,,1,
7/31/2018,2018_H_03,Nossuk Bay,High,55.706493,-133.341566,B_332,Snake prickleback,Lumpenus sagitta,PRICKSN,SC,214,,,,,,,,,,,,,,,1,
7/31/2018,2018_H_03,Nossuk Bay,High,55.706493,-133.341566,B_333,Snake prickleback,Lumpenus sagitta,PRICKSN,SC,165,,,,,,,,,,,,,,,1,
7/31/2018,2018_H_03,Nossuk Bay,High,55.706493,-133.341566,B_334,Snake prickleback,Lumpenus sagitta,PRICKSN,SC,215,,,,,,,,,,,,,,,1,
7/31/2018,2018_H_03,Nossuk Bay,High,55.706493,-133.341566,B_335,Snake prickleback,Lumpenus sagitta,PRICKSN,SC,195,,,,,,,,,,,,,,,1,
7/11/2018,2018_L_01,North Pass,Low,55.229743,-132.924047,B_021,Spaghetti worm,Terebellidae,TEREB,PC,,,,,,,,,,,,,,,,1,
7/11/2018,2018_L_01,North Pass,Low,55.229743,-132.924047,B_022,Spaghetti worm,Terebellidae,TEREB,PC,,,,,,,,,,,,,,,,1,
7/12/2018,2018_L_02,Natzuhini,Low,55.249258,-132.881141,B_059,Spaghetti worm,Terebellidae,TEREB,PC,,,,,,,,,,,,,,,,1,
7/13/2018,2018_L_03,Sukkwan,Low,55.189095,-132.84324,B_074,Spaghetti worm,Terebellidae,TEREB,PC,,,,,,,,,,,,,,,,1,
7/13/2018,2018_L_03,Sukkwan,Low,55.189095,-132.84324,B_075,Spaghetti worm,Terebellidae,TEREB,PC,,,,,,,,,,,,,,,,1,
7/13/2018,2018_L_03,Sukkwan,Low,55.189095,-132.84324,B_076,Spaghetti worm,Terebellidae,TEREB,PC,,,,,,,,,,,,,,,,1,
7/14/2018,2018_H_01,Kaguk Cove,High,55.735283,-133.295189,B_126,Spaghetti worm,Terebellidae,TEREB,PC,,,,,,,,,,,,,,,,4,
7/14/2018,2018_H_01,Kaguk Cove,High,55.735283,-133.295189,B_127,Spaghetti worm,Terebellidae,TEREB,PC,,,,,,,,,,,,,,,,3,
7/14/2018,2018_H_01,Kaguk Cove,High,55.735283,-133.295189,B_128,Spaghetti worm,Terebellidae,TEREB,PC,,,,,,,,,,,,,,,,4,
7/14/2018,2018_H_01,Kaguk Cove,High,55.735283,-133.295189,B_129,Spaghetti worm,Terebellidae,TEREB,PC,,,,,,,,,,,,,,,,3,
7/15/2018,2018_H_02,Guktu Cove,High,55.738953,-133.313514,B_147,Spaghetti worm,Terebellidae,TEREB,PC,,,,,,,,,,,,,,,,1,
7/15/2018,2018_H_02,Guktu Cove,High,55.738953,-133.313514,B_148,Spaghetti worm,Terebellidae,TEREB,PC,,,,,,,,,,,,,,,,1,
7/15/2018,2018_H_02,Guktu Cove,High,55.738953,-133.313514,B_149,Spaghetti worm,Terebellidae,TEREB,PC,,,,,,,,,,,,,,,,1,
7/15/2018,2018_H_03,Nossuk Bay,High,55.706493,-133.341566,B_173,Spaghetti worm,Terebellidae,TEREB,PC,,,,,,,,,,,,,,,,2,
7/15/2018,2018_H_03,Nossuk Bay,High,55.706493,-133.341566,B_174,Spaghetti worm,Terebellidae,TEREB,PC,,,,,,,,,,,,,,,,2,
7/15/2018,2018_H_03,Nossuk Bay,High,55.706493,-133.341566,B_175,Spaghetti worm,Terebellidae,TEREB,PC,,,,,,,,,,,,,,,,2,
7/27/2018,2018_L_02,Natzuhini,Low,55.249258,-132.881141,B_249,Spaghetti worm,Terebellidae,TEREB,PC,,,,,,,,,,,,,,,,3,
7/22/2018,2018_H_02,Guktu Cove,High,55.738953,-133.313514,B_191,Staghorn sculpin,Leptocottus armatus,SCULPSTG,SC,165,,,,,,,,,,,,,,,1,
7/22/2018,2018_H_02,Guktu Cove,High,55.738953,-133.313514,B_192,Staghorn sculpin,Leptocottus armatus,SCULPSTG,SC,164,,,,,,,,,,,,,,,1,
7/22/2018,2018_H_02,Guktu Cove,High,55.738953,-133.313514,B_193,Staghorn sculpin,Leptocottus armatus,SCULPSTG,SC,158,,,,,,,,,,,,,,,1,
7/22/2018,2018_H_02,Guktu Cove,High,55.738953,-133.313514,B_194,Staghorn sculpin,Leptocottus armatus,SCULPSTG,SC,148,,,,,,,,,,,,,,,1,
7/26/2018,2018_L_01,North Pass,Low,55.229743,-132.924047,B_246,Staghorn sculpin,Leptocottus armatus,SCULPSTG,SC,132,,,,,,,,,,,,,,,1,LEAR_11
7/26/2018,2018_L_01,North Pass,Low,55.229743,-132.924047,B_247,Staghorn sculpin,Leptocottus armatus,SCULPSTG,SC,116,,,,,,,,,,,,,,,1,LEAR_12
7/26/2018,2018_L_01,North Pass,Low,55.229743,-132.924047,B_248,Staghorn sculpin,Leptocottus armatus,SCULPSTG,SC,108,,,,,,,,,,,,,,,1,LEAR_13
7/27/2018,2018_L_02,Natzuhini,Low,55.249258,-132.881141,B_262,Staghorn sculpin,Leptocottus armatus,SCULPSTG,SC,182,,,,,,,,,,,,,,,1,LEAR_14
7/27/2018,2018_L_02,Natzuhini,Low,55.249258,-132.881141,B_263,Staghorn sculpin,Leptocottus armatus,SCULPSTG,SC,213,,,,,,,,,,,,,,,1,LEAR_15
7/27/2018,2018_L_02,Natzuhini,Low,55.249258,-132.881141,B_264,Staghorn sculpin,Leptocottus armatus,SCULPSTG,SC,148,,,,,,,,,,,,,,,1,LEAR_18
7/27/2018,2018_L_02,Natzuhini,Low,55.249258,-132.881141,B_265,Staghorn sculpin,Leptocottus armatus,SCULPSTG,SC,195,,,,,,,,,,,,,,,1,LEAR_19
7/28/2018,2018_L_03,Sukkwan,Low,55.189095,-132.84324,B_275,Staghorn sculpin,Leptocottus armatus,SCULPSTG,SC,128,,,,,,,,,,,,,,,1,LEAR_20
7/28/2018,2018_L_03,Sukkwan,Low,55.189095,-132.84324,B_276,Staghorn sculpin,Leptocottus armatus,SCULPSTG,SC,132,,,,,,,,,,,,,,,1,LEAR_22
7/28/2018,2018_L_03,Sukkwan,Low,55.189095,-132.84324,B_277,Staghorn sculpin,Leptocottus armatus,SCULPSTG,SC,136,,,,,,,,,,,,,,,1,LEAR_23
7/29/2018,2018_H_01,Kaguk Cove,High,55.735283,-133.295189,B_286,Staghorn sculpin,Leptocottus armatus,SCULPSTG,SC,191,,,,,,,,,,,,,,,1,
7/29/2018,2018_H_01,Kaguk Cove,High,55.735283,-133.295189,B_287,Staghorn sculpin,Leptocottus armatus,SCULPSTG,SC,164,,,,,,,,,,,,,,,1,
7/29/2018,2018_H_01,Kaguk Cove,High,55.735283,-133.295189,B_288,Staghorn sculpin,Leptocottus armatus,SCULPSTG,SC,182,,,,,,,,,,,,,,,1,
7/30/2018,2018_H_02,Guktu Cove,High,55.738953,-133.313514,B_311,Staghorn sculpin,Leptocottus armatus,SCULPSTG,SC,110,,,,,,,,,,,,,,,1,LEAR_35
7/30/2018,2018_H_02,Guktu Cove,High,55.738953,-133.313514,B_312,Staghorn sculpin,Leptocottus armatus,SCULPSTG,SC,95,,,,,,,,,,,,,,,1,LEAR_36
7/30/2018,2018_H_02,Guktu Cove,High,55.738953,-133.313514,B_313,Staghorn sculpin,Leptocottus armatus,SCULPSTG,SC,105,,,,,,,,,,,,,,,1,LEAR_37
7/31/2018,2018_H_03,Nossuk Bay,High,55.706493,-133.341566,B_328,Staghorn sculpin,Leptocottus armatus,SCULPSTG,SC,205,,,,,,,,,,,,,,,1,LEAR_49
7/31/2018,2018_H_03,Nossuk Bay,High,55.706493,-133.341566,B_329,Staghorn sculpin,Leptocottus armatus,SCULPSTG,SC,150,,,,,,,,,,,,,,,1,LEAR_50
7/31/2018,2018_H_03,Nossuk Bay,High,55.706493,-133.341566,B_330,Staghorn sculpin,Leptocottus armatus,SCULPSTG,SC,146,,,,,,,,,,,,,,,1,LEAR_52
7/31/2018,2018_H_03,Nossuk Bay,High,55.706493,-133.341566,B_331,Staghorn sculpin,Leptocottus armatus,SCULPSTG,SC,141,,,,,,,,,,,,,,,1,LEAR_57
7/31/2018,2018_H_02,Guktu Cove,High,55.738953,-133.313514,B_336,Staghorn sculpin,Leptocottus armatus,SCULPSTG,SC,171,,,,,,,,,,,,,,,1,LEAR_61
7/31/2018,2018_H_02,Guktu Cove,High,55.738953,-133.313514,B_337,Staghorn sculpin,Leptocottus armatus,SCULPSTG,SC,238,,,,,,,,,,,,,,,1,LEAR_62
7/31/2018,2018_H_02,Guktu Cove,High,55.738953,-133.313514,B_338,Staghorn sculpin,Leptocottus armatus,SCULPSTG,SC,138,,,,,,,,,,,,,,,1,LEAR_63
7/15/2018,2018_H_02,Guktu Cove,High,55.738953,-133.313514,B_153,Steamer clam,Protothaca staminea,CLMSTM,PC,39,30,29,29,28,28,,,,,,,,,,6,
7/15/2018,2018_H_02,Guktu Cove,High,55.738953,-133.313514,B_154,Steamer clam,Protothaca staminea,CLMSTM,PC,27,27,26,27,28,25,26,23,23,24,24,24,,,,12,
7/15/2018,2018_H_02,Guktu Cove,High,55.738953,-133.313514,B_155,Steamer clam,Protothaca staminea,CLMSTM,PC,23,20,20,21,20,22,24,22,25,24,24,21,21,21,,14,
7/15/2018,2018_H_03,Nossuk Bay,High,55.706493,-133.341566,B_176,Steamer clam,Protothaca staminea,CLMSTM,PC,41,37,39,40,31,,,,,,,,,,,5,
7/15/2018,2018_H_03,Nossuk Bay,High,55.706493,-133.341566,B_177,Steamer clam,Protothaca staminea,CLMSTM,PC,31,30,31,28,26,29,28,26,,,,,,,,8,
7/15/2018,2018_H_03,Nossuk Bay,High,55.706493,-133.341566,B_178,Steamer clam,Protothaca staminea,CLMSTM,PC,35,26,24,25,25,27,24,36,,,,,,,,8,
7/12/2018,2018_L_02,Natzuhini,Low,55.249258,-132.881141,B_033,Sugar kelp,Saccharina lattisima,SUGKLP,PP,,,,,,,,,,,,,,,,,
7/12/2018,2018_L_02,Natzuhini,Low,55.249258,-132.881141,B_034,Sugar kelp,Saccharina lattisima,SUGKLP,PP,,,,,,,,,,,,,,,,,
7/12/2018,2018_L_02,Natzuhini,Low,55.249258,-132.881141,B_038,Sugar kelp,Saccharina lattisima,SUGKLP,PP,,,,,,,,,,,,,,,,,
7/13/2018,2018_L_03,Sukkwan,Low,55.189095,-132.84324,B_060,Sugar kelp,Saccharina lattisima,SUGKLP,PP,,,,,,,,,,,,,,,,1,
7/13/2018,2018_L_03,Sukkwan,Low,55.189095,-132.84324,B_061,Sugar kelp,Saccharina lattisima,SUGKLP,PP,,,,,,,,,,,,,,,,1,
7/13/2018,2018_L_03,Sukkwan,Low,55.189095,-132.84324,B_062,Sugar kelp,Saccharina lattisima,SUGKLP,PP,,,,,,,,,,,,,,,,1,
7/14/2018,2018_H_01,Kaguk Cove,High,55.735283,-133.295189,B_110,Sugar kelp,Saccharina lattisima,SUGKLP,PP,,,,,,,,,,,,,,,,1,
7/14/2018,2018_H_01,Kaguk Cove,High,55.735283,-133.295189,B_111,Sugar kelp,Saccharina lattisima,SUGKLP,PP,,,,,,,,,,,,,,,,1,
7/14/2018,2018_H_01,Kaguk Cove,High,55.735283,-133.295189,B_112,Sugar kelp,Saccharina lattisima,SUGKLP,PP,,,,,,,,,,,,,,,,1,
7/15/2018,2018_H_02,Guktu Cove,High,55.738953,-133.313514,B_133,Sugar kelp,Saccharina lattisima,SUGKLP,PP,,,,,,,,,,,,,,,,1,
7/15/2018,2018_H_02,Guktu Cove,High,55.738953,-133.313514,B_134,Sugar kelp,Saccharina lattisima,SUGKLP,PP,,,,,,,,,,,,,,,,1,
7/15/2018,2018_H_02,Guktu Cove,High,55.738953,-133.313514,B_135,Sugar kelp,Saccharina lattisima,SUGKLP,PP,,,,,,,,,,,,,,,,1,
7/15/2018,2018_H_03,Nossuk Bay,High,55.706493,-133.341566,B_164,Sugar kelp,Saccharina lattisima,SUGKLP,PP,,,,,,,,,,,,,,,,1,
8/2/2018,2018_L_03,Sukkwan,Low,55.189095,-132.84324,B_343,Sugar kelp,Saccharina lattisima,SUGKLP,PP,,,,,,,,,,,,,,,,1,
8/2/2018,2018_L_03,Sukkwan,Low,55.189095,-132.84324,B_344,Sugar kelp,Saccharina lattisima,SUGKLP,PP,,,,,,,,,,,,,,,,1,
8/2/2018,2018_L_03,Sukkwan,Low,55.189095,-132.84324,B_345,Sugar kelp,Saccharina lattisima,SUGKLP,PP,,,,,,,,,,,,,,,,1,
8/3/2018,2018_H_01,Kaguk Cove,High,55.735283,-133.295189,B_349,Sugar kelp,Saccharina lattisima,SUGKLP,PP,,,,,,,,,,,,,,,,1,
8/3/2018,2018_H_01,Kaguk Cove,High,55.735283,-133.295189,B_350,Sugar kelp,Saccharina lattisima,SUGKLP,PP,,,,,,,,,,,,,,,,1,
7/11/2018,2018_L_01,North Pass,Low,55.229743,-132.924047,B_008,Ulva,Ulva sp.,ULVA,PP,,,,,,,,,,,,,,,,1,
7/11/2018,2018_L_01,North Pass,Low,55.229743,-132.924047,B_009,Ulva,Ulva sp.,ULVA,PP,,,,,,,,,,,,,,,,1,
7/11/2018,2018_L_01,North Pass,Low,55.229743,-132.924047,B_010,Ulva,Ulva sp.,ULVA,PP,,,,,,,,,,,,,,,,1,intestinallis
7/12/2018,2018_L_02,Natzuhini,Low,55.249258,-132.881141,B_035,Ulva,Ulva sp.,ULVA,PP,,,,,,,,,,,,,,,,,
7/12/2018,2018_L_02,Natzuhini,Low,55.249258,-132.881141,B_036,Ulva,Ulva sp.,ULVA,PP,,,,,,,,,,,,,,,,,
7/12/2018,2018_L_02,Natzuhini,Low,55.249258,-132.881141,B_037,Ulva,Ulva sp.,ULVA,PP,,,,,,,,,,,,,,,,,
7/13/2018,2018_L_03,Sukkwan,Low,55.189095,-132.84324,B_069,Ulva,Ulva sp.,ULVA,PP,,,,,,,,,,,,,,,,2,
7/13/2018,2018_L_03,Sukkwan,Low,55.189095,-132.84324,B_070,Ulva,Ulva sp.,ULVA,PP,,,,,,,,,,,,,,,,2,
7/13/2018,2018_L_03,Sukkwan,Low,55.189095,-132.84324,B_071,Ulva,Ulva sp.,ULVA,PP,,,,,,,,,,,,,,,,2,
7/14/2018,2018_H_01,Kaguk Cove,High,55.735283,-133.295189,B_101,Ulva,Ulva sp.,ULVA,PP,,,,,,,,,,,,,,,,1,
7/14/2018,2018_H_01,Kaguk Cove,High,55.735283,-133.295189,B_102,Ulva,Ulva sp.,ULVA,PP,,,,,,,,,,,,,,,,1,
7/14/2018,2018_H_01,Kaguk Cove,High,55.735283,-133.295189,B_103,Ulva,Ulva sp.,ULVA,PP,,,,,,,,,,,,,,,,1,
7/15/2018,2018_H_02,Guktu Cove,High,55.738953,-133.313514,B_139,Ulva,Ulva sp.,ULVA,PP,,,,,,,,,,,,,,,,1,
7/15/2018,2018_H_02,Guktu Cove,High,55.738953,-133.313514,B_140,Ulva,Ulva sp.,ULVA,PP,,,,,,,,,,,,,,,,1,
7/15/2018,2018_H_02,Guktu Cove,High,55.738953,-133.313514,B_141,Ulva,Ulva sp.,ULVA,PP,,,,,,,,,,,,,,,,1,
7/15/2018,2018_H_03,Nossuk Bay,High,55.706493,-133.341566,B_161,Ulva,Ulva sp.,ULVA,PP,,,,,,,,,,,,,,,,,
7/15/2018,2018_H_03,Nossuk Bay,High,55.706493,-133.341566,B_162,Ulva,Ulva sp.,ULVA,PP,,,,,,,,,,,,,,,,,
7/15/2018,2018_H_03,Nossuk Bay,High,55.706493,-133.341566,B_163,Ulva,Ulva sp.,ULVA,PP,,,,,,,,,,,,,,,,,
