site,date,YYYYMMDD,trans_type,trans_bin,trans_m,pit_bin,sed1_type,sed2_type,sed1_no,sed2_no,sedno_avg,field_collector,
2017_H_04,7/7/2013,20170707,Edge,1,10,0,Sandy mud,Mud,2,1,1.5,Tiff Stephens,
2017_H_04,7/7/2013,20170707,Edge,2,20,0,Sandy mud,Mud,2,1,1.5,Tiff Stephens,
2017_H_04,7/7/2013,20170707,Edge,3,30,6,Sand,Pebble,4,6,5,Tiff Stephens,
2017_H_04,7/7/2013,20170707,Edge,4,40,9,Sandy mud,Sand,2,4,3,Tiff Stephens,
2017_H_04,7/7/2013,20170707,Edge,5,50,0,Sandy mud,Muddy sand,2,3,2.5,Tiff Stephens,
2017_H_04,7/7/2013,20170707,Edge,6,60,1,Sandy mud,Cobble,2,8,5,Tiff Stephens,
2017_H_04,7/7/2013,20170707,Edge,7,70,1,Sandy mud,Cobble,2,8,5,Tiff Stephens,
2017_H_04,7/7/2013,20170707,Edge,8,80,2,Sandy mud,Sandy mud,2,2,2,Tiff Stephens,
2017_H_04,7/7/2013,20170707,Edge,9,90,4,Sandy mud,Sandy mud,2,2,2,Tiff Stephens,
2017_H_04,7/7/2013,20170707,Edge,10,100,2,Sandy mud,Sandy mud,2,2,2,Tiff Stephens,
2017_H_04,7/7/2013,20170707,Inside,1,10,0,Sandy mud,Sandy mud,2,2,2,Tiff Stephens,
2017_H_04,7/7/2013,20170707,Inside,2,20,0,Sandy mud,Sandy mud,2,2,2,Tiff Stephens,
2017_H_04,7/7/2013,20170707,Inside,3,30,1,Mud,Mud,1,1,1,Tiff Stephens,
2017_H_04,7/7/2013,20170707,Inside,4,40,1,Mud,Mud,1,1,1,Tiff Stephens,
2017_H_04,7/7/2013,20170707,Inside,5,50,0,Mud,Mud,1,1,1,Tiff Stephens,
2017_H_04,7/7/2013,20170707,Inside,6,60,0,Mud,Mud,1,1,1,Tiff Stephens,
2017_H_04,7/7/2013,20170707,Inside,7,70,0,Mud,Mud,1,1,1,Tiff Stephens,
2017_H_04,7/7/2013,20170707,Inside,8,80,0,Mud,Mud,1,1,1,Tiff Stephens,
2017_H_04,7/7/2013,20170707,Inside,9,90,0,Mud,Mud,1,1,1,Tiff Stephens,
2017_H_04,7/7/2013,20170707,Inside,10,100,0,Mud,Mud,1,1,1,Tiff Stephens,
2017_H_04,7/7/2013,20170707,Outside,1,10,0,Mud,Sandy mud,1,2,1.5,Tiff Stephens,
2017_H_04,7/7/2013,20170707,Outside,2,20,0,Mud,Sandy mud,1,2,1.5,Tiff Stephens,
2017_H_04,7/7/2013,20170707,Outside,3,30,8,Sand,Sand,4,4,4,Tiff Stephens,
2017_H_04,7/7/2013,20170707,Outside,4,40,9,Sand,Pebble,4,6,5,Tiff Stephens,
2017_H_04,7/7/2013,20170707,Outside,5,50,3,Sand,Pebble,4,6,5,Tiff Stephens,
2017_H_04,7/7/2013,20170707,Outside,6,60,1,Sand,Cobble,4,8,6,Tiff Stephens,
2017_H_04,7/7/2013,20170707,Outside,7,70,0,Sand,Cobble,4,8,6,Tiff Stephens,
2017_H_04,7/7/2013,20170707,Outside,8,80,1,Muddy Sand,Cobble,3,8,5.5,Tiff Stephens,
2017_H_04,7/7/2013,20170707,Outside,9,90,0,Muddy Sand,Cobble,3,8,5.5,Tiff Stephens,
2017_H_04,7/7/2013,20170707,Outside,10,100,0,Muddy Sand,Sand,3,4,3.5,Tiff Stephens,
2017_H_05,7/24/2013,20170725,Edge,1,10,0,Sandy mud,Gravel,2,7,4.5,"Wendel Raymond, Cathy Mattson, Tiff Stephens",
2017_H_05,7/24/2013,20170725,Edge,2,20,0,Sandy mud,Gravel,2,7,4.5,"Wendel Raymond, Cathy Mattson, Tiff Stephens",
2017_H_05,7/24/2013,20170725,Edge,3,30,0,Sandy mud,Gravel,2,7,4.5,"Wendel Raymond, Cathy Mattson, Tiff Stephens",
2017_H_05,7/24/2013,20170725,Edge,4,40,0,Sandy mud,Gravel,2,7,4.5,"Wendel Raymond, Cathy Mattson, Tiff Stephens",
2017_H_05,7/24/2013,20170725,Edge,5,50,1,Sandy mud,Gravel,2,7,4.5,"Wendel Raymond, Cathy Mattson, Tiff Stephens",
2017_H_05,7/24/2013,20170725,Edge,6,60,0,Sandy mud,Gravel,2,7,4.5,"Wendel Raymond, Cathy Mattson, Tiff Stephens",
2017_H_05,7/24/2013,20170725,Edge,7,70,0,Sandy mud,Sandy mud,2,2,2,"Wendel Raymond, Cathy Mattson, Tiff Stephens",
2017_H_05,7/24/2013,20170725,Edge,8,80,0,Sandy mud,Sandy mud,2,2,2,"Wendel Raymond, Cathy Mattson, Tiff Stephens",
2017_H_05,7/24/2013,20170725,Edge,9,90,0,Sandy mud,Mud,2,1,1.5,"Wendel Raymond, Cathy Mattson, Tiff Stephens",
2017_H_05,7/24/2013,20170725,Edge,10,100,0,Sandy mud,Mud,2,1,1.5,"Wendel Raymond, Cathy Mattson, Tiff Stephens",
2017_H_05,7/24/2013,20170725,Inside,1,10,0,Mud,Mud,1,1,1,"Wendel Raymond, Cathy Mattson, Tiff Stephens",
2017_H_05,7/24/2013,20170725,Inside,2,20,0,Mud,Mud,1,1,1,"Wendel Raymond, Cathy Mattson, Tiff Stephens",
2017_H_05,7/24/2013,20170725,Inside,3,30,0,Mud,Mud,1,1,1,"Wendel Raymond, Cathy Mattson, Tiff Stephens",
2017_H_05,7/24/2013,20170725,Inside,4,40,0,Mud,Mud,1,1,1,"Wendel Raymond, Cathy Mattson, Tiff Stephens",
2017_H_05,7/24/2013,20170725,Inside,5,50,0,Mud,Mud,1,1,1,"Wendel Raymond, Cathy Mattson, Tiff Stephens",
2017_H_05,7/24/2013,20170725,Inside,6,60,0,Mud,Mud,1,1,1,"Wendel Raymond, Cathy Mattson, Tiff Stephens",
2017_H_05,7/24/2013,20170725,Inside,7,70,0,Mud,Mud,1,1,1,"Wendel Raymond, Cathy Mattson, Tiff Stephens",
2017_H_05,7/24/2013,20170725,Inside,8,80,1,Mud,Mud,1,1,1,"Wendel Raymond, Cathy Mattson, Tiff Stephens",
2017_H_05,7/24/2013,20170725,Inside,9,90,0,Mud,Mud,1,1,1,"Wendel Raymond, Cathy Mattson, Tiff Stephens",
2017_H_05,7/24/2013,20170725,Inside,10,100,0,Mud,Mud,1,1,1,"Wendel Raymond, Cathy Mattson, Tiff Stephens",
2017_H_05,7/24/2013,20170725,Outside,1,10,3,Sand,Gravel,4,7,5.5,"Wendel Raymond, Cathy Mattson, Tiff Stephens",
2017_H_05,7/24/2013,20170725,Outside,2,20,6,Sand,Gravel,4,7,5.5,"Wendel Raymond, Cathy Mattson, Tiff Stephens",
2017_H_05,7/24/2013,20170725,Outside,3,30,7,Sand,Gravel,4,7,5.5,"Wendel Raymond, Cathy Mattson, Tiff Stephens",
2017_H_05,7/24/2013,20170725,Outside,4,40,7,Sand,Gravel,4,7,5.5,"Wendel Raymond, Cathy Mattson, Tiff Stephens",
2017_H_05,7/24/2013,20170725,Outside,5,50,6,Coarse Sand,Gravel,5,7,6,"Wendel Raymond, Cathy Mattson, Tiff Stephens",
2017_H_05,7/24/2013,20170725,Outside,6,60,5,Coarse Sand,Gravel,5,7,6,"Wendel Raymond, Cathy Mattson, Tiff Stephens",
2017_H_05,7/24/2013,20170725,Outside,7,70,3,Coarse Sand,Gravel,5,7,6,"Wendel Raymond, Cathy Mattson, Tiff Stephens",
2017_H_05,7/24/2013,20170725,Outside,8,80,14,Coarse Sand,Gravel,5,7,6,"Wendel Raymond, Cathy Mattson, Tiff Stephens",
2017_H_05,7/24/2013,20170725,Outside,9,90,25,Coarse Sand,Gravel,5,7,6,"Wendel Raymond, Cathy Mattson, Tiff Stephens",
2017_H_05,7/24/2013,20170725,Outside,10,100,5,Gravel,Sand,7,4,5.5,"Wendel Raymond, Cathy Mattson, Tiff Stephens",
2017_H_06,7/23/2013,20170724,Edge,1,10,15,Muddy Sand,Pebble,3,6,4.5,"Tiff Stephens, Wendel Raymond, Cathy Mattson",
2017_H_06,7/23/2013,20170724,Edge,2,20,8,Sandy mud,Sand,2,4,3,"Tiff Stephens, Wendel Raymond, Cathy Mattson",
2017_H_06,7/23/2013,20170724,Edge,3,30,7,Sandy mud,Sand,2,4,3,"Tiff Stephens, Wendel Raymond, Cathy Mattson",
2017_H_06,7/23/2013,20170724,Edge,4,40,9,Mud,Sandy mud,1,2,1.5,"Tiff Stephens, Wendel Raymond, Cathy Mattson",
2017_H_06,7/23/2013,20170724,Edge,5,50,12,Mud,Mud,1,1,1,"Tiff Stephens, Wendel Raymond, Cathy Mattson",
2017_H_06,7/23/2013,20170724,Edge,6,60,9,Mud,Mud,1,1,1,"Tiff Stephens, Wendel Raymond, Cathy Mattson",
2017_H_06,7/23/2013,20170724,Edge,7,70,15,Mud,Mud,1,1,1,"Tiff Stephens, Wendel Raymond, Cathy Mattson",
2017_H_06,7/23/2013,20170724,Edge,8,80,5,Mud,Mud,1,1,1,"Tiff Stephens, Wendel Raymond, Cathy Mattson",
2017_H_06,7/23/2013,20170724,Edge,9,90,10,Mud,Mud,1,1,1,"Tiff Stephens, Wendel Raymond, Cathy Mattson",
2017_H_06,7/23/2013,20170724,Edge,10,100,6,Mud,Mud,1,1,1,"Tiff Stephens, Wendel Raymond, Cathy Mattson",
2017_H_06,7/23/2013,20170724,Inside,1,10,5,Muddy Sand,Mud,3,1,2,"Tiff Stephens, Wendel Raymond, Cathy Mattson",
2017_H_06,7/23/2013,20170724,Inside,2,20,5,Mud,Mud,1,1,1,"Tiff Stephens, Wendel Raymond, Cathy Mattson",
2017_H_06,7/23/2013,20170724,Inside,3,30,3,Mud,Mud,1,1,1,"Tiff Stephens, Wendel Raymond, Cathy Mattson",
2017_H_06,7/23/2013,20170724,Inside,4,40,3,Mud,Mud,1,1,1,"Tiff Stephens, Wendel Raymond, Cathy Mattson",
2017_H_06,7/23/2013,20170724,Inside,5,50,6,Mud,Mud,1,1,1,"Tiff Stephens, Wendel Raymond, Cathy Mattson",
2017_H_06,7/23/2013,20170724,Inside,6,60,4,Mud,Mud,1,1,1,"Tiff Stephens, Wendel Raymond, Cathy Mattson",
2017_H_06,7/23/2013,20170724,Inside,7,70,2,Mud,Mud,1,1,1,"Tiff Stephens, Wendel Raymond, Cathy Mattson",
2017_H_06,7/23/2013,20170724,Inside,8,80,9,Mud,Mud,1,1,1,"Tiff Stephens, Wendel Raymond, Cathy Mattson",
2017_H_06,7/23/2013,20170724,Inside,9,90,2,Mud,Mud,1,1,1,"Tiff Stephens, Wendel Raymond, Cathy Mattson",
2017_H_06,7/23/2013,20170724,Inside,10,100,7,Mud,Mud,1,1,1,"Tiff Stephens, Wendel Raymond, Cathy Mattson",
2017_H_06,7/23/2013,20170724,Outside,1,10,4,Muddy Sand,Mud,3,1,2,"Tiff Stephens, Wendel Raymond, Cathy Mattson",
2017_H_06,7/23/2013,20170724,Outside,2,20,15,Pebble,Sand,6,4,5,"Tiff Stephens, Wendel Raymond, Cathy Mattson",
2017_H_06,7/23/2013,20170724,Outside,3,30,14,Muddy Sand,Pebble,3,6,4.5,"Tiff Stephens, Wendel Raymond, Cathy Mattson",
2017_H_06,7/23/2013,20170724,Outside,4,40,22,Muddy Sand,Pebble,3,6,4.5,"Tiff Stephens, Wendel Raymond, Cathy Mattson",
2017_H_06,7/23/2013,20170724,Outside,5,50,19,Mud,Cobble,1,8,4.5,"Tiff Stephens, Wendel Raymond, Cathy Mattson",
2017_H_06,7/23/2013,20170724,Outside,6,60,12,Mud,Gravel,1,7,4,"Tiff Stephens, Wendel Raymond, Cathy Mattson",
2017_H_06,7/23/2013,20170724,Outside,7,70,7,Mud,Mud,1,1,1,"Tiff Stephens, Wendel Raymond, Cathy Mattson",
2017_H_06,7/23/2013,20170724,Outside,8,80,4,Mud,Mud,1,1,1,"Tiff Stephens, Wendel Raymond, Cathy Mattson",
2017_H_06,7/23/2013,20170724,Outside,9,90,2,Mud,Mud,1,1,1,"Tiff Stephens, Wendel Raymond, Cathy Mattson",
2017_H_06,7/23/2013,20170724,Outside,10,100,3,Mud,Sandy mud,1,2,1.5,"Tiff Stephens, Wendel Raymond, Cathy Mattson",
2017_L_01,7/8/2013,20170709,Edge,1,10,0,Sand,Gravel,4,7,5.5,Wendel Raymond,
2017_L_01,7/8/2013,20170709,Edge,2,20,0,Sand,Gravel,4,7,5.5,Wendel Raymond,
2017_L_01,7/8/2013,20170709,Edge,3,30,0,Sand,Gravel,4,7,5.5,Wendel Raymond,
2017_L_01,7/8/2013,20170709,Edge,4,40,0,Sand,Sand,4,4,4,Wendel Raymond,
2017_L_01,7/8/2013,20170709,Edge,5,50,0,Sand,Gravel,4,7,5.5,Wendel Raymond,
2017_L_01,7/8/2013,20170709,Edge,6,60,0,Sand,Sand,4,4,4,Wendel Raymond,
2017_L_01,7/8/2013,20170709,Edge,7,70,0,Sand,Sand,4,4,4,Wendel Raymond,
2017_L_01,7/8/2013,20170709,Edge,8,80,0,Sand,Sand,4,4,4,Wendel Raymond,
2017_L_01,7/8/2013,20170709,Edge,9,90,0,Muddy Sand,Muddy Sand,3,3,3,Wendel Raymond,
2017_L_01,7/8/2013,20170709,Edge,10,100,0,Muddy Sand,Muddy Sand,3,3,3,Wendel Raymond,
2017_L_01,7/8/2013,20170709,Inside,1,10,0,Sandy mud,Sandy mud,2,2,2,Wendel Raymond,
2017_L_01,7/8/2013,20170709,Inside,2,20,0,Sandy mud,Sandy mud,2,2,2,Wendel Raymond,
2017_L_01,7/8/2013,20170709,Inside,3,30,0,Muddy Sand,Sandy mud,3,2,2.5,Wendel Raymond,
2017_L_01,7/8/2013,20170709,Inside,4,40,0,Muddy Sand,Sandy mud,3,2,2.5,Wendel Raymond,
2017_L_01,7/8/2013,20170709,Inside,5,50,0,Muddy Sand,Sandy mud,3,2,2.5,Wendel Raymond,
2017_L_01,7/8/2013,20170709,Inside,6,60,0,Muddy Sand,Sandy mud,3,2,2.5,Wendel Raymond,
2017_L_01,7/8/2013,20170709,Inside,7,70,0,Muddy Sand,Sandy mud,3,2,2.5,Wendel Raymond,
2017_L_01,7/8/2013,20170709,Inside,8,80,0,Muddy Sand,Muddy Sand,3,3,3,Wendel Raymond,
2017_L_01,7/8/2013,20170709,Inside,9,90,0,Muddy Sand,Muddy Sand,3,3,3,Wendel Raymond,
2017_L_01,7/8/2013,20170709,Inside,10,100,0,Sand,Sand,4,4,4,Wendel Raymond,
2017_L_01,7/8/2013,20170709,Outside,1,10,0,Sand,Gravel,4,7,5.5,Tiff Stephens,
2017_L_01,7/8/2013,20170709,Outside,2,20,0,Sand,Gravel,4,7,5.5,Tiff Stephens,
2017_L_01,7/8/2013,20170709,Outside,3,30,0,Sand,Gravel,4,7,5.5,Tiff Stephens,
2017_L_01,7/8/2013,20170709,Outside,4,40,0,Sand,Gravel,4,7,5.5,Tiff Stephens,
2017_L_01,7/8/2013,20170709,Outside,5,50,0,Sand,Gravel,4,7,5.5,Tiff Stephens,
2017_L_01,7/8/2013,20170709,Outside,6,60,0,Sand,Gravel,4,7,5.5,Tiff Stephens,
2017_L_01,7/8/2013,20170709,Outside,7,70,0,Sand,Gravel,4,7,5.5,Tiff Stephens,
2017_L_01,7/8/2013,20170709,Outside,8,80,0,Sand,Gravel,4,7,5.5,Tiff Stephens,
2017_L_01,7/8/2013,20170709,Outside,9,90,0,Sand,Sand,4,4,4,Tiff Stephens,
2017_L_01,7/8/2013,20170709,Outside,10,100,0,Sand,Sand,4,4,4,Tiff Stephens,
2017_L_02,7/14/2013,20170715,Edge,1,10,0,Sand,Gravel,4,7,5.5,"Tiff Stephens, Wendel Raymond",
2017_L_02,7/14/2013,20170715,Edge,2,20,0,Gravel,Sand,7,4,5.5,"Tiff Stephens, Wendel Raymond",
2017_L_02,7/14/2013,20170715,Edge,3,30,0,Sand,Gravel,4,7,5.5,"Tiff Stephens, Wendel Raymond",
2017_L_02,7/14/2013,20170715,Edge,4,40,0,Sand,Gravel,4,7,5.5,"Tiff Stephens, Wendel Raymond",
2017_L_02,7/14/2013,20170715,Edge,5,50,0,Sand,Pebble,4,6,5,"Tiff Stephens, Wendel Raymond",
2017_L_02,7/14/2013,20170715,Edge,6,60,0,Sand,Pebble,4,6,5,"Tiff Stephens, Wendel Raymond",
2017_L_02,7/14/2013,20170715,Edge,7,70,0,Sand,Pebble,4,6,5,"Tiff Stephens, Wendel Raymond",
2017_L_02,7/14/2013,20170715,Edge,8,80,0,Sand,Pebble,4,6,5,"Tiff Stephens, Wendel Raymond",
2017_L_02,7/14/2013,20170715,Edge,9,90,0,Pebble,Sand,6,4,5,"Tiff Stephens, Wendel Raymond",
2017_L_02,7/14/2013,20170715,Edge,10,100,0,Sand,Pebble,4,6,5,"Tiff Stephens, Wendel Raymond",
2017_L_02,7/14/2013,20170715,Inside,1,10,0,Sand,Gravel,4,7,5.5,"Tiff Stephens, Wendel Raymond",
2017_L_02,7/14/2013,20170715,Inside,2,20,0,Sand,Sand,4,4,4,"Tiff Stephens, Wendel Raymond",
2017_L_02,7/14/2013,20170715,Inside,3,30,0,Sand,Gravel,4,7,5.5,"Tiff Stephens, Wendel Raymond",
2017_L_02,7/14/2013,20170715,Inside,4,40,0,Sand,Gravel,4,7,5.5,"Tiff Stephens, Wendel Raymond",
2017_L_02,7/14/2013,20170715,Inside,5,50,0,Sand,Gravel,4,7,5.5,"Tiff Stephens, Wendel Raymond",
2017_L_02,7/14/2013,20170715,Inside,6,60,0,Sand,Pebble,4,6,5,"Tiff Stephens, Wendel Raymond",
2017_L_02,7/14/2013,20170715,Inside,7,70,1,Sand,Pebble,4,6,5,"Tiff Stephens, Wendel Raymond",
2017_L_02,7/14/2013,20170715,Inside,8,80,0,Sand,Sand,4,4,4,"Tiff Stephens, Wendel Raymond",
2017_L_02,7/14/2013,20170715,Inside,9,90,0,Sand,Pebble,4,6,5,"Tiff Stephens, Wendel Raymond",
2017_L_02,7/14/2013,20170715,Inside,10,100,0,Sand,Sand,4,4,4,"Tiff Stephens, Wendel Raymond",
2017_L_02,7/14/2013,20170715,Outside,1,10,0,Gravel,Sand,7,4,5.5,"Tiff Stephens, Wendel Raymond",
2017_L_02,7/14/2013,20170715,Outside,2,20,0,Gravel,Sand,7,4,5.5,"Tiff Stephens, Wendel Raymond",
2017_L_02,7/14/2013,20170715,Outside,3,30,0,Sand,Gravel,4,7,5.5,"Tiff Stephens, Wendel Raymond",
2017_L_02,7/14/2013,20170715,Outside,4,40,1,Gravel,Sand,7,4,5.5,"Tiff Stephens, Wendel Raymond",
2017_L_02,7/14/2013,20170715,Outside,5,50,0,Sand,Pebble,4,6,5,"Tiff Stephens, Wendel Raymond",
2017_L_02,7/14/2013,20170715,Outside,6,60,0,Sand,Pebble,4,6,5,"Tiff Stephens, Wendel Raymond",
2017_L_02,7/14/2013,20170715,Outside,7,70,0,Gravel,Sand,7,4,5.5,"Tiff Stephens, Wendel Raymond",
2017_L_02,7/14/2013,20170715,Outside,8,80,0,Sand,Gravel,4,7,5.5,"Tiff Stephens, Wendel Raymond",
2017_L_02,7/14/2013,20170715,Outside,9,90,0,Sand,Pebble,4,6,5,"Tiff Stephens, Wendel Raymond",
2017_L_02,7/14/2013,20170715,Outside,10,100,0,Sand,Pebble,4,6,5,"Tiff Stephens, Wendel Raymond",
2017_L_03,7/23/2013,20170724,Edge,1,10,0,Sandy mud,Sandy mud,2,2,2,Ashley Bolwerk,
2017_L_03,7/23/2013,20170724,Edge,2,20,0,Sandy mud,Sandy mud,2,2,2,Ashley Bolwerk,
2017_L_03,7/23/2013,20170724,Edge,3,30,0,Sandy mud,Mud,2,1,1.5,Ashley Bolwerk,
2017_L_03,7/23/2013,20170724,Edge,4,40,0,Sandy mud,Mud,2,1,1.5,Ashley Bolwerk,
2017_L_03,7/23/2013,20170724,Edge,5,50,0,Mud,Sandy mud,1,2,1.5,Ashley Bolwerk,
2017_L_03,7/23/2013,20170724,Edge,6,60,0,Sand,Pebble,4,6,5,Ashley Bolwerk,
2017_L_03,7/23/2013,20170724,Edge,7,70,0,Pebble,Pebble,6,6,6,Ashley Bolwerk,
2017_L_03,7/23/2013,20170724,Edge,8,80,0,Sand,Pebble,4,6,5,Ashley Bolwerk,
2017_L_03,7/23/2013,20170724,Edge,9,90,0,Sandy mud,Sandy mud,2,2,2,Ashley Bolwerk,
2017_L_03,7/23/2013,20170724,Edge,10,100,0,Sand,Sandy mud,4,2,3,Ashley Bolwerk,
2017_L_03,7/23/2013,20170724,Inside,1,10,0,Mud,Sandy mud,1,2,1.5,Ashley Bolwerk,
2017_L_03,7/23/2013,20170724,Inside,2,20,0,Sandy mud,Sandy mud,2,2,2,Ashley Bolwerk,
2017_L_03,7/23/2013,20170724,Inside,3,30,1,Sandy mud,Gravel,2,7,4.5,Ashley Bolwerk,
2017_L_03,7/23/2013,20170724,Inside,4,40,0,Muddy Sand,Gravel,3,7,5,Ashley Bolwerk,
2017_L_03,7/23/2013,20170724,Inside,5,50,0,Muddy Sand,Gravel,3,7,5,Ashley Bolwerk,
2017_L_03,7/23/2013,20170724,Inside,6,60,0,Gravel,Sand,7,4,5.5,Ashley Bolwerk,
2017_L_03,7/23/2013,20170724,Inside,7,70,0,Gravel,Sand,7,4,5.5,Ashley Bolwerk,
2017_L_03,7/23/2013,20170724,Inside,8,80,0,Sandy mud,Gravel,2,7,4.5,Ashley Bolwerk,
2017_L_03,7/23/2013,20170724,Inside,9,90,0,Mud,Gravel,1,7,4,Ashley Bolwerk,
2017_L_03,7/23/2013,20170724,Inside,10,100,0,Mud,Gravel,1,7,4,Ashley Bolwerk,
2017_L_03,7/23/2013,20170724,Outside,1,10,0,Gravel,Sandy mud,7,2,4.5,Ashley Bolwerk,
2017_L_03,7/23/2013,20170724,Outside,2,20,0,Gravel,Pebble,7,6,6.5,Ashley Bolwerk,
2017_L_03,7/23/2013,20170724,Outside,3,30,0,Gravel,Cobble,7,8,7.5,Ashley Bolwerk,
2017_L_03,7/23/2013,20170724,Outside,4,40,0,Gravel,Sandy mud,7,2,4.5,Ashley Bolwerk,
2017_L_03,7/23/2013,20170724,Outside,5,50,0,Gravel,Sandy mud,7,2,4.5,Ashley Bolwerk,
2017_L_03,7/23/2013,20170724,Outside,6,60,0,Gravel,Sandy mud,7,2,4.5,Ashley Bolwerk,
2017_L_03,7/23/2013,20170724,Outside,7,70,0,Gravel,Sandy mud,7,2,4.5,Ashley Bolwerk,
2017_L_03,7/23/2013,20170724,Outside,8,80,0,Gravel,Cobble,7,8,7.5,Ashley Bolwerk,
2017_L_03,7/23/2013,20170724,Outside,9,90,0,Gravel,Sand,7,4,5.5,Ashley Bolwerk,
2017_L_03,7/23/2013,20170724,Outside,10,100,0,Gravel,Sand,7,4,5.5,Ashley Bolwerk,
2017_L_04,6/27/2013,20170628,Edge,1,10,0,Sandy mud,Cobble,2,8,5,Tiff Stephens,
2017_L_04,6/27/2013,20170628,Edge,2,20,0,Sandy mud,Sandy mud,2,2,2,Tiff Stephens,
2017_L_04,6/27/2013,20170628,Edge,3,30,0,Sandy mud,Mud,2,1,1.5,Tiff Stephens,
2017_L_04,6/27/2013,20170628,Edge,4,40,0,Sandy mud,Gravel,2,7,4.5,Tiff Stephens,
2017_L_04,6/27/2013,20170628,Edge,5,50,0,Gravel,Sandy mud,7,2,4.5,Tiff Stephens,
2017_L_04,6/27/2013,20170628,Edge,6,60,0,Sandy mud,Gravel,2,7,4.5,Tiff Stephens,
2017_L_04,6/27/2013,20170628,Edge,7,70,0,Sandy mud,Gravel,2,7,4.5,Tiff Stephens,
2017_L_04,6/27/2013,20170628,Edge,8,80,0,Gravel,Sandy mud,7,2,4.5,Tiff Stephens,
2017_L_04,6/27/2013,20170628,Edge,9,90,0,Gravel,Sandy mud,7,2,4.5,Tiff Stephens,
2017_L_04,6/27/2013,20170628,Edge,10,100,0,Gravel,Sandy mud,7,2,4.5,Tiff Stephens,
2017_L_04,6/27/2013,20170628,Inside,1,10,0,Muddy Sand,Muddy Sand,3,3,3,Wendel Raymond,
2017_L_04,6/27/2013,20170628,Inside,2,20,0,Muddy Sand,Muddy Sand,3,3,3,Wendel Raymond,
2017_L_04,6/27/2013,20170628,Inside,3,30,0,Muddy Sand,Muddy Sand,3,3,3,Wendel Raymond,
2017_L_04,6/27/2013,20170628,Inside,4,40,0,Muddy Sand,Muddy Sand,3,3,3,Wendel Raymond,
2017_L_04,6/27/2013,20170628,Inside,5,50,0,Gravel,Muddy Sand,7,3,5,Wendel Raymond,
2017_L_04,6/27/2013,20170628,Inside,6,60,0,Gravel,Muddy Sand,7,3,5,Wendel Raymond,
2017_L_04,6/27/2013,20170628,Inside,7,70,0,Gravel,Muddy Sand,7,3,5,Wendel Raymond,
2017_L_04,6/27/2013,20170628,Inside,8,80,0,Gravel,Muddy Sand,7,3,5,Wendel Raymond,
2017_L_04,6/27/2013,20170628,Inside,9,90,0,Muddy Sand,Muddy Sand,3,3,3,Wendel Raymond,
2017_L_04,6/27/2013,20170628,Inside,10,100,0,Muddy Sand,Muddy Sand,3,3,3,Wendel Raymond,
2017_L_04,6/27/2013,20170628,Outside,1,10,0,Sandy mud,Cobble,2,8,5,Tiff Stephens,
2017_L_04,6/27/2013,20170628,Outside,2,20,0,Sandy mud,Mud,2,1,1.5,Tiff Stephens,
2017_L_04,6/27/2013,20170628,Outside,3,30,0,Sandy mud,Gravel,2,7,4.5,Tiff Stephens,
2017_L_04,6/27/2013,20170628,Outside,4,40,0,Sandy mud,Gravel,2,7,4.5,Tiff Stephens,
2017_L_04,6/27/2013,20170628,Outside,5,50,0,Sandy mud,Gravel,2,7,4.5,Tiff Stephens,
2017_L_04,6/27/2013,20170628,Outside,6,60,0,Gravel,Sandy mud,7,2,4.5,Tiff Stephens,
2017_L_04,6/27/2013,20170628,Outside,7,70,0,Gravel,Sandy mud,7,2,4.5,Tiff Stephens,
2017_L_04,6/27/2013,20170628,Outside,8,80,0,Gravel,Sandy mud,7,2,4.5,Tiff Stephens,
2017_L_04,6/27/2013,20170628,Outside,9,90,0,Sandy mud,Gravel,2,7,4.5,Tiff Stephens,
2017_L_04,6/27/2013,20170628,Outside,10,100,0,Gravel,Sandy mud,7,2,4.5,Tiff Stephens,
2017_L_05,6/26/2013,20170627,Edge,1,10,0,Sandy mud,Gravel,2,7,4.5,Tiff Stephens,
2017_L_05,6/26/2013,20170627,Edge,2,20,0,Sandy mud,Sand,2,4,3,Tiff Stephens,
2017_L_05,6/26/2013,20170627,Edge,3,30,0,Sandy mud,Sand,2,4,3,Tiff Stephens,
2017_L_05,6/26/2013,20170627,Edge,4,40,0,Sandy mud,Gravel,2,7,4.5,Tiff Stephens,
2017_L_05,6/26/2013,20170627,Edge,5,50,0,Sandy mud,Gravel,2,7,4.5,Tiff Stephens,
2017_L_05,6/26/2013,20170627,Edge,6,60,0,Sandy mud,Cobble,2,8,5,Tiff Stephens,
2017_L_05,6/26/2013,20170627,Edge,7,70,0,Sandy mud,Cobble,2,8,5,Tiff Stephens,
2017_L_05,6/26/2013,20170627,Edge,8,80,0,Sandy mud,Cobble,2,8,5,Tiff Stephens,
2017_L_05,6/26/2013,20170627,Edge,9,90,0,Sandy mud,Cobble,2,8,5,Tiff Stephens,
2017_L_05,6/26/2013,20170627,Edge,10,100,0,Sandy mud,Cobble,2,8,5,Tiff Stephens,
2017_L_05,6/26/2013,20170627,Inside,1,10,0,Sandy mud,Sandy mud,2,2,2,Wendel Raymond,
2017_L_05,6/26/2013,20170627,Inside,2,20,0,Sandy mud,Sandy mud,2,2,2,Wendel Raymond,
2017_L_05,6/26/2013,20170627,Inside,3,30,0,Sandy mud,Sandy mud,2,2,2,Wendel Raymond,
2017_L_05,6/26/2013,20170627,Inside,4,40,0,Sandy mud,Sandy mud,2,2,2,Wendel Raymond,
2017_L_05,6/26/2013,20170627,Inside,5,50,0,Sandy mud,Sandy mud,2,2,2,Wendel Raymond,
2017_L_05,6/26/2013,20170627,Inside,6,60,0,Sandy mud,Sandy mud,2,2,2,Wendel Raymond,
2017_L_05,6/26/2013,20170627,Inside,7,70,0,Sandy mud,Sandy mud,2,2,2,Wendel Raymond,
2017_L_05,6/26/2013,20170627,Inside,8,80,0,Sandy mud,Sandy mud,2,2,2,Wendel Raymond,
2017_L_05,6/26/2013,20170627,Inside,9,90,0,Sandy mud,Sandy mud,2,2,2,Wendel Raymond,
2017_L_05,6/26/2013,20170627,Inside,10,100,0,Sandy mud,Sandy mud,2,2,2,Wendel Raymond,
2017_L_05,6/26/2013,20170627,Outside,1,10,0,Sandy mud,Gravel,2,7,4.5,Ginny Eckert,
2017_L_05,6/26/2013,20170627,Outside,2,20,0,Sandy mud,Cobble,2,8,5,Ginny Eckert,
2017_L_05,6/26/2013,20170627,Outside,3,30,0,Sand,Sand,4,4,4,Ginny Eckert,
2017_L_05,6/26/2013,20170627,Outside,4,40,0,Sand,Sand,4,4,4,Ginny Eckert,
2017_L_05,6/26/2013,20170627,Outside,5,50,0,Sand,Sand,4,4,4,Ginny Eckert,
2017_L_05,6/26/2013,20170627,Outside,6,60,0,Sandy mud,Cobble,2,8,5,Ginny Eckert,
2017_L_05,6/26/2013,20170627,Outside,7,70,0,Sandy mud,Cobble,2,8,5,Ginny Eckert,
2017_L_05,6/26/2013,20170627,Outside,8,80,0,Sandy mud,Cobble,2,8,5,Ginny Eckert,
2017_L_05,6/26/2013,20170627,Outside,9,90,0,Sandy mud,Cobble,2,8,5,Ginny Eckert,
2017_L_05,6/26/2013,20170627,Outside,10,100,0,Sandy mud,Cobble,2,8,5,Ginny Eckert,
2017_L_06,7/22/2013,20170723,Edge,1,10,0,Coarse Sand,Gravel,5,7,6,Tiff Stephens,
2017_L_06,7/22/2013,20170723,Edge,2,20,0,Coarse Sand,Pebble,5,6,5.5,Tiff Stephens,
2017_L_06,7/22/2013,20170723,Edge,3,30,0,Coarse Sand,Gravel,5,7,6,Tiff Stephens,
2017_L_06,7/22/2013,20170723,Edge,4,40,0,Coarse Sand,Gravel,5,7,6,Tiff Stephens,
2017_L_06,7/22/2013,20170723,Edge,5,50,0,Coarse Sand,Gravel,5,7,6,Tiff Stephens,
2017_L_06,7/22/2013,20170723,Edge,6,60,0,Sand,Gravel,4,7,5.5,Tiff Stephens,
2017_L_06,7/22/2013,20170723,Edge,7,70,0,Sand,Sand,4,4,4,Tiff Stephens,
2017_L_06,7/22/2013,20170723,Edge,8,80,0,Sand,Gravel,4,7,5.5,Tiff Stephens,
2017_L_06,7/22/2013,20170723,Edge,9,90,0,Sand,Gravel,4,7,5.5,Tiff Stephens,
2017_L_06,7/22/2013,20170723,Edge,10,100,0,Sand,Gravel,4,7,5.5,Tiff Stephens,
2017_L_06,7/22/2013,20170723,Inside,1,10,0,Muddy Sand,Muddy Sand,3,3,3,Tiff Stephens,
2017_L_06,7/22/2013,20170723,Inside,2,20,0,Muddy Sand,Sand,3,4,3.5,Tiff Stephens,
2017_L_06,7/22/2013,20170723,Inside,3,30,0,Sand,Muddy Sand,4,3,3.5,Tiff Stephens,
2017_L_06,7/22/2013,20170723,Inside,4,40,0,Sand,Gravel,4,7,5.5,Tiff Stephens,
2017_L_06,7/22/2013,20170723,Inside,5,50,0,Sand,Gravel,4,7,5.5,Tiff Stephens,
2017_L_06,7/22/2013,20170723,Inside,6,60,0,Sand,Gravel,4,7,5.5,Tiff Stephens,
2017_L_06,7/22/2013,20170723,Inside,7,70,0,Sand,Sand,4,4,4,Tiff Stephens,
2017_L_06,7/22/2013,20170723,Inside,8,80,0,Sand,Sand,4,4,4,Tiff Stephens,
2017_L_06,7/22/2013,20170723,Inside,9,90,0,Sand,Gravel,4,7,5.5,Tiff Stephens,
2017_L_06,7/22/2013,20170723,Inside,10,100,0,Sand,Gravel,4,7,5.5,Tiff Stephens,
2017_L_06,7/22/2013,20170723,Outside,1,10,0,Gravel,Cobble,7,8,7.5,Tiff Stephens,
2017_L_06,7/22/2013,20170723,Outside,2,20,0,Coarse Sand,Gravel,5,7,6,Tiff Stephens,
2017_L_06,7/22/2013,20170723,Outside,3,30,0,Coarse Sand,Gravel,5,7,6,Tiff Stephens,
2017_L_06,7/22/2013,20170723,Outside,4,40,0,Pebble,Gravel,6,7,6.5,Tiff Stephens,
2017_L_06,7/22/2013,20170723,Outside,5,50,0,Coarse Sand,Gravel,5,7,6,Tiff Stephens,
2017_L_06,7/22/2013,20170723,Outside,6,60,0,Coarse Sand,Gravel,5,7,6,Tiff Stephens,
2017_L_06,7/22/2013,20170723,Outside,7,70,0,Sand,Gravel,4,7,5.5,Tiff Stephens,
2017_L_06,7/22/2013,20170723,Outside,8,80,0,Sand,Sand,4,4,4,Tiff Stephens,
2017_L_06,7/22/2013,20170723,Outside,9,90,0,Sand,Gravel,4,7,5.5,Tiff Stephens,
2017_L_06,7/22/2013,20170723,Outside,10,100,0,Gravel,Sand,7,4,5.5,Tiff Stephens,
2017_L_07,7/21/2013,20170723,Edge,1,10,0,Muddy Sand,Gravel,3,7,5,"Tiff Stephens, Wendel Raymond, Cathy Mattson",
2017_L_07,7/21/2013,20170723,Edge,2,20,0,Muddy Sand,Gravel,3,7,5,"Tiff Stephens, Wendel Raymond, Cathy Mattson",
2017_L_07,7/21/2013,20170723,Edge,3,30,0,Sandy mud,Gravel,2,7,4.5,"Tiff Stephens, Wendel Raymond, Cathy Mattson",
2017_L_07,7/21/2013,20170723,Edge,4,40,1,Sandy mud,Gravel,2,7,4.5,"Tiff Stephens, Wendel Raymond, Cathy Mattson",
2017_L_07,7/21/2013,20170723,Edge,5,50,0,Muddy Sand,Muddy Sand,3,3,3,"Tiff Stephens, Wendel Raymond, Cathy Mattson",
2017_L_07,7/21/2013,20170723,Edge,6,60,0,Sand,Muddy Sand,4,3,3.5,"Tiff Stephens, Wendel Raymond, Cathy Mattson",
2017_L_07,7/21/2013,20170723,Edge,7,70,0,Muddy Sand,Gravel,3,7,5,"Tiff Stephens, Wendel Raymond, Cathy Mattson",
2017_L_07,7/21/2013,20170723,Edge,8,80,0,Sandy mud,Gravel,2,7,4.5,"Tiff Stephens, Wendel Raymond, Cathy Mattson",
2017_L_07,7/21/2013,20170723,Edge,9,90,0,Sandy mud,Gravel,2,7,4.5,"Tiff Stephens, Wendel Raymond, Cathy Mattson",
2017_L_07,7/21/2013,20170723,Edge,10,100,0,Sandy mud,Gravel,2,7,4.5,"Tiff Stephens, Wendel Raymond, Cathy Mattson",
2017_L_07,7/21/2013,20170723,Inside,1,10,0,Sand,Gravel,4,7,5.5,"Tiff Stephens, Wendel Raymond, Cathy Mattson",
2017_L_07,7/21/2013,20170723,Inside,2,20,0,Gravel,Sand,7,4,5.5,"Tiff Stephens, Wendel Raymond, Cathy Mattson",
2017_L_07,7/21/2013,20170723,Inside,3,30,0,Sandy mud,Gravel,2,7,4.5,"Tiff Stephens, Wendel Raymond, Cathy Mattson",
2017_L_07,7/21/2013,20170723,Inside,4,40,0,Sand,Sand,4,4,4,"Tiff Stephens, Wendel Raymond, Cathy Mattson",
2017_L_07,7/21/2013,20170723,Inside,5,50,0,Muddy Sand,Mud,3,1,2,"Tiff Stephens, Wendel Raymond, Cathy Mattson",
2017_L_07,7/21/2013,20170723,Inside,6,60,0,Sand,Muddy Sand,4,3,3.5,"Tiff Stephens, Wendel Raymond, Cathy Mattson",
2017_L_07,7/21/2013,20170723,Inside,7,70,0,Sand,Pebble,4,6,5,"Tiff Stephens, Wendel Raymond, Cathy Mattson",
2017_L_07,7/21/2013,20170723,Inside,8,80,0,Cobble,Pebble,8,6,7,"Tiff Stephens, Wendel Raymond, Cathy Mattson",
2017_L_07,7/21/2013,20170723,Inside,9,90,0,Cobble,Pebble,8,6,7,"Tiff Stephens, Wendel Raymond, Cathy Mattson",
2017_L_07,7/21/2013,20170723,Inside,10,100,0,Cobble,Pebble,8,6,7,"Tiff Stephens, Wendel Raymond, Cathy Mattson",
2017_L_07,7/21/2013,20170723,Outside,1,10,0,Muddy Sand,Gravel,3,7,5,"Tiff Stephens, Wendel Raymond, Cathy Mattson",
2017_L_07,7/21/2013,20170723,Outside,2,20,0,Muddy Sand,Gravel,3,7,5,"Tiff Stephens, Wendel Raymond, Cathy Mattson",
2017_L_07,7/21/2013,20170723,Outside,3,30,0,Muddy Sand,Gravel,3,7,5,"Tiff Stephens, Wendel Raymond, Cathy Mattson",
2017_L_07,7/21/2013,20170723,Outside,4,40,1,Muddy Sand,Gravel,3,7,5,"Tiff Stephens, Wendel Raymond, Cathy Mattson",
2017_L_07,7/21/2013,20170723,Outside,5,50,0,Sandy mud,Gravel,2,7,4.5,"Tiff Stephens, Wendel Raymond, Cathy Mattson",
2017_L_07,7/21/2013,20170723,Outside,6,60,0,Muddy Sand,Gravel,3,7,5,"Tiff Stephens, Wendel Raymond, Cathy Mattson",
2017_L_07,7/21/2013,20170723,Outside,7,70,0,Sandy mud,Gravel,2,7,4.5,"Tiff Stephens, Wendel Raymond, Cathy Mattson",
2017_L_07,7/21/2013,20170723,Outside,8,80,0,Sandy mud,Gravel,2,7,4.5,"Tiff Stephens, Wendel Raymond, Cathy Mattson",
2017_L_07,7/21/2013,20170723,Outside,9,90,1,Sandy mud,Gravel,2,7,4.5,"Tiff Stephens, Wendel Raymond, Cathy Mattson",
2017_L_07,7/21/2013,20170723,Outside,10,100,2,Sandy mud,Gravel,2,7,4.5,"Tiff Stephens, Wendel Raymond, Cathy Mattson",
2017_M_02,7/20/2013,20170721,Edge,1,10,0,Sand,Sand,4,4,4,"Wendel Raymond, Cathy Mattson, Tiff Stephens",
2017_M_02,7/20/2013,20170721,Edge,2,20,2,Sand,Sand,4,4,4,"Wendel Raymond, Cathy Mattson, Tiff Stephens",
2017_M_02,7/20/2013,20170721,Edge,3,30,0,Sand,Sand,4,4,4,"Wendel Raymond, Cathy Mattson, Tiff Stephens",
2017_M_02,7/20/2013,20170721,Edge,4,40,0,Sand,Sand,4,4,4,"Wendel Raymond, Cathy Mattson, Tiff Stephens",
2017_M_02,7/20/2013,20170721,Edge,5,50,0,Sand,Cobble,4,8,6,"Wendel Raymond, Cathy Mattson, Tiff Stephens",
2017_M_02,7/20/2013,20170721,Edge,6,60,0,Sand,Cobble,4,8,6,"Wendel Raymond, Cathy Mattson, Tiff Stephens",
2017_M_02,7/20/2013,20170721,Edge,7,70,1,Sand,Gravel,4,7,5.5,"Wendel Raymond, Cathy Mattson, Tiff Stephens",
2017_M_02,7/20/2013,20170721,Edge,8,80,0,Sand,Sand,4,4,4,"Wendel Raymond, Cathy Mattson, Tiff Stephens",
2017_M_02,7/20/2013,20170721,Edge,9,90,0,Muddy Sand,Mud,3,1,2,"Wendel Raymond, Cathy Mattson, Tiff Stephens",
2017_M_02,7/20/2013,20170721,Edge,10,100,0,Sand,Muddy Sand,4,3,3.5,"Wendel Raymond, Cathy Mattson, Tiff Stephens",
2017_M_02,7/20/2013,20170721,Inside,1,10,1,Sand,Sand,4,4,4,"Wendel Raymond, Cathy Mattson, Tiff Stephens",
2017_M_02,7/20/2013,20170721,Inside,2,20,1,Sand,Sand,4,4,4,"Wendel Raymond, Cathy Mattson, Tiff Stephens",
2017_M_02,7/20/2013,20170721,Inside,3,30,2,Sand,Sand,4,4,4,"Wendel Raymond, Cathy Mattson, Tiff Stephens",
2017_M_02,7/20/2013,20170721,Inside,4,40,0,Muddy Sand,Muddy Sand,3,3,3,"Wendel Raymond, Cathy Mattson, Tiff Stephens",
2017_M_02,7/20/2013,20170721,Inside,5,50,0,Muddy Sand,Muddy Sand,3,3,3,"Wendel Raymond, Cathy Mattson, Tiff Stephens",
2017_M_02,7/20/2013,20170721,Inside,6,60,0,Muddy Sand,Sand,3,4,3.5,"Wendel Raymond, Cathy Mattson, Tiff Stephens",
2017_M_02,7/20/2013,20170721,Inside,7,70,0,Muddy Sand,Muddy Sand,3,3,3,"Wendel Raymond, Cathy Mattson, Tiff Stephens",
2017_M_02,7/20/2013,20170721,Inside,8,80,0,Muddy Sand,Muddy Sand,3,3,3,"Wendel Raymond, Cathy Mattson, Tiff Stephens",
2017_M_02,7/20/2013,20170721,Inside,9,90,0,Muddy Sand,Muddy Sand,3,3,3,"Wendel Raymond, Cathy Mattson, Tiff Stephens",
2017_M_02,7/20/2013,20170721,Inside,10,100,1,Muddy Sand,Sand,3,4,3.5,"Wendel Raymond, Cathy Mattson, Tiff Stephens",
2017_M_02,7/20/2013,20170721,Outside,1,10,0,Sand,Gravel,4,7,5.5,"Wendel Raymond, Cathy Mattson, Tiff Stephens",
2017_M_02,7/20/2013,20170721,Outside,2,20,0,Sand,Gravel,4,7,5.5,"Wendel Raymond, Cathy Mattson, Tiff Stephens",
2017_M_02,7/20/2013,20170721,Outside,3,30,0,Cobble,Sand,8,4,6,"Wendel Raymond, Cathy Mattson, Tiff Stephens",
2017_M_02,7/20/2013,20170721,Outside,4,40,0,Cobble,Sand,8,4,6,"Wendel Raymond, Cathy Mattson, Tiff Stephens",
2017_M_02,7/20/2013,20170721,Outside,5,50,0,Cobble,Sand,8,4,6,"Wendel Raymond, Cathy Mattson, Tiff Stephens",
2017_M_02,7/20/2013,20170721,Outside,6,60,0,Cobble,Sand,8,4,6,"Wendel Raymond, Cathy Mattson, Tiff Stephens",
2017_M_02,7/20/2013,20170721,Outside,7,70,0,Cobble,Sand,8,4,6,"Wendel Raymond, Cathy Mattson, Tiff Stephens",
2017_M_02,7/20/2013,20170721,Outside,8,80,0,Sand,Gravel,4,7,5.5,"Wendel Raymond, Cathy Mattson, Tiff Stephens",
2017_M_02,7/20/2013,20170721,Outside,9,90,0,Gravel,Sand,7,4,5.5,"Wendel Raymond, Cathy Mattson, Tiff Stephens",
2017_M_02,7/20/2013,20170721,Outside,10,100,0,Cobble,Gravel,8,7,7.5,"Wendel Raymond, Cathy Mattson, Tiff Stephens",
2017_M_03,7/20/2013,20170721,Edge,1,10,0,Muddy Sand,Gravel,3,7,5,"Wendel Raymond, Cathy Mattson, Tiff Stephens",
2017_M_03,7/20/2013,20170721,Edge,2,20,1,Muddy Sand,Gravel,3,7,5,"Wendel Raymond, Cathy Mattson, Tiff Stephens",
2017_M_03,7/20/2013,20170721,Edge,3,30,2,Muddy Sand,Cobble,3,8,5.5,"Wendel Raymond, Cathy Mattson, Tiff Stephens",
2017_M_03,7/20/2013,20170721,Edge,4,40,0,Sand,Cobble,4,8,6,"Wendel Raymond, Cathy Mattson, Tiff Stephens",
2017_M_03,7/20/2013,20170721,Edge,5,50,0,Sand,Gravel,4,7,5.5,"Wendel Raymond, Cathy Mattson, Tiff Stephens",
2017_M_03,7/20/2013,20170721,Edge,6,60,0,Sand,Gravel,4,7,5.5,"Wendel Raymond, Cathy Mattson, Tiff Stephens",
2017_M_03,7/20/2013,20170721,Edge,7,70,0,Gravel,Sand,7,4,5.5,"Wendel Raymond, Cathy Mattson, Tiff Stephens",
2017_M_03,7/20/2013,20170721,Edge,8,80,0,Gravel,Sand,7,4,5.5,"Wendel Raymond, Cathy Mattson, Tiff Stephens",
2017_M_03,7/20/2013,20170721,Edge,9,90,4,Gravel,Sand,7,4,5.5,"Wendel Raymond, Cathy Mattson, Tiff Stephens",
2017_M_03,7/20/2013,20170721,Edge,10,100,15,Gravel,Sand,7,4,5.5,"Wendel Raymond, Cathy Mattson, Tiff Stephens",
2017_M_03,7/20/2013,20170721,Inside,1,10,8,Muddy Sand,Sand,3,4,3.5,"Wendel Raymond, Cathy Mattson, Tiff Stephens",
2017_M_03,7/20/2013,20170721,Inside,2,20,7,Muddy Sand,Sand,3,4,3.5,"Wendel Raymond, Cathy Mattson, Tiff Stephens",
2017_M_03,7/20/2013,20170721,Inside,3,30,9,Muddy Sand,Sand,3,4,3.5,"Wendel Raymond, Cathy Mattson, Tiff Stephens",
2017_M_03,7/20/2013,20170721,Inside,4,40,13,Muddy Sand,Sand,3,4,3.5,"Wendel Raymond, Cathy Mattson, Tiff Stephens",
2017_M_03,7/20/2013,20170721,Inside,5,50,15,Sand,Sand,4,4,4,"Wendel Raymond, Cathy Mattson, Tiff Stephens",
2017_M_03,7/20/2013,20170721,Inside,6,60,12,Sand,Sand,4,4,4,"Wendel Raymond, Cathy Mattson, Tiff Stephens",
2017_M_03,7/20/2013,20170721,Inside,7,70,7,Sand,Sand,4,4,4,"Wendel Raymond, Cathy Mattson, Tiff Stephens",
2017_M_03,7/20/2013,20170721,Inside,8,80,8,Sand,Sand,4,4,4,"Wendel Raymond, Cathy Mattson, Tiff Stephens",
2017_M_03,7/20/2013,20170721,Inside,9,90,12,Muddy Sand,Sand,3,4,3.5,"Wendel Raymond, Cathy Mattson, Tiff Stephens",
2017_M_03,7/20/2013,20170721,Inside,10,100,15,Muddy Sand,Sand,3,4,3.5,"Wendel Raymond, Cathy Mattson, Tiff Stephens",
2017_M_03,7/20/2013,20170721,Outside,1,10,2,Muddy Sand,Cobble,3,8,5.5,"Wendel Raymond, Cathy Mattson, Tiff Stephens",
2017_M_03,7/20/2013,20170721,Outside,2,20,2,Muddy Sand,Cobble,3,8,5.5,"Wendel Raymond, Cathy Mattson, Tiff Stephens",
2017_M_03,7/20/2013,20170721,Outside,3,30,1,Muddy Sand,Cobble,3,8,5.5,"Wendel Raymond, Cathy Mattson, Tiff Stephens",
2017_M_03,7/20/2013,20170721,Outside,4,40,3,Sand,Cobble,4,8,6,"Wendel Raymond, Cathy Mattson, Tiff Stephens",
2017_M_03,7/20/2013,20170721,Outside,5,50,2,Sand,Muddy Sand,4,3,3.5,"Wendel Raymond, Cathy Mattson, Tiff Stephens",
2017_M_03,7/20/2013,20170721,Outside,6,60,11,Sand,Gravel,4,7,5.5,"Wendel Raymond, Cathy Mattson, Tiff Stephens",
2017_M_03,7/20/2013,20170721,Outside,7,70,5,Muddy Sand,Gravel,3,7,5,"Wendel Raymond, Cathy Mattson, Tiff Stephens",
2017_M_03,7/20/2013,20170721,Outside,8,80,5,Muddy Sand,Gravel,3,7,5,"Wendel Raymond, Cathy Mattson, Tiff Stephens",
2017_M_03,7/20/2013,20170721,Outside,9,90,17,Muddy Sand,Gravel,3,7,5,"Wendel Raymond, Cathy Mattson, Tiff Stephens",
2017_M_03,7/20/2013,20170721,Outside,10,100,14,Sand,Gravel,4,7,5.5,"Wendel Raymond, Cathy Mattson, Tiff Stephens",
2017_M_04,7/11/2013,20170712,Edge,1,10,3,Muddy Sand,Muddy Sand,3,3,3,Ginny Eckert,
2017_M_04,7/11/2013,20170712,Edge,2,20,2,Sandy mud,Sandy mud,2,2,2,Ginny Eckert,
2017_M_04,7/11/2013,20170712,Edge,3,30,1,Muddy Sand,Sandy mud,3,2,2.5,Ginny Eckert,
2017_M_04,7/11/2013,20170712,Edge,4,40,4,Muddy Sand,Sandy mud,3,2,2.5,Ginny Eckert,
2017_M_04,7/11/2013,20170712,Edge,5,50,0,Muddy Sand,Sandy mud,3,2,2.5,Ginny Eckert,
2017_M_04,7/11/2013,20170712,Edge,6,60,2,Muddy Sand,Sandy mud,3,2,2.5,Ginny Eckert,
2017_M_04,7/11/2013,20170712,Edge,7,70,1,Muddy Sand,Sandy mud,3,2,2.5,Ginny Eckert,
2017_M_04,7/11/2013,20170712,Edge,8,80,0,Sandy mud,Sandy mud,2,2,2,Ginny Eckert,
2017_M_04,7/11/2013,20170712,Edge,9,90,0,Muddy Sand,Muddy Sand,3,3,3,Ginny Eckert,
2017_M_04,7/11/2013,20170712,Edge,10,100,0,Muddy Sand,Gravel,3,7,5,Ginny Eckert,
2017_M_04,7/11/2013,20170712,Inside,1,10,2,Mud,Mud,1,1,1,Ginny Eckert,
2017_M_04,7/11/2013,20170712,Inside,2,20,0,Mud,Mud,1,1,1,Ginny Eckert,
2017_M_04,7/11/2013,20170712,Inside,3,30,0,Mud,Mud,1,1,1,Ginny Eckert,
2017_M_04,7/11/2013,20170712,Inside,4,40,0,Mud,Mud,1,1,1,Ginny Eckert,
2017_M_04,7/11/2013,20170712,Inside,5,50,3,Mud,Mud,1,1,1,Ginny Eckert,
2017_M_04,7/11/2013,20170712,Inside,6,60,0,Mud,Mud,1,1,1,Ginny Eckert,
2017_M_04,7/11/2013,20170712,Inside,7,70,0,Mud,Mud,1,1,1,Ginny Eckert,
2017_M_04,7/11/2013,20170712,Inside,8,80,0,Mud,Mud,1,1,1,Ginny Eckert,
2017_M_04,7/11/2013,20170712,Inside,9,90,0,Mud,Mud,1,1,1,Ginny Eckert,
2017_M_04,7/11/2013,20170712,Inside,10,100,0,Mud,Mud,1,1,1,Ginny Eckert,
2017_M_04,7/11/2013,20170712,Outside,1,10,5,Muddy Sand,Muddy sand,3,3,3,Ashley Bolwerk,
2017_M_04,7/11/2013,20170712,Outside,2,20,1,Sandy mud,Muddy sand,2,3,2.5,Ashley Bolwerk,
2017_M_04,7/11/2013,20170712,Outside,3,30,5,Sandy mud,Mud,2,1,1.5,Ashley Bolwerk,
2017_M_04,7/11/2013,20170712,Outside,4,40,4,Sandy mud,Sandy mud,2,2,2,Ashley Bolwerk,
2017_M_04,7/11/2013,20170712,Outside,5,50,5,Sandy mud,Gravel,2,7,4.5,Ashley Bolwerk,
2017_M_04,7/11/2013,20170712,Outside,6,60,11,Sandy mud,Gravel,2,7,4.5,Ashley Bolwerk,
2017_M_04,7/11/2013,20170712,Outside,7,70,2,Sandy mud,Gravel,2,7,4.5,Ashley Bolwerk,
2017_M_04,7/11/2013,20170712,Outside,8,80,0,Sandy mud,Sandy mud,2,2,2,Ashley Bolwerk,
2017_M_04,7/11/2013,20170712,Outside,9,90,0,Muddy Sand,Gravel,3,7,5,Ashley Bolwerk,
2017_M_04,7/11/2013,20170712,Outside,10,100,0,Muddy Sand,Gravel,3,7,5,Ashley Bolwerk,
2017_M_05,7/11/2013,20170712,Edge,1,10,3,Muddy Sand,Gravel,3,7,5,Ashley Bolwerk,
2017_M_05,7/11/2013,20170712,Edge,2,20,4,Muddy Sand,Gravel,3,7,5,Ashley Bolwerk,
2017_M_05,7/11/2013,20170712,Edge,3,30,1,Muddy Sand,Gravel,3,7,5,Ashley Bolwerk,
2017_M_05,7/11/2013,20170712,Edge,4,40,1,Sandy mud,Gravel,2,7,4.5,Ashley Bolwerk,
2017_M_05,7/11/2013,20170712,Edge,5,50,1,Muddy Sand,Gravel,3,7,5,Ashley Bolwerk,
2017_M_05,7/11/2013,20170712,Edge,6,60,0,Muddy Sand,Gravel,3,7,5,Ashley Bolwerk,
2017_M_05,7/11/2013,20170712,Edge,7,70,0,Sandy mud,Gravel,2,7,4.5,Ashley Bolwerk,
2017_M_05,7/11/2013,20170712,Edge,8,80,0,Muddy Sand,Gravel,3,7,5,Ashley Bolwerk,
2017_M_05,7/11/2013,20170712,Edge,9,90,0,Muddy Sand,Gravel,3,7,5,Ashley Bolwerk,
2017_M_05,7/11/2013,20170712,Edge,10,100,0,Muddy Sand,Gravel,3,7,5,Ashley Bolwerk,
2017_M_05,7/11/2013,20170712,Inside,1,10,0,Mud,Mud,1,1,1,Ginny Eckert,
2017_M_05,7/11/2013,20170712,Inside,2,20,0,Mud,Mud,1,1,1,Ginny Eckert,
2017_M_05,7/11/2013,20170712,Inside,3,30,0,Mud,Mud,1,1,1,Ginny Eckert,
2017_M_05,7/11/2013,20170712,Inside,4,40,1,Mud,Mud,1,1,1,Ginny Eckert,
2017_M_05,7/11/2013,20170712,Inside,5,50,0,Mud,Mud,1,1,1,Ginny Eckert,
2017_M_05,7/11/2013,20170712,Inside,6,60,0,Mud,Mud,1,1,1,Ginny Eckert,
2017_M_05,7/11/2013,20170712,Inside,7,70,0,Mud,Mud,1,1,1,Ginny Eckert,
2017_M_05,7/11/2013,20170712,Inside,8,80,0,Mud,Mud,1,1,1,Ginny Eckert,
2017_M_05,7/11/2013,20170712,Inside,9,90,0,Mud,Mud,1,1,1,Ginny Eckert,
2017_M_05,7/11/2013,20170712,Inside,10,100,0,Mud,Mud,1,1,1,Ginny Eckert,
2017_M_05,7/11/2013,20170712,Outside,1,10,0,Sand,Gravel,4,7,5.5,Ginny Eckert,
2017_M_05,7/11/2013,20170712,Outside,2,20,0,Sand,Gravel,4,7,5.5,Ginny Eckert,
2017_M_05,7/11/2013,20170712,Outside,3,30,0,Sand,Gravel,4,7,5.5,Ginny Eckert,
2017_M_05,7/11/2013,20170712,Outside,4,40,0,Sand,Gravel,4,7,5.5,Ginny Eckert,
2017_M_05,7/11/2013,20170712,Outside,5,50,0,Sand,Gravel,4,7,5.5,Ginny Eckert,
2017_M_05,7/11/2013,20170712,Outside,6,60,0,Sand,Gravel,4,7,5.5,Ginny Eckert,
2017_M_05,7/11/2013,20170712,Outside,7,70,0,Sand,Gravel,4,7,5.5,Ginny Eckert,
2017_M_05,7/11/2013,20170712,Outside,8,80,0,Sand,Gravel,4,7,5.5,Ginny Eckert,
2017_M_05,7/11/2013,20170712,Outside,9,90,0,Sand,Gravel,4,7,5.5,Ginny Eckert,
2017_M_05,7/11/2013,20170712,Outside,10,100,0,Sand,Gravel,4,7,5.5,Ginny Eckert,
2017_M_07,7/25/2013,20170726,Edge,1,10,0,Sand,Gravel,4,7,5.5,"Tiff Stephens, Wendel Raymond, Cathy Mattson",
2017_M_07,7/25/2013,20170726,Edge,2,20,1,Sand,Gravel,4,7,5.5,"Tiff Stephens, Wendel Raymond, Cathy Mattson",
2017_M_07,7/25/2013,20170726,Edge,3,30,1,Sand,Gravel,4,7,5.5,"Tiff Stephens, Wendel Raymond, Cathy Mattson",
2017_M_07,7/25/2013,20170726,Edge,4,40,5,Muddy Sand,Gravel,3,7,5,"Tiff Stephens, Wendel Raymond, Cathy Mattson",
2017_M_07,7/25/2013,20170726,Edge,5,50,2,Muddy Sand,Gravel,3,7,5,"Tiff Stephens, Wendel Raymond, Cathy Mattson",
2017_M_07,7/25/2013,20170726,Edge,6,60,6,Muddy Sand,Pebble,3,6,4.5,"Tiff Stephens, Wendel Raymond, Cathy Mattson",
2017_M_07,7/25/2013,20170726,Edge,7,70,4,Muddy Sand,Pebble,3,6,4.5,"Tiff Stephens, Wendel Raymond, Cathy Mattson",
2017_M_07,7/25/2013,20170726,Edge,8,80,2,Muddy Sand,Gravel,3,7,5,"Tiff Stephens, Wendel Raymond, Cathy Mattson",
2017_M_07,7/25/2013,20170726,Edge,9,90,4,Muddy Sand,Gravel,3,7,5,"Tiff Stephens, Wendel Raymond, Cathy Mattson",
2017_M_07,7/25/2013,20170726,Edge,10,100,1,Muddy Sand,Muddy Sand,3,3,3,"Tiff Stephens, Wendel Raymond, Cathy Mattson",
2017_M_07,7/25/2013,20170726,Inside,1,10,0,Sand,Gravel,4,7,5.5,"Tiff Stephens, Wendel Raymond, Cathy Mattson",
2017_M_07,7/25/2013,20170726,Inside,2,20,1,Muddy Sand,Gravel,3,7,5,"Tiff Stephens, Wendel Raymond, Cathy Mattson",
2017_M_07,7/25/2013,20170726,Inside,3,30,0,Sand,Gravel,4,7,5.5,"Tiff Stephens, Wendel Raymond, Cathy Mattson",
2017_M_07,7/25/2013,20170726,Inside,4,40,1,Muddy Sand,Muddy Sand,3,3,3,"Tiff Stephens, Wendel Raymond, Cathy Mattson",
2017_M_07,7/25/2013,20170726,Inside,5,50,0,Muddy Sand,Muddy Sand,3,3,3,"Tiff Stephens, Wendel Raymond, Cathy Mattson",
2017_M_07,7/25/2013,20170726,Inside,6,60,0,Muddy Sand,Muddy Sand,3,3,3,"Tiff Stephens, Wendel Raymond, Cathy Mattson",
2017_M_07,7/25/2013,20170726,Inside,7,70,0,Muddy Sand,Muddy Sand,3,3,3,"Tiff Stephens, Wendel Raymond, Cathy Mattson",
2017_M_07,7/25/2013,20170726,Inside,8,80,0,Sand,Cobble,4,8,6,"Tiff Stephens, Wendel Raymond, Cathy Mattson",
2017_M_07,7/25/2013,20170726,Inside,9,90,0,Sand,Cobble,4,8,6,"Tiff Stephens, Wendel Raymond, Cathy Mattson",
2017_M_07,7/25/2013,20170726,Inside,10,100,0,Sand,Cobble,4,8,6,"Tiff Stephens, Wendel Raymond, Cathy Mattson",
2017_M_07,7/25/2013,20170726,Outside,1,10,1,Sand,Gravel,4,7,5.5,"Tiff Stephens, Wendel Raymond, Cathy Mattson",
2017_M_07,7/25/2013,20170726,Outside,2,20,2,Sand,Gravel,4,7,5.5,"Tiff Stephens, Wendel Raymond, Cathy Mattson",
2017_M_07,7/25/2013,20170726,Outside,3,30,3,Sand,Gravel,4,7,5.5,"Tiff Stephens, Wendel Raymond, Cathy Mattson",
2017_M_07,7/25/2013,20170726,Outside,4,40,2,Sand,Gravel,4,7,5.5,"Tiff Stephens, Wendel Raymond, Cathy Mattson",
2017_M_07,7/25/2013,20170726,Outside,5,50,2,Sand,Gravel,4,7,5.5,"Tiff Stephens, Wendel Raymond, Cathy Mattson",
2017_M_07,7/25/2013,20170726,Outside,6,60,5,Sand,Gravel,4,7,5.5,"Tiff Stephens, Wendel Raymond, Cathy Mattson",
2017_M_07,7/25/2013,20170726,Outside,7,70,9,Muddy Sand,Gravel,3,7,5,"Tiff Stephens, Wendel Raymond, Cathy Mattson",
2017_M_07,7/25/2013,20170726,Outside,8,80,2,Muddy Sand,Pebble,3,6,4.5,"Tiff Stephens, Wendel Raymond, Cathy Mattson",
2017_M_07,7/25/2013,20170726,Outside,9,90,4,Muddy Sand,Muddy Sand,3,3,3,"Tiff Stephens, Wendel Raymond, Cathy Mattson",
2017_M_07,7/25/2013,20170726,Outside,10,100,6,Muddy Sand,Muddy Sand,3,3,3,"Tiff Stephens, Wendel Raymond, Cathy Mattson",
2017_H_01,8/18/2013,20170819,Edge,1,10,0,Mud,Mud,1,1,1,"Ashley Bolwerk, Nicole LaRoche",
2017_H_01,8/18/2013,20170819,Edge,2,20,0,Sandy Mud,Sand,2,3,2.5,"Ashley Bolwerk, Nicole LaRoche",
2017_H_01,8/18/2013,20170819,Edge,3,30,2,Sand,Pebble,4,6,5,"Ashley Bolwerk, Nicole LaRoche",
2017_H_01,8/18/2013,20170819,Edge,4,40,0,Sand,Pebble,4,3,3.5,"Ashley Bolwerk, Nicole LaRoche",
2017_H_01,8/18/2013,20170819,Edge,5,50,0,Muddy Sand,Muddy Sand,3,3,3,"Ashley Bolwerk, Nicole LaRoche",
2017_H_01,8/18/2013,20170819,Edge,6,60,0,Sand,Pebble,4,6,5,"Ashley Bolwerk, Nicole LaRoche",
2017_H_01,8/18/2013,20170819,Edge,7,70,3,Sand,Pebble,4,6,5,"Ashley Bolwerk, Nicole LaRoche",
2017_H_01,8/18/2013,20170819,Edge,8,80,0,Sand,Pebble,4,6,5,"Ashley Bolwerk, Nicole LaRoche",
2017_H_01,8/18/2013,20170819,Edge,9,90,1,Sand,Pebble,4,6,5,"Ashley Bolwerk, Nicole LaRoche",
2017_H_01,8/18/2013,20170819,Edge,10,100,0,Sand,Pebble,4,6,5,"Ashley Bolwerk, Nicole LaRoche",
2017_H_01,8/18/2013,20170819,Inside,1,10,0,Mud,Mud,1,1,1,"Ashley Bolwerk, Nicole LaRoche",
2017_H_01,8/18/2013,20170819,Inside,2,20,0,Mud,Mud,1,1,1,"Ashley Bolwerk, Nicole LaRoche",
2017_H_01,8/18/2013,20170819,Inside,3,30,2,Gravel,Mud,7,1,4,"Ashley Bolwerk, Nicole LaRoche",
2017_H_01,8/18/2013,20170819,Inside,4,40,0,Mud,Mud,1,1,1,"Ashley Bolwerk, Nicole LaRoche",
2017_H_01,8/18/2013,20170819,Inside,5,50,0,Mud,Mud,1,1,1,"Ashley Bolwerk, Nicole LaRoche",
2017_H_01,8/18/2013,20170819,Inside,6,60,0,Mud,Mud,1,1,1,"Ashley Bolwerk, Nicole LaRoche",
2017_H_01,8/18/2013,20170819,Inside,7,70,1,Mud,Mud,1,1,1,"Ashley Bolwerk, Nicole LaRoche",
2017_H_01,8/18/2013,20170819,Inside,8,80,0,Mud,Mud,1,1,1,"Ashley Bolwerk, Nicole LaRoche",
2017_H_01,8/18/2013,20170819,Inside,9,90,0,Mud,Mud,1,1,1,"Ashley Bolwerk, Nicole LaRoche",
2017_H_01,8/18/2013,20170819,Inside,10,100,0,Mud,Mud,1,1,1,"Ashley Bolwerk, Nicole LaRoche",
2017_H_01,8/18/2013,20170819,Outside,1,10,5,Muddy Sand,Muddy Sand,3,3,3,"Ashley Bolwerk, Nicole LaRoche",
2017_H_01,8/18/2013,20170819,Outside,2,20,5,Muddy Sand,Muddy Sand,3,3,3,"Ashley Bolwerk, Nicole LaRoche",
2017_H_01,8/18/2013,20170819,Outside,3,30,5,Muddy Sand,Cobble,3,8,5.5,"Ashley Bolwerk, Nicole LaRoche",
2017_H_01,8/18/2013,20170819,Outside,4,40,5,Muddy Sand,Cobble,3,8,5.5,"Ashley Bolwerk, Nicole LaRoche",
2017_H_01,8/18/2013,20170819,Outside,5,50,10,Muddy Sand,Cobble,3,8,5.5,"Ashley Bolwerk, Nicole LaRoche",
2017_H_01,8/18/2013,20170819,Outside,6,60,5,Muddy Sand,Muddy Sand,3,3,3,"Ashley Bolwerk, Nicole LaRoche",
2017_H_01,8/18/2013,20170819,Outside,7,70,10,Muddy Sand,Muddy Sand,3,3,3,"Ashley Bolwerk, Nicole LaRoche",
2017_H_01,8/18/2013,20170819,Outside,8,80,25,Sandy Mud,Mud,2,1,1.5,"Ashley Bolwerk, Nicole LaRoche",
2017_H_01,8/18/2013,20170819,Outside,9,90,30,Sandy Mud,Mud,2,1,1.5,"Ashley Bolwerk, Nicole LaRoche",
2017_H_01,8/18/2013,20170819,Outside,10,100,5,Sandy Mud,Mud,2,1,1.5,"Ashley Bolwerk, Nicole LaRoche",
2017_H_02,8/21/2013,20170822,Edge,1,10,0,Mud,Mud,1,1,1,"Ashley Bolwerk, Nicole LaRoche",
2017_H_02,8/21/2013,20170822,Edge,2,20,1,Mud,Mud,1,1,1,"Ashley Bolwerk, Nicole LaRoche",
2017_H_02,8/21/2013,20170822,Edge,3,30,1,Mud,Mud,1,1,1,"Ashley Bolwerk, Nicole LaRoche",
2017_H_02,8/21/2013,20170822,Edge,4,40,3,Sandy Mud,Coarse Sand,2,5,3.5,"Ashley Bolwerk, Nicole LaRoche",
2017_H_02,8/21/2013,20170822,Edge,5,50,4,Sandy Mud,Coarse Sand,2,5,3.5,"Ashley Bolwerk, Nicole LaRoche",
2017_H_02,8/21/2013,20170822,Edge,6,60,2,Sandy Mud,Mud,2,1,1.5,"Ashley Bolwerk, Nicole LaRoche",
2017_H_02,8/21/2013,20170822,Edge,7,70,3,Sandy Mud,Mud,2,1,1.5,"Ashley Bolwerk, Nicole LaRoche",
2017_H_02,8/21/2013,20170822,Edge,8,80,2,Mud,Mud,1,1,1,"Ashley Bolwerk, Nicole LaRoche",
2017_H_02,8/21/2013,20170822,Edge,9,90,0,Mud,Mud,1,1,1,"Ashley Bolwerk, Nicole LaRoche",
2017_H_02,8/21/2013,20170822,Edge,10,100,0,Mud,Mud,1,1,1,"Ashley Bolwerk, Nicole LaRoche",
2017_H_02,8/21/2013,20170822,Inside,1,10,0,Mud,Mud,1,1,1,"Ashley Bolwerk, Nicole LaRoche",
2017_H_02,8/21/2013,20170822,Inside,2,20,0,Mud,Mud,1,1,1,"Ashley Bolwerk, Nicole LaRoche",
2017_H_02,8/21/2013,20170822,Inside,3,30,0,Mud,Mud,1,1,1,"Ashley Bolwerk, Nicole LaRoche",
2017_H_02,8/21/2013,20170822,Inside,4,40,1,Sandy Mud,Mud,2,1,1.5,"Ashley Bolwerk, Nicole LaRoche",
2017_H_02,8/21/2013,20170822,Inside,5,50,2,Sandy Mud,Gravel,2,7,4.5,"Ashley Bolwerk, Nicole LaRoche",
2017_H_02,8/21/2013,20170822,Inside,6,60,1,Sandy Mud,Mud,2,1,1.5,"Ashley Bolwerk, Nicole LaRoche",
2017_H_02,8/21/2013,20170822,Inside,7,70,0,Mud,Mud,1,1,1,"Ashley Bolwerk, Nicole LaRoche",
2017_H_02,8/21/2013,20170822,Inside,8,80,0,Mud,Mud,1,1,1,"Ashley Bolwerk, Nicole LaRoche",
2017_H_02,8/21/2013,20170822,Inside,9,90,0,Mud,Mud,1,1,1,"Ashley Bolwerk, Nicole LaRoche",
2017_H_02,8/21/2013,20170822,Inside,10,100,0,Mud,Mud,1,1,1,"Ashley Bolwerk, Nicole LaRoche",
2017_H_02,8/21/2013,20170822,Outside,1,10,0,Mud,Mud,1,1,1,"Ashley Bolwerk, Nicole LaRoche",
2017_H_02,8/21/2013,20170822,Outside,2,20,0,Mud,Mud,1,1,1,"Ashley Bolwerk, Nicole LaRoche",
2017_H_02,8/21/2013,20170822,Outside,3,30,0,Mud,Sandy mud,1,2,1.5,"Ashley Bolwerk, Nicole LaRoche",
2017_H_02,8/21/2013,20170822,Outside,4,40,0,Mud,Sandy mud,1,2,1.5,"Ashley Bolwerk, Nicole LaRoche",
2017_H_02,8/21/2013,20170822,Outside,5,50,0,Mud,Sandy mud,1,2,1.5,"Ashley Bolwerk, Nicole LaRoche",
2017_H_02,8/21/2013,20170822,Outside,6,60,1,Muddy Sand,Coarse Sand,3,5,4,"Ashley Bolwerk, Nicole LaRoche",
2017_H_02,8/21/2013,20170822,Outside,7,70,1,Muddy Sand,Sand,3,4,3.5,"Ashley Bolwerk, Nicole LaRoche",
2017_H_02,8/21/2013,20170822,Outside,8,80,0,Coarse Sand,Sand,5,4,4.5,"Ashley Bolwerk, Nicole LaRoche",
2017_H_02,8/21/2013,20170822,Outside,9,90,0,Muddy Sand,Coarse Sand,3,5,4,"Ashley Bolwerk, Nicole LaRoche",
2017_H_02,8/21/2013,20170822,Outside,10,100,1,Muddy Sand,Coarse Sand,3,5,4,"Ashley Bolwerk, Nicole LaRoche",
2017_H_03,8/20/2013,20170821,Edge,1,10,1,Mud,Mud,1,1,1,"Ashley Bolwerk, Nicole LaRoche",
2017_H_03,8/20/2013,20170821,Edge,2,20,0,Mud,Mud,1,1,1,"Ashley Bolwerk, Nicole LaRoche",
2017_H_03,8/20/2013,20170821,Edge,3,30,1,Mud,Mud,1,1,1,"Ashley Bolwerk, Nicole LaRoche",
2017_H_03,8/20/2013,20170821,Edge,4,40,1,Mud,Mud,1,1,1,"Ashley Bolwerk, Nicole LaRoche",
2017_H_03,8/20/2013,20170821,Edge,5,50,0,Mud,Mud,1,1,1,"Ashley Bolwerk, Nicole LaRoche",
2017_H_03,8/20/2013,20170821,Edge,6,60,0,Mud,Mud,1,1,1,"Ashley Bolwerk, Nicole LaRoche",
2017_H_03,8/20/2013,20170821,Edge,7,70,0,Mud,Mud,1,1,1,"Ashley Bolwerk, Nicole LaRoche",
2017_H_03,8/20/2013,20170821,Edge,8,80,0,Mud,Mud,1,1,1,"Ashley Bolwerk, Nicole LaRoche",
2017_H_03,8/20/2013,20170821,Edge,9,90,0,Mud,Mud,1,1,1,"Ashley Bolwerk, Nicole LaRoche",
2017_H_03,8/20/2013,20170821,Edge,10,100,0,Mud,Mud,1,1,1,"Ashley Bolwerk, Nicole LaRoche",
2017_H_03,8/20/2013,20170821,Inside,1,10,0,Mud,Mud,1,1,1,"Ashley Bolwerk, Nicole LaRoche",
2017_H_03,8/20/2013,20170821,Inside,2,20,0,Mud,Mud,1,1,1,"Ashley Bolwerk, Nicole LaRoche",
2017_H_03,8/20/2013,20170821,Inside,3,30,0,Mud,Mud,1,1,1,"Ashley Bolwerk, Nicole LaRoche",
2017_H_03,8/20/2013,20170821,Inside,4,40,0,Mud,Mud,1,1,1,"Ashley Bolwerk, Nicole LaRoche",
2017_H_03,8/20/2013,20170821,Inside,5,50,0,Mud,Mud,1,1,1,"Ashley Bolwerk, Nicole LaRoche",
2017_H_03,8/20/2013,20170821,Inside,6,60,0,Mud,Mud,1,1,1,"Ashley Bolwerk, Nicole LaRoche",
2017_H_03,8/20/2013,20170821,Inside,7,70,0,Mud,Mud,1,1,1,"Ashley Bolwerk, Nicole LaRoche",
2017_H_03,8/20/2013,20170821,Inside,8,80,0,Mud,Mud,1,1,1,"Ashley Bolwerk, Nicole LaRoche",
2017_H_03,8/20/2013,20170821,Inside,9,90,0,Mud,Mud,1,1,1,"Ashley Bolwerk, Nicole LaRoche",
2017_H_03,8/20/2013,20170821,Inside,10,100,0,Mud,Mud,1,1,1,"Ashley Bolwerk, Nicole LaRoche",
2017_H_03,8/20/2013,20170821,Outside,1,10,0,Gravel,Mud,7,1,4,"Ashley Bolwerk, Nicole LaRoche",
2017_H_03,8/20/2013,20170821,Outside,2,20,0,Gravel,Mud,7,1,4,"Ashley Bolwerk, Nicole LaRoche",
2017_H_03,8/20/2013,20170821,Outside,3,30,0,Gravel,Mud,7,1,4,"Ashley Bolwerk, Nicole LaRoche",
2017_H_03,8/20/2013,20170821,Outside,4,40,0,Gravel,Mud,7,1,4,"Ashley Bolwerk, Nicole LaRoche",
2017_H_03,8/20/2013,20170821,Outside,5,50,0,Gravel,Mud,7,1,4,"Ashley Bolwerk, Nicole LaRoche",
2017_H_03,8/20/2013,20170821,Outside,6,60,0,Gravel,Mud,7,1,4,"Ashley Bolwerk, Nicole LaRoche",
2017_H_03,8/20/2013,20170821,Outside,7,70,0,Gravel,Mud,7,1,4,"Ashley Bolwerk, Nicole LaRoche",
2017_H_03,8/20/2013,20170821,Outside,8,80,0,Mud,Mud,1,1,1,"Ashley Bolwerk, Nicole LaRoche",
2017_H_03,8/20/2013,20170821,Outside,9,90,0,Gravel,Mud,7,1,4,"Ashley Bolwerk, Nicole LaRoche",
2017_H_03,8/20/2013,20170821,Outside,10,100,0,Gravel,Mud,7,1,4,"Ashley Bolwerk, Nicole LaRoche",
2017_H_07,8/19/2013,20170820,Edge,1,10,3,Sandy Mud,Cobble,2,8,5,"Tiff Stephens, Earthwatch",
2017_H_07,8/19/2013,20170820,Edge,2,20,6,Muddy Sand,Cobble,3,8,5.5,"Tiff Stephens, Earthwatch",
2017_H_07,8/19/2013,20170820,Edge,3,30,8,Muddy Sand,Cobble,3,8,5.5,"Tiff Stephens, Earthwatch",
2017_H_07,8/19/2013,20170820,Edge,4,40,10,Muddy Sand,Gravel,3,7,5,"Tiff Stephens, Earthwatch",
2017_H_07,8/19/2013,20170820,Edge,5,50,10,Muddy Sand,Gravel,3,7,5,"Tiff Stephens, Earthwatch",
2017_H_07,8/19/2013,20170820,Edge,6,60,6,Muddy Sand,Gravel,3,7,5,"Tiff Stephens, Earthwatch",
2017_H_07,8/19/2013,20170820,Edge,7,70,4,Muddy Sand,Gravel,3,7,5,"Tiff Stephens, Earthwatch",
2017_H_07,8/19/2013,20170820,Edge,8,80,9,Muddy Sand,Gravel,3,7,5,"Tiff Stephens, Earthwatch",
2017_H_07,8/19/2013,20170820,Edge,9,90,14,Muddy Sand,Gravel,3,7,5,"Tiff Stephens, Earthwatch",
2017_H_07,8/19/2013,20170820,Edge,10,100,15,Sand,Gravel,4,7,5.5,"Tiff Stephens, Earthwatch",
2017_H_07,8/19/2013,20170820,Inside,1,10,0,Muddy Sand,Muddy Sand,3,3,3,"Tiff Stephens, Earthwatch",
2017_H_07,8/19/2013,20170820,Inside,2,20,2,Muddy Sand,Muddy Sand,3,3,3,"Tiff Stephens, Earthwatch",
2017_H_07,8/19/2013,20170820,Inside,3,30,1,Muddy Sand,Muddy Sand,3,3,3,"Tiff Stephens, Earthwatch",
2017_H_07,8/19/2013,20170820,Inside,4,40,0,Sand,Muddy Sand,4,3,3.5,"Tiff Stephens, Earthwatch",
2017_H_07,8/19/2013,20170820,Inside,5,50,0,Muddy Sand,Muddy Sand,3,3,3,"Tiff Stephens, Earthwatch",
2017_H_07,8/19/2013,20170820,Inside,6,60,0,Muddy Sand,Sand,3,4,3.5,"Tiff Stephens, Earthwatch",
2017_H_07,8/19/2013,20170820,Inside,7,70,0,Muddy Sand,Muddy Sand,3,3,3,"Tiff Stephens, Earthwatch",
2017_H_07,8/19/2013,20170820,Inside,8,80,2,Muddy Sand,Muddy Sand,3,3,3,"Tiff Stephens, Earthwatch",
2017_H_07,8/19/2013,20170820,Inside,9,90,0,Muddy Sand,Sand,3,4,3.5,"Tiff Stephens, Earthwatch",
2017_H_07,8/19/2013,20170820,Inside,10,100,6,Sandy Mud,Cobble,3,8,5.5,"Tiff Stephens, Earthwatch",
2017_H_07,8/19/2013,20170820,Outside,1,10,6,Muddy Sand,Boulder,3,9,6,"Tiff Stephens, Earthwatch",
2017_H_07,8/19/2013,20170820,Outside,2,20,2,Muddy Sand,Cobble,3,8,5.5,"Tiff Stephens, Earthwatch",
2017_H_07,8/19/2013,20170820,Outside,3,30,1,Muddy Sand,Cobble,3,8,5.5,"Tiff Stephens, Earthwatch",
2017_H_07,8/19/2013,20170820,Outside,4,40,2,Sand,Gravel,4,7,5.5,"Tiff Stephens, Earthwatch",
2017_H_07,8/19/2013,20170820,Outside,5,50,2,Muddy Sand,Gravel,3,7,5,"Tiff Stephens, Earthwatch",
2017_H_07,8/19/2013,20170820,Outside,6,60,8,Muddy Sand,Gravel,3,7,5,"Tiff Stephens, Earthwatch",
2017_H_07,8/19/2013,20170820,Outside,7,70,2,Muddy Sand,Gravel,3,7,5,"Tiff Stephens, Earthwatch",
2017_H_07,8/19/2013,20170820,Outside,8,80,2,Sand,Gravel,4,7,5.5,"Tiff Stephens, Earthwatch",
2017_H_07,8/19/2013,20170820,Outside,9,90,4,Sand,Gravel,4,7,5.5,"Tiff Stephens, Earthwatch",
2017_H_07,8/19/2013,20170820,Outside,10,100,3,Sand,Gravel,4,7,5.5,"Tiff Stephens, Earthwatch",
2017_M_06,8/20/2013,20170821,Edge,1,10,0,Sand,Cobble,4,8,6,"Wendel Raymond, Cathy Mattson, Tiff Stephens",
2017_M_06,8/20/2013,20170821,Edge,2,20,0,Sand,Cobble,4,8,6,"Wendel Raymond, Cathy Mattson, Tiff Stephens",
2017_M_06,8/20/2013,20170821,Edge,3,30,0,Sand,Cobble,4,8,6,"Wendel Raymond, Cathy Mattson, Tiff Stephens",
2017_M_06,8/20/2013,20170821,Edge,4,40,0,Sand,Sand,4,4,4,"Wendel Raymond, Cathy Mattson, Tiff Stephens",
2017_M_06,8/20/2013,20170821,Edge,5,50,0,Sand,Sand,4,4,4,"Wendel Raymond, Cathy Mattson, Tiff Stephens",
2017_M_06,8/20/2013,20170821,Edge,6,60,0,Sand,Sand,4,4,4,"Wendel Raymond, Cathy Mattson, Tiff Stephens",
2017_M_06,8/20/2013,20170821,Edge,7,70,0,Sand,Sand,4,4,4,"Wendel Raymond, Cathy Mattson, Tiff Stephens",
2017_M_06,8/20/2013,20170821,Edge,8,80,0,Gravel,Sand,7,4,5.5,"Wendel Raymond, Cathy Mattson, Tiff Stephens",
2017_M_06,8/20/2013,20170821,Edge,9,90,0,Gravel,Sand,7,4,5.5,"Wendel Raymond, Cathy Mattson, Tiff Stephens",
2017_M_06,8/20/2013,20170821,Edge,10,100,0,Gravel,Sand,7,4,5.5,"Wendel Raymond, Cathy Mattson, Tiff Stephens",
2017_M_06,8/20/2013,20170821,Inside,1,10,0,Coarse Sand,Cobble,5,8,6.5,"Wendel Raymond, Cathy Mattson, Tiff Stephens",
2017_M_06,8/20/2013,20170821,Inside,2,20,0,Coarse Sand,Cobble,5,8,6.5,"Wendel Raymond, Cathy Mattson, Tiff Stephens",
2017_M_06,8/20/2013,20170821,Inside,3,30,0,Coarse Sand,Cobble,5,8,6.5,"Wendel Raymond, Cathy Mattson, Tiff Stephens",
2017_M_06,8/20/2013,20170821,Inside,4,40,0,Coarse Sand,Gravel,5,7,6,"Wendel Raymond, Cathy Mattson, Tiff Stephens",
2017_M_06,8/20/2013,20170821,Inside,5,50,0,Coarse Sand,Gravel,5,7,6,"Wendel Raymond, Cathy Mattson, Tiff Stephens",
2017_M_06,8/20/2013,20170821,Inside,6,60,0,Sand,Pebble,4,6,5,"Wendel Raymond, Cathy Mattson, Tiff Stephens",
2017_M_06,8/20/2013,20170821,Inside,7,70,0,Sand,Gravel,4,7,5.5,"Wendel Raymond, Cathy Mattson, Tiff Stephens",
2017_M_06,8/20/2013,20170821,Inside,8,80,0,Sand,Gravel,4,7,5.5,"Wendel Raymond, Cathy Mattson, Tiff Stephens",
2017_M_06,8/20/2013,20170821,Inside,9,90,0,Coarse Sand,Cobble,5,8,6.5,"Wendel Raymond, Cathy Mattson, Tiff Stephens",
2017_M_06,8/20/2013,20170821,Inside,10,100,0,Coarse Sand,Gravel,5,7,6,"Wendel Raymond, Cathy Mattson, Tiff Stephens",
2017_M_06,8/20/2013,20170821,Outside,1,10,0,Coarse Sand,Cobble,5,8,6.5,"Wendel Raymond, Cathy Mattson, Tiff Stephens",
2017_M_06,8/20/2013,20170821,Outside,2,20,0,Coarse Sand,Cobble,5,8,6.5,"Wendel Raymond, Cathy Mattson, Tiff Stephens",
2017_M_06,8/20/2013,20170821,Outside,3,30,0,Coarse Sand,Cobble,5,8,6.5,"Wendel Raymond, Cathy Mattson, Tiff Stephens",
2017_M_06,8/20/2013,20170821,Outside,4,40,0,Coarse Sand,Cobble,5,8,6.5,"Wendel Raymond, Cathy Mattson, Tiff Stephens",
2017_M_06,8/20/2013,20170821,Outside,5,50,0,Coarse Sand,Gravel,5,7,6,"Wendel Raymond, Cathy Mattson, Tiff Stephens",
2017_M_06,8/20/2013,20170821,Outside,6,60,0,Sand,Gravel,4,7,5.5,"Wendel Raymond, Cathy Mattson, Tiff Stephens",
2017_M_06,8/20/2013,20170821,Outside,7,70,0,Sand,Gravel,4,7,5.5,"Wendel Raymond, Cathy Mattson, Tiff Stephens",
2017_M_06,8/20/2013,20170821,Outside,8,80,0,Coarse Sand,Gravel,5,7,6,"Wendel Raymond, Cathy Mattson, Tiff Stephens",
2017_M_06,8/20/2013,20170821,Outside,9,90,0,Coarse Sand,Gravel,5,7,6,"Wendel Raymond, Cathy Mattson, Tiff Stephens",
2017_M_06,8/20/2013,20170821,Outside,10,100,1,Coarse Sand,Gravel,5,7,6,"Wendel Raymond, Cathy Mattson, Tiff Stephens",
2017_M_08,8/21/2013,20170822,Edge,1,10,0,Muddy Sand,Gravel,3,7,5,Wendel Raymond,
2017_M_08,8/21/2013,20170822,Edge,2,20,0,Muddy Sand,Gravel,3,7,5,Wendel Raymond,
2017_M_08,8/21/2013,20170822,Edge,3,30,0,Coarse Sand,Gravel,5,7,6,Wendel Raymond,
2017_M_08,8/21/2013,20170822,Edge,4,40,0,Coarse Sand,Gravel,5,7,6,Wendel Raymond,
2017_M_08,8/21/2013,20170822,Edge,5,50,0,Coarse Sand,Coarse Sand,5,5,5,Wendel Raymond,
2017_M_08,8/21/2013,20170822,Edge,6,60,0,Coarse Sand,Gravel,5,7,6,Wendel Raymond,
2017_M_08,8/21/2013,20170822,Edge,7,70,0,Coarse Sand,Gravel,5,7,6,Wendel Raymond,
2017_M_08,8/21/2013,20170822,Edge,8,80,0,Muddy Sand,Gravel,3,7,5,Wendel Raymond,
2017_M_08,8/21/2013,20170822,Edge,9,90,0,Muddy Sand,Gravel,3,7,5,Wendel Raymond,
2017_M_08,8/21/2013,20170822,Edge,10,100,0,Muddy Sand,Gravel,3,7,5,Wendel Raymond,
2017_M_08,8/21/2013,20170822,Inside,1,10,0,Muddy Sand,Sandy mud,3,2,2.5,Wendel Raymond,
2017_M_08,8/21/2013,20170822,Inside,2,20,0,Muddy Sand,Muddy Sand,3,3,3,Wendel Raymond,
2017_M_08,8/21/2013,20170822,Inside,3,30,0,Muddy Sand,Sand,3,4,3.5,Wendel Raymond,
2017_M_08,8/21/2013,20170822,Inside,4,40,0,Muddy Sand,Sand,3,4,3.5,Wendel Raymond,
2017_M_08,8/21/2013,20170822,Inside,5,50,0,Muddy Sand,Gravel,3,7,5,Wendel Raymond,
2017_M_08,8/21/2013,20170822,Inside,6,60,0,Gravel,Muddy Sand,7,3,5,Wendel Raymond,
2017_M_08,8/21/2013,20170822,Inside,7,70,0,Sandy Mud,Gravel,2,7,4.5,Wendel Raymond,
2017_M_08,8/21/2013,20170822,Inside,8,80,0,Sand,Gravel,4,7,5.5,Wendel Raymond,
2017_M_08,8/21/2013,20170822,Inside,9,90,0,Muddy Sand,Gravel,3,7,5,Wendel Raymond,
2017_M_08,8/21/2013,20170822,Inside,10,100,0,Muddy Sand,Gravel,3,7,5,Wendel Raymond,
2017_M_08,8/21/2013,20170822,Outside,1,10,0,Muddy Sand,Gravel,3,7,5,Wendel Raymond,
2017_M_08,8/21/2013,20170822,Outside,2,20,0,Coarse Sand,Gravel,5,7,6,Wendel Raymond,
2017_M_08,8/21/2013,20170822,Outside,3,30,0,Muddy Sand,Gravel,3,7,5,Wendel Raymond,
2017_M_08,8/21/2013,20170822,Outside,4,40,0,Gravel,Coarse Sand,7,5,6,Wendel Raymond,
2017_M_08,8/21/2013,20170822,Outside,5,50,0,Gravel,Coarse Sand,7,5,6,Wendel Raymond,
2017_M_08,8/21/2013,20170822,Outside,6,60,0,Coarse Sand,Gravel,5,7,6,Wendel Raymond,
2017_M_08,8/21/2013,20170822,Outside,7,70,0,Coarse Sand,Gravel,5,7,6,Wendel Raymond,
2017_M_08,8/21/2013,20170822,Outside,8,80,0,Muddy Sand,Gravel,3,7,5,Wendel Raymond,
2017_M_08,8/21/2013,20170822,Outside,9,90,0,Muddy Sand,Gravel,3,7,5,Wendel Raymond,
2017_M_08,8/21/2013,20170822,Outside,10,100,0,Muddy Sand,Gravel,3,7,5,Wendel Raymond,
,,,,,,,,,,,,,
,,,,,,,,,,,,,
,,,,,,,,,,,,,
,,,,,,,,,,,,,
,,,,,,,,,,,,,
,,,,,,,,,,,,,
,,,,,,,,,,,,,
,,,,,,,,,,,,,
,,,,,,,,,,,,,
,,,,,,,,,,,,,
