"","site","date","YYYYMMDD","trans_type","trans_bin","trans_m","pit_bin","sed1_type","sed2_type","sed1_no","sed2_no","field_collector"
"1","2017_H_04","7/7/2013",20170707,"Edge",1,10,0,"Sandy mud","Mud",2,1,"Tiff Stephens"
"2","2017_H_04","7/7/2013",20170707,"Edge",2,20,0,"Sandy mud","Mud",2,1,"Tiff Stephens"
"3","2017_H_04","7/7/2013",20170707,"Edge",3,30,6,"Sand","Pebble",4,6,"Tiff Stephens"
"4","2017_H_04","7/7/2013",20170707,"Edge",4,40,9,"Sandy mud","Sand",2,4,"Tiff Stephens"
"5","2017_H_04","7/7/2013",20170707,"Edge",5,50,0,"Sandy mud","Muddy sand",2,3,"Tiff Stephens"
"6","2017_H_04","7/7/2013",20170707,"Edge",6,60,1,"Sandy mud","Cobble",2,8,"Tiff Stephens"
"7","2017_H_04","7/7/2013",20170707,"Edge",7,70,1,"Sandy mud","Cobble",2,8,"Tiff Stephens"
"8","2017_H_04","7/7/2013",20170707,"Edge",8,80,2,"Sandy mud","Sandy mud",2,2,"Tiff Stephens"
"9","2017_H_04","7/7/2013",20170707,"Edge",9,90,4,"Sandy mud","Sandy mud",2,2,"Tiff Stephens"
"10","2017_H_04","7/7/2013",20170707,"Edge",10,100,2,"Sandy mud","Sandy mud",2,2,"Tiff Stephens"
"11","2017_H_04","7/7/2013",20170707,"Inside",1,10,0,"Sandy mud","Sandy mud",2,2,"Tiff Stephens"
"12","2017_H_04","7/7/2013",20170707,"Inside",2,20,0,"Sandy mud","Sandy mud",2,2,"Tiff Stephens"
"13","2017_H_04","7/7/2013",20170707,"Inside",3,30,1,"Mud","Mud",1,1,"Tiff Stephens"
"14","2017_H_04","7/7/2013",20170707,"Inside",4,40,1,"Mud","Mud",1,1,"Tiff Stephens"
"15","2017_H_04","7/7/2013",20170707,"Inside",5,50,0,"Mud","Mud",1,1,"Tiff Stephens"
"16","2017_H_04","7/7/2013",20170707,"Inside",6,60,0,"Mud","Mud",1,1,"Tiff Stephens"
"17","2017_H_04","7/7/2013",20170707,"Inside",7,70,0,"Mud","Mud",1,1,"Tiff Stephens"
"18","2017_H_04","7/7/2013",20170707,"Inside",8,80,0,"Mud","Mud",1,1,"Tiff Stephens"
"19","2017_H_04","7/7/2013",20170707,"Inside",9,90,0,"Mud","Mud",1,1,"Tiff Stephens"
"20","2017_H_04","7/7/2013",20170707,"Inside",10,100,0,"Mud","Mud",1,1,"Tiff Stephens"
"21","2017_H_04","7/7/2013",20170707,"Outside",1,10,0,"Mud","Sandy mud",1,2,"Tiff Stephens"
"22","2017_H_04","7/7/2013",20170707,"Outside",2,20,0,"Mud","Sandy mud",1,2,"Tiff Stephens"
"23","2017_H_04","7/7/2013",20170707,"Outside",3,30,8,"Sand","Sand",4,4,"Tiff Stephens"
"24","2017_H_04","7/7/2013",20170707,"Outside",4,40,9,"Sand","Pebble",4,6,"Tiff Stephens"
"25","2017_H_04","7/7/2013",20170707,"Outside",5,50,3,"Sand","Pebble",4,6,"Tiff Stephens"
"26","2017_H_04","7/7/2013",20170707,"Outside",6,60,1,"Sand","Cobble",4,8,"Tiff Stephens"
"27","2017_H_04","7/7/2013",20170707,"Outside",7,70,0,"Sand","Cobble",4,8,"Tiff Stephens"
"28","2017_H_04","7/7/2013",20170707,"Outside",8,80,1,"Muddy Sand","Cobble",3,8,"Tiff Stephens"
"29","2017_H_04","7/7/2013",20170707,"Outside",9,90,0,"Muddy Sand","Cobble",3,8,"Tiff Stephens"
"30","2017_H_04","7/7/2013",20170707,"Outside",10,100,0,"Muddy Sand","Sand",3,4,"Tiff Stephens"
"31","2017_H_05","7/24/2013",20170725,"Edge",1,10,0,"Sandy mud","Gravel",2,7,"Wendel Raymond, Cathy Mattson, Tiff Stephens"
"32","2017_H_05","7/24/2013",20170725,"Edge",2,20,0,"Sandy mud","Gravel",2,7,"Wendel Raymond, Cathy Mattson, Tiff Stephens"
"33","2017_H_05","7/24/2013",20170725,"Edge",3,30,0,"Sandy mud","Gravel",2,7,"Wendel Raymond, Cathy Mattson, Tiff Stephens"
"34","2017_H_05","7/24/2013",20170725,"Edge",4,40,0,"Sandy mud","Gravel",2,7,"Wendel Raymond, Cathy Mattson, Tiff Stephens"
"35","2017_H_05","7/24/2013",20170725,"Edge",5,50,1,"Sandy mud","Gravel",2,7,"Wendel Raymond, Cathy Mattson, Tiff Stephens"
"36","2017_H_05","7/24/2013",20170725,"Edge",6,60,0,"Sandy mud","Gravel",2,7,"Wendel Raymond, Cathy Mattson, Tiff Stephens"
"37","2017_H_05","7/24/2013",20170725,"Edge",7,70,0,"Sandy mud","Sandy mud",2,2,"Wendel Raymond, Cathy Mattson, Tiff Stephens"
"38","2017_H_05","7/24/2013",20170725,"Edge",8,80,0,"Sandy mud","Sandy mud",2,2,"Wendel Raymond, Cathy Mattson, Tiff Stephens"
"39","2017_H_05","7/24/2013",20170725,"Edge",9,90,0,"Sandy mud","Mud",2,1,"Wendel Raymond, Cathy Mattson, Tiff Stephens"
"40","2017_H_05","7/24/2013",20170725,"Edge",10,100,0,"Sandy mud","Mud",2,1,"Wendel Raymond, Cathy Mattson, Tiff Stephens"
"41","2017_H_05","7/24/2013",20170725,"Inside",1,10,0,"Mud","Mud",1,1,"Wendel Raymond, Cathy Mattson, Tiff Stephens"
"42","2017_H_05","7/24/2013",20170725,"Inside",2,20,0,"Mud","Mud",1,1,"Wendel Raymond, Cathy Mattson, Tiff Stephens"
"43","2017_H_05","7/24/2013",20170725,"Inside",3,30,0,"Mud","Mud",1,1,"Wendel Raymond, Cathy Mattson, Tiff Stephens"
"44","2017_H_05","7/24/2013",20170725,"Inside",4,40,0,"Mud","Mud",1,1,"Wendel Raymond, Cathy Mattson, Tiff Stephens"
"45","2017_H_05","7/24/2013",20170725,"Inside",5,50,0,"Mud","Mud",1,1,"Wendel Raymond, Cathy Mattson, Tiff Stephens"
"46","2017_H_05","7/24/2013",20170725,"Inside",6,60,0,"Mud","Mud",1,1,"Wendel Raymond, Cathy Mattson, Tiff Stephens"
"47","2017_H_05","7/24/2013",20170725,"Inside",7,70,0,"Mud","Mud",1,1,"Wendel Raymond, Cathy Mattson, Tiff Stephens"
"48","2017_H_05","7/24/2013",20170725,"Inside",8,80,1,"Mud","Mud",1,1,"Wendel Raymond, Cathy Mattson, Tiff Stephens"
"49","2017_H_05","7/24/2013",20170725,"Inside",9,90,0,"Mud","Mud",1,1,"Wendel Raymond, Cathy Mattson, Tiff Stephens"
"50","2017_H_05","7/24/2013",20170725,"Inside",10,100,0,"Mud","Mud",1,1,"Wendel Raymond, Cathy Mattson, Tiff Stephens"
"51","2017_H_05","7/24/2013",20170725,"Outside",1,10,3,"Sand","Gravel",4,7,"Wendel Raymond, Cathy Mattson, Tiff Stephens"
"52","2017_H_05","7/24/2013",20170725,"Outside",2,20,6,"Sand","Gravel",4,7,"Wendel Raymond, Cathy Mattson, Tiff Stephens"
"53","2017_H_05","7/24/2013",20170725,"Outside",3,30,7,"Sand","Gravel",4,7,"Wendel Raymond, Cathy Mattson, Tiff Stephens"
"54","2017_H_05","7/24/2013",20170725,"Outside",4,40,7,"Sand","Gravel",4,7,"Wendel Raymond, Cathy Mattson, Tiff Stephens"
"55","2017_H_05","7/24/2013",20170725,"Outside",5,50,6,"Coarse Sand","Gravel",5,7,"Wendel Raymond, Cathy Mattson, Tiff Stephens"
"56","2017_H_05","7/24/2013",20170725,"Outside",6,60,5,"Coarse Sand","Gravel",5,7,"Wendel Raymond, Cathy Mattson, Tiff Stephens"
"57","2017_H_05","7/24/2013",20170725,"Outside",7,70,3,"Coarse Sand","Gravel",5,7,"Wendel Raymond, Cathy Mattson, Tiff Stephens"
"58","2017_H_05","7/24/2013",20170725,"Outside",8,80,14,"Coarse Sand","Gravel",5,7,"Wendel Raymond, Cathy Mattson, Tiff Stephens"
"59","2017_H_05","7/24/2013",20170725,"Outside",9,90,25,"Coarse Sand","Gravel",5,7,"Wendel Raymond, Cathy Mattson, Tiff Stephens"
"60","2017_H_05","7/24/2013",20170725,"Outside",10,100,5,"Gravel","Sand",7,4,"Wendel Raymond, Cathy Mattson, Tiff Stephens"
"61","2017_H_06","7/23/2013",20170724,"Edge",1,10,15,"Muddy Sand","Pebble",3,6,"Tiff Stephens, Wendel Raymond, Cathy Mattson"
"62","2017_H_06","7/23/2013",20170724,"Edge",2,20,8,"Sandy mud","Sand",2,4,"Tiff Stephens, Wendel Raymond, Cathy Mattson"
"63","2017_H_06","7/23/2013",20170724,"Edge",3,30,7,"Sandy mud","Sand",2,4,"Tiff Stephens, Wendel Raymond, Cathy Mattson"
"64","2017_H_06","7/23/2013",20170724,"Edge",4,40,9,"Mud","Sandy mud",1,2,"Tiff Stephens, Wendel Raymond, Cathy Mattson"
"65","2017_H_06","7/23/2013",20170724,"Edge",5,50,12,"Mud","Mud",1,1,"Tiff Stephens, Wendel Raymond, Cathy Mattson"
"66","2017_H_06","7/23/2013",20170724,"Edge",6,60,9,"Mud","Mud",1,1,"Tiff Stephens, Wendel Raymond, Cathy Mattson"
"67","2017_H_06","7/23/2013",20170724,"Edge",7,70,15,"Mud","Mud",1,1,"Tiff Stephens, Wendel Raymond, Cathy Mattson"
"68","2017_H_06","7/23/2013",20170724,"Edge",8,80,5,"Mud","Mud",1,1,"Tiff Stephens, Wendel Raymond, Cathy Mattson"
"69","2017_H_06","7/23/2013",20170724,"Edge",9,90,10,"Mud","Mud",1,1,"Tiff Stephens, Wendel Raymond, Cathy Mattson"
"70","2017_H_06","7/23/2013",20170724,"Edge",10,100,6,"Mud","Mud",1,1,"Tiff Stephens, Wendel Raymond, Cathy Mattson"
"71","2017_H_06","7/23/2013",20170724,"Inside",1,10,5,"Muddy Sand","Mud",3,1,"Tiff Stephens, Wendel Raymond, Cathy Mattson"
"72","2017_H_06","7/23/2013",20170724,"Inside",2,20,5,"Mud","Mud",1,1,"Tiff Stephens, Wendel Raymond, Cathy Mattson"
"73","2017_H_06","7/23/2013",20170724,"Inside",3,30,3,"Mud","Mud",1,1,"Tiff Stephens, Wendel Raymond, Cathy Mattson"
"74","2017_H_06","7/23/2013",20170724,"Inside",4,40,3,"Mud","Mud",1,1,"Tiff Stephens, Wendel Raymond, Cathy Mattson"
"75","2017_H_06","7/23/2013",20170724,"Inside",5,50,6,"Mud","Mud",1,1,"Tiff Stephens, Wendel Raymond, Cathy Mattson"
"76","2017_H_06","7/23/2013",20170724,"Inside",6,60,4,"Mud","Mud",1,1,"Tiff Stephens, Wendel Raymond, Cathy Mattson"
"77","2017_H_06","7/23/2013",20170724,"Inside",7,70,2,"Mud","Mud",1,1,"Tiff Stephens, Wendel Raymond, Cathy Mattson"
"78","2017_H_06","7/23/2013",20170724,"Inside",8,80,9,"Mud","Mud",1,1,"Tiff Stephens, Wendel Raymond, Cathy Mattson"
"79","2017_H_06","7/23/2013",20170724,"Inside",9,90,2,"Mud","Mud",1,1,"Tiff Stephens, Wendel Raymond, Cathy Mattson"
"80","2017_H_06","7/23/2013",20170724,"Inside",10,100,7,"Mud","Mud",1,1,"Tiff Stephens, Wendel Raymond, Cathy Mattson"
"81","2017_H_06","7/23/2013",20170724,"Outside",1,10,4,"Muddy Sand","Mud",3,1,"Tiff Stephens, Wendel Raymond, Cathy Mattson"
"82","2017_H_06","7/23/2013",20170724,"Outside",2,20,15,"Pebble","Sand",6,4,"Tiff Stephens, Wendel Raymond, Cathy Mattson"
"83","2017_H_06","7/23/2013",20170724,"Outside",3,30,14,"Muddy Sand","Pebble",3,6,"Tiff Stephens, Wendel Raymond, Cathy Mattson"
"84","2017_H_06","7/23/2013",20170724,"Outside",4,40,22,"Muddy Sand","Pebble",3,6,"Tiff Stephens, Wendel Raymond, Cathy Mattson"
"85","2017_H_06","7/23/2013",20170724,"Outside",5,50,19,"Mud","Cobble",1,8,"Tiff Stephens, Wendel Raymond, Cathy Mattson"
"86","2017_H_06","7/23/2013",20170724,"Outside",6,60,12,"Mud","Gravel",1,7,"Tiff Stephens, Wendel Raymond, Cathy Mattson"
"87","2017_H_06","7/23/2013",20170724,"Outside",7,70,7,"Mud","Mud",1,1,"Tiff Stephens, Wendel Raymond, Cathy Mattson"
"88","2017_H_06","7/23/2013",20170724,"Outside",8,80,4,"Mud","Mud",1,1,"Tiff Stephens, Wendel Raymond, Cathy Mattson"
"89","2017_H_06","7/23/2013",20170724,"Outside",9,90,2,"Mud","Mud",1,1,"Tiff Stephens, Wendel Raymond, Cathy Mattson"
"90","2017_H_06","7/23/2013",20170724,"Outside",10,100,3,"Mud","Sandy mud",1,2,"Tiff Stephens, Wendel Raymond, Cathy Mattson"
"91","2017_L_01","7/8/2013",20170709,"Edge",1,10,0,"Sand","Gravel",4,7,"Wendel Raymond"
"92","2017_L_01","7/8/2013",20170709,"Edge",2,20,0,"Sand","Gravel",4,7,"Wendel Raymond"
"93","2017_L_01","7/8/2013",20170709,"Edge",3,30,0,"Sand","Gravel",4,7,"Wendel Raymond"
"94","2017_L_01","7/8/2013",20170709,"Edge",4,40,0,"Sand","Sand",4,4,"Wendel Raymond"
"95","2017_L_01","7/8/2013",20170709,"Edge",5,50,0,"Sand","Gravel",4,7,"Wendel Raymond"
"96","2017_L_01","7/8/2013",20170709,"Edge",6,60,0,"Sand","Sand",4,4,"Wendel Raymond"
"97","2017_L_01","7/8/2013",20170709,"Edge",7,70,0,"Sand","Sand",4,4,"Wendel Raymond"
"98","2017_L_01","7/8/2013",20170709,"Edge",8,80,0,"Sand","Sand",4,4,"Wendel Raymond"
"99","2017_L_01","7/8/2013",20170709,"Edge",9,90,0,"Muddy Sand","Muddy Sand",3,3,"Wendel Raymond"
"100","2017_L_01","7/8/2013",20170709,"Edge",10,100,0,"Muddy Sand","Muddy Sand",3,3,"Wendel Raymond"
"101","2017_L_01","7/8/2013",20170709,"Inside",1,10,0,"Sandy mud","Sandy mud",2,2,"Wendel Raymond"
"102","2017_L_01","7/8/2013",20170709,"Inside",2,20,0,"Sandy mud","Sandy mud",2,2,"Wendel Raymond"
"103","2017_L_01","7/8/2013",20170709,"Inside",3,30,0,"Muddy Sand","Sandy mud",3,2,"Wendel Raymond"
"104","2017_L_01","7/8/2013",20170709,"Inside",4,40,0,"Muddy Sand","Sandy mud",3,2,"Wendel Raymond"
"105","2017_L_01","7/8/2013",20170709,"Inside",5,50,0,"Muddy Sand","Sandy mud",3,2,"Wendel Raymond"
"106","2017_L_01","7/8/2013",20170709,"Inside",6,60,0,"Muddy Sand","Sandy mud",3,2,"Wendel Raymond"
"107","2017_L_01","7/8/2013",20170709,"Inside",7,70,0,"Muddy Sand","Sandy mud",3,2,"Wendel Raymond"
"108","2017_L_01","7/8/2013",20170709,"Inside",8,80,0,"Muddy Sand","Muddy Sand",3,3,"Wendel Raymond"
"109","2017_L_01","7/8/2013",20170709,"Inside",9,90,0,"Muddy Sand","Muddy Sand",3,3,"Wendel Raymond"
"110","2017_L_01","7/8/2013",20170709,"Inside",10,100,0,"Sand","Sand",4,4,"Wendel Raymond"
"111","2017_L_01","7/8/2013",20170709,"Outside",1,10,0,"Sand","Gravel",4,7,"Tiff Stephens"
"112","2017_L_01","7/8/2013",20170709,"Outside",2,20,0,"Sand","Gravel",4,7,"Tiff Stephens"
"113","2017_L_01","7/8/2013",20170709,"Outside",3,30,0,"Sand","Gravel",4,7,"Tiff Stephens"
"114","2017_L_01","7/8/2013",20170709,"Outside",4,40,0,"Sand","Gravel",4,7,"Tiff Stephens"
"115","2017_L_01","7/8/2013",20170709,"Outside",5,50,0,"Sand","Gravel",4,7,"Tiff Stephens"
"116","2017_L_01","7/8/2013",20170709,"Outside",6,60,0,"Sand","Gravel",4,7,"Tiff Stephens"
"117","2017_L_01","7/8/2013",20170709,"Outside",7,70,0,"Sand","Gravel",4,7,"Tiff Stephens"
"118","2017_L_01","7/8/2013",20170709,"Outside",8,80,0,"Sand","Gravel",4,7,"Tiff Stephens"
"119","2017_L_01","7/8/2013",20170709,"Outside",9,90,0,"Sand","Sand",4,4,"Tiff Stephens"
"120","2017_L_01","7/8/2013",20170709,"Outside",10,100,0,"Sand","Sand",4,4,"Tiff Stephens"
"121","2017_L_02","7/14/2013",20170715,"Edge",1,10,0,"Sand","Gravel",4,7,"Tiff Stephens, Wendel Raymond"
"122","2017_L_02","7/14/2013",20170715,"Edge",2,20,0,"Gravel","Sand",7,4,"Tiff Stephens, Wendel Raymond"
"123","2017_L_02","7/14/2013",20170715,"Edge",3,30,0,"Sand","Gravel",4,7,"Tiff Stephens, Wendel Raymond"
"124","2017_L_02","7/14/2013",20170715,"Edge",4,40,0,"Sand","Gravel",4,7,"Tiff Stephens, Wendel Raymond"
"125","2017_L_02","7/14/2013",20170715,"Edge",5,50,0,"Sand","Pebble",4,6,"Tiff Stephens, Wendel Raymond"
"126","2017_L_02","7/14/2013",20170715,"Edge",6,60,0,"Sand","Pebble",4,6,"Tiff Stephens, Wendel Raymond"
"127","2017_L_02","7/14/2013",20170715,"Edge",7,70,0,"Sand","Pebble",4,6,"Tiff Stephens, Wendel Raymond"
"128","2017_L_02","7/14/2013",20170715,"Edge",8,80,0,"Sand","Pebble",4,6,"Tiff Stephens, Wendel Raymond"
"129","2017_L_02","7/14/2013",20170715,"Edge",9,90,0,"Pebble","Sand",6,4,"Tiff Stephens, Wendel Raymond"
"130","2017_L_02","7/14/2013",20170715,"Edge",10,100,0,"Sand","Pebble",4,6,"Tiff Stephens, Wendel Raymond"
"131","2017_L_02","7/14/2013",20170715,"Inside",1,10,0,"Sand","Gravel",4,7,"Tiff Stephens, Wendel Raymond"
"132","2017_L_02","7/14/2013",20170715,"Inside",2,20,0,"Sand","Sand",4,4,"Tiff Stephens, Wendel Raymond"
"133","2017_L_02","7/14/2013",20170715,"Inside",3,30,0,"Sand","Gravel",4,7,"Tiff Stephens, Wendel Raymond"
"134","2017_L_02","7/14/2013",20170715,"Inside",4,40,0,"Sand","Gravel",4,7,"Tiff Stephens, Wendel Raymond"
"135","2017_L_02","7/14/2013",20170715,"Inside",5,50,0,"Sand","Gravel",4,7,"Tiff Stephens, Wendel Raymond"
"136","2017_L_02","7/14/2013",20170715,"Inside",6,60,0,"Sand","Pebble",4,6,"Tiff Stephens, Wendel Raymond"
"137","2017_L_02","7/14/2013",20170715,"Inside",7,70,1,"Sand","Pebble",4,6,"Tiff Stephens, Wendel Raymond"
"138","2017_L_02","7/14/2013",20170715,"Inside",8,80,0,"Sand","Sand",4,4,"Tiff Stephens, Wendel Raymond"
"139","2017_L_02","7/14/2013",20170715,"Inside",9,90,0,"Sand","Pebble",4,6,"Tiff Stephens, Wendel Raymond"
"140","2017_L_02","7/14/2013",20170715,"Inside",10,100,0,"Sand","Sand",4,4,"Tiff Stephens, Wendel Raymond"
"141","2017_L_02","7/14/2013",20170715,"Outside",1,10,0,"Gravel","Sand",7,4,"Tiff Stephens, Wendel Raymond"
"142","2017_L_02","7/14/2013",20170715,"Outside",2,20,0,"Gravel","Sand",7,4,"Tiff Stephens, Wendel Raymond"
"143","2017_L_02","7/14/2013",20170715,"Outside",3,30,0,"Sand","Gravel",4,7,"Tiff Stephens, Wendel Raymond"
"144","2017_L_02","7/14/2013",20170715,"Outside",4,40,1,"Gravel","Sand",7,4,"Tiff Stephens, Wendel Raymond"
"145","2017_L_02","7/14/2013",20170715,"Outside",5,50,0,"Sand","Pebble",4,6,"Tiff Stephens, Wendel Raymond"
"146","2017_L_02","7/14/2013",20170715,"Outside",6,60,0,"Sand","Pebble",4,6,"Tiff Stephens, Wendel Raymond"
"147","2017_L_02","7/14/2013",20170715,"Outside",7,70,0,"Gravel","Sand",7,4,"Tiff Stephens, Wendel Raymond"
"148","2017_L_02","7/14/2013",20170715,"Outside",8,80,0,"Sand","Gravel",4,7,"Tiff Stephens, Wendel Raymond"
"149","2017_L_02","7/14/2013",20170715,"Outside",9,90,0,"Sand","Pebble",4,6,"Tiff Stephens, Wendel Raymond"
"150","2017_L_02","7/14/2013",20170715,"Outside",10,100,0,"Sand","Pebble",4,6,"Tiff Stephens, Wendel Raymond"
"151","2017_L_03","7/23/2013",20170724,"Edge",1,10,0,"Sandy mud","Sandy mud",2,2,"Ashley Bolwerk"
"152","2017_L_03","7/23/2013",20170724,"Edge",2,20,0,"Sandy mud","Sandy mud",2,2,"Ashley Bolwerk"
"153","2017_L_03","7/23/2013",20170724,"Edge",3,30,0,"Sandy mud","Mud",2,1,"Ashley Bolwerk"
"154","2017_L_03","7/23/2013",20170724,"Edge",4,40,0,"Sandy mud","Mud",2,1,"Ashley Bolwerk"
"155","2017_L_03","7/23/2013",20170724,"Edge",5,50,0,"Mud","Sandy mud",1,2,"Ashley Bolwerk"
"156","2017_L_03","7/23/2013",20170724,"Edge",6,60,0,"Sand","Pebble",4,6,"Ashley Bolwerk"
"157","2017_L_03","7/23/2013",20170724,"Edge",7,70,0,"Pebble","Pebble",6,6,"Ashley Bolwerk"
"158","2017_L_03","7/23/2013",20170724,"Edge",8,80,0,"Sand","Pebble",4,6,"Ashley Bolwerk"
"159","2017_L_03","7/23/2013",20170724,"Edge",9,90,0,"Sandy mud","Sandy mud",2,2,"Ashley Bolwerk"
"160","2017_L_03","7/23/2013",20170724,"Edge",10,100,0,"Sand","Sandy mud",4,2,"Ashley Bolwerk"
"161","2017_L_03","7/23/2013",20170724,"Inside",1,10,0,"Mud","Sandy mud",1,2,"Ashley Bolwerk"
"162","2017_L_03","7/23/2013",20170724,"Inside",2,20,0,"Sandy mud","Sandy mud",2,2,"Ashley Bolwerk"
"163","2017_L_03","7/23/2013",20170724,"Inside",3,30,1,"Sandy mud","Gravel",2,7,"Ashley Bolwerk"
"164","2017_L_03","7/23/2013",20170724,"Inside",4,40,0,"Muddy Sand","Gravel",3,7,"Ashley Bolwerk"
"165","2017_L_03","7/23/2013",20170724,"Inside",5,50,0,"Muddy Sand","Gravel",3,7,"Ashley Bolwerk"
"166","2017_L_03","7/23/2013",20170724,"Inside",6,60,0,"Gravel","Sand",7,4,"Ashley Bolwerk"
"167","2017_L_03","7/23/2013",20170724,"Inside",7,70,0,"Gravel","Sand",7,4,"Ashley Bolwerk"
"168","2017_L_03","7/23/2013",20170724,"Inside",8,80,0,"Sandy mud","Gravel",2,7,"Ashley Bolwerk"
"169","2017_L_03","7/23/2013",20170724,"Inside",9,90,0,"Mud","Gravel",1,7,"Ashley Bolwerk"
"170","2017_L_03","7/23/2013",20170724,"Inside",10,100,0,"Mud","Gravel",1,7,"Ashley Bolwerk"
"171","2017_L_03","7/23/2013",20170724,"Outside",1,10,0,"Gravel","Sandy mud",7,2,"Ashley Bolwerk"
"172","2017_L_03","7/23/2013",20170724,"Outside",2,20,0,"Gravel","Pebble",7,6,"Ashley Bolwerk"
"173","2017_L_03","7/23/2013",20170724,"Outside",3,30,0,"Gravel","Cobble",7,8,"Ashley Bolwerk"
"174","2017_L_03","7/23/2013",20170724,"Outside",4,40,0,"Gravel","Sandy mud",7,2,"Ashley Bolwerk"
"175","2017_L_03","7/23/2013",20170724,"Outside",5,50,0,"Gravel","Sandy mud",7,2,"Ashley Bolwerk"
"176","2017_L_03","7/23/2013",20170724,"Outside",6,60,0,"Gravel","Sandy mud",7,2,"Ashley Bolwerk"
"177","2017_L_03","7/23/2013",20170724,"Outside",7,70,0,"Gravel","Sandy mud",7,2,"Ashley Bolwerk"
"178","2017_L_03","7/23/2013",20170724,"Outside",8,80,0,"Gravel","Cobble",7,8,"Ashley Bolwerk"
"179","2017_L_03","7/23/2013",20170724,"Outside",9,90,0,"Gravel","Sand",7,4,"Ashley Bolwerk"
"180","2017_L_03","7/23/2013",20170724,"Outside",10,100,0,"Gravel","Sand",7,4,"Ashley Bolwerk"
"181","2017_L_04","6/27/2013",20170628,"Edge",1,10,0,"Sandy mud","Cobble",2,8,"Tiff Stephens"
"182","2017_L_04","6/27/2013",20170628,"Edge",2,20,0,"Sandy mud","Sandy mud",2,2,"Tiff Stephens"
"183","2017_L_04","6/27/2013",20170628,"Edge",3,30,0,"Sandy mud","Mud",2,1,"Tiff Stephens"
"184","2017_L_04","6/27/2013",20170628,"Edge",4,40,0,"Sandy mud","Gravel",2,7,"Tiff Stephens"
"185","2017_L_04","6/27/2013",20170628,"Edge",5,50,0,"Gravel","Sandy mud",7,2,"Tiff Stephens"
"186","2017_L_04","6/27/2013",20170628,"Edge",6,60,0,"Sandy mud","Gravel",2,7,"Tiff Stephens"
"187","2017_L_04","6/27/2013",20170628,"Edge",7,70,0,"Sandy mud","Gravel",2,7,"Tiff Stephens"
"188","2017_L_04","6/27/2013",20170628,"Edge",8,80,0,"Gravel","Sandy mud",7,2,"Tiff Stephens"
"189","2017_L_04","6/27/2013",20170628,"Edge",9,90,0,"Gravel","Sandy mud",7,2,"Tiff Stephens"
"190","2017_L_04","6/27/2013",20170628,"Edge",10,100,0,"Gravel","Sandy mud",7,2,"Tiff Stephens"
"191","2017_L_04","6/27/2013",20170628,"Inside",1,10,0,"Muddy Sand","Muddy Sand",3,3,"Wendel Raymond"
"192","2017_L_04","6/27/2013",20170628,"Inside",2,20,0,"Muddy Sand","Muddy Sand",3,3,"Wendel Raymond"
"193","2017_L_04","6/27/2013",20170628,"Inside",3,30,0,"Muddy Sand","Muddy Sand",3,3,"Wendel Raymond"
"194","2017_L_04","6/27/2013",20170628,"Inside",4,40,0,"Muddy Sand","Muddy Sand",3,3,"Wendel Raymond"
"195","2017_L_04","6/27/2013",20170628,"Inside",5,50,0,"Gravel","Muddy Sand",7,3,"Wendel Raymond"
"196","2017_L_04","6/27/2013",20170628,"Inside",6,60,0,"Gravel","Muddy Sand",7,3,"Wendel Raymond"
"197","2017_L_04","6/27/2013",20170628,"Inside",7,70,0,"Gravel","Muddy Sand",7,3,"Wendel Raymond"
"198","2017_L_04","6/27/2013",20170628,"Inside",8,80,0,"Gravel","Muddy Sand",7,3,"Wendel Raymond"
"199","2017_L_04","6/27/2013",20170628,"Inside",9,90,0,"Muddy Sand","Muddy Sand",3,3,"Wendel Raymond"
"200","2017_L_04","6/27/2013",20170628,"Inside",10,100,0,"Muddy Sand","Muddy Sand",3,3,"Wendel Raymond"
"201","2017_L_04","6/27/2013",20170628,"Outside",1,10,0,"Sandy mud","Cobble",2,8,"Tiff Stephens"
"202","2017_L_04","6/27/2013",20170628,"Outside",2,20,0,"Sandy mud","Mud",2,1,"Tiff Stephens"
"203","2017_L_04","6/27/2013",20170628,"Outside",3,30,0,"Sandy mud","Gravel",2,7,"Tiff Stephens"
"204","2017_L_04","6/27/2013",20170628,"Outside",4,40,0,"Sandy mud","Gravel",2,7,"Tiff Stephens"
"205","2017_L_04","6/27/2013",20170628,"Outside",5,50,0,"Sandy mud","Gravel",2,7,"Tiff Stephens"
"206","2017_L_04","6/27/2013",20170628,"Outside",6,60,0,"Gravel","Sandy mud",7,2,"Tiff Stephens"
"207","2017_L_04","6/27/2013",20170628,"Outside",7,70,0,"Gravel","Sandy mud",7,2,"Tiff Stephens"
"208","2017_L_04","6/27/2013",20170628,"Outside",8,80,0,"Gravel","Sandy mud",7,2,"Tiff Stephens"
"209","2017_L_04","6/27/2013",20170628,"Outside",9,90,0,"Sandy mud","Gravel",2,7,"Tiff Stephens"
"210","2017_L_04","6/27/2013",20170628,"Outside",10,100,0,"Gravel","Sandy mud",7,2,"Tiff Stephens"
"211","2017_L_05","6/26/2013",20170627,"Edge",1,10,0,"Sandy mud","Gravel",2,7,"Tiff Stephens"
"212","2017_L_05","6/26/2013",20170627,"Edge",2,20,0,"Sandy mud","Sand",2,4,"Tiff Stephens"
"213","2017_L_05","6/26/2013",20170627,"Edge",3,30,0,"Sandy mud","Sand",2,4,"Tiff Stephens"
"214","2017_L_05","6/26/2013",20170627,"Edge",4,40,0,"Sandy mud","Gravel",2,7,"Tiff Stephens"
"215","2017_L_05","6/26/2013",20170627,"Edge",5,50,0,"Sandy mud","Gravel",2,7,"Tiff Stephens"
"216","2017_L_05","6/26/2013",20170627,"Edge",6,60,0,"Sandy mud","Cobble",2,8,"Tiff Stephens"
"217","2017_L_05","6/26/2013",20170627,"Edge",7,70,0,"Sandy mud","Cobble",2,8,"Tiff Stephens"
"218","2017_L_05","6/26/2013",20170627,"Edge",8,80,0,"Sandy mud","Cobble",2,8,"Tiff Stephens"
"219","2017_L_05","6/26/2013",20170627,"Edge",9,90,0,"Sandy mud","Cobble",2,8,"Tiff Stephens"
"220","2017_L_05","6/26/2013",20170627,"Edge",10,100,0,"Sandy mud","Cobble",2,8,"Tiff Stephens"
"221","2017_L_05","6/26/2013",20170627,"Inside",1,10,0,"Sandy mud","Sandy mud",2,2,"Wendel Raymond"
"222","2017_L_05","6/26/2013",20170627,"Inside",2,20,0,"Sandy mud","Sandy mud",2,2,"Wendel Raymond"
"223","2017_L_05","6/26/2013",20170627,"Inside",3,30,0,"Sandy mud","Sandy mud",2,2,"Wendel Raymond"
"224","2017_L_05","6/26/2013",20170627,"Inside",4,40,0,"Sandy mud","Sandy mud",2,2,"Wendel Raymond"
"225","2017_L_05","6/26/2013",20170627,"Inside",5,50,0,"Sandy mud","Sandy mud",2,2,"Wendel Raymond"
"226","2017_L_05","6/26/2013",20170627,"Inside",6,60,0,"Sandy mud","Sandy mud",2,2,"Wendel Raymond"
"227","2017_L_05","6/26/2013",20170627,"Inside",7,70,0,"Sandy mud","Sandy mud",2,2,"Wendel Raymond"
"228","2017_L_05","6/26/2013",20170627,"Inside",8,80,0,"Sandy mud","Sandy mud",2,2,"Wendel Raymond"
"229","2017_L_05","6/26/2013",20170627,"Inside",9,90,0,"Sandy mud","Sandy mud",2,2,"Wendel Raymond"
"230","2017_L_05","6/26/2013",20170627,"Inside",10,100,0,"Sandy mud","Sandy mud",2,2,"Wendel Raymond"
"231","2017_L_05","6/26/2013",20170627,"Outside",1,10,0,"Sandy mud","Gravel",2,7,"Ginny Eckert"
"232","2017_L_05","6/26/2013",20170627,"Outside",2,20,0,"Sandy mud","Cobble",2,8,"Ginny Eckert"
"233","2017_L_05","6/26/2013",20170627,"Outside",3,30,0,"Sand","Sand",4,4,"Ginny Eckert"
"234","2017_L_05","6/26/2013",20170627,"Outside",4,40,0,"Sand","Sand",4,4,"Ginny Eckert"
"235","2017_L_05","6/26/2013",20170627,"Outside",5,50,0,"Sand","Sand",4,4,"Ginny Eckert"
"236","2017_L_05","6/26/2013",20170627,"Outside",6,60,0,"Sandy mud","Cobble",2,8,"Ginny Eckert"
"237","2017_L_05","6/26/2013",20170627,"Outside",7,70,0,"Sandy mud","Cobble",2,8,"Ginny Eckert"
"238","2017_L_05","6/26/2013",20170627,"Outside",8,80,0,"Sandy mud","Cobble",2,8,"Ginny Eckert"
"239","2017_L_05","6/26/2013",20170627,"Outside",9,90,0,"Sandy mud","Cobble",2,8,"Ginny Eckert"
"240","2017_L_05","6/26/2013",20170627,"Outside",10,100,0,"Sandy mud","Cobble",2,8,"Ginny Eckert"
"241","2017_L_06","7/22/2013",20170723,"Edge",1,10,0,"Coarse Sand","Gravel",5,7,"Tiff Stephens"
"242","2017_L_06","7/22/2013",20170723,"Edge",2,20,0,"Coarse Sand","Pebble",5,6,"Tiff Stephens"
"243","2017_L_06","7/22/2013",20170723,"Edge",3,30,0,"Coarse Sand","Gravel",5,7,"Tiff Stephens"
"244","2017_L_06","7/22/2013",20170723,"Edge",4,40,0,"Coarse Sand","Gravel",5,7,"Tiff Stephens"
"245","2017_L_06","7/22/2013",20170723,"Edge",5,50,0,"Coarse Sand","Gravel",5,7,"Tiff Stephens"
"246","2017_L_06","7/22/2013",20170723,"Edge",6,60,0,"Sand","Gravel",4,7,"Tiff Stephens"
"247","2017_L_06","7/22/2013",20170723,"Edge",7,70,0,"Sand","Sand",4,4,"Tiff Stephens"
"248","2017_L_06","7/22/2013",20170723,"Edge",8,80,0,"Sand","Gravel",4,7,"Tiff Stephens"
"249","2017_L_06","7/22/2013",20170723,"Edge",9,90,0,"Sand","Gravel",4,7,"Tiff Stephens"
"250","2017_L_06","7/22/2013",20170723,"Edge",10,100,0,"Sand","Gravel",4,7,"Tiff Stephens"
"251","2017_L_06","7/22/2013",20170723,"Inside",1,10,0,"Muddy Sand","Muddy Sand",3,3,"Tiff Stephens"
"252","2017_L_06","7/22/2013",20170723,"Inside",2,20,0,"Muddy Sand","Sand",3,4,"Tiff Stephens"
"253","2017_L_06","7/22/2013",20170723,"Inside",3,30,0,"Sand","Muddy Sand",4,3,"Tiff Stephens"
"254","2017_L_06","7/22/2013",20170723,"Inside",4,40,0,"Sand","Gravel",4,7,"Tiff Stephens"
"255","2017_L_06","7/22/2013",20170723,"Inside",5,50,0,"Sand","Gravel",4,7,"Tiff Stephens"
"256","2017_L_06","7/22/2013",20170723,"Inside",6,60,0,"Sand","Gravel",4,7,"Tiff Stephens"
"257","2017_L_06","7/22/2013",20170723,"Inside",7,70,0,"Sand","Sand",4,4,"Tiff Stephens"
"258","2017_L_06","7/22/2013",20170723,"Inside",8,80,0,"Sand","Sand",4,4,"Tiff Stephens"
"259","2017_L_06","7/22/2013",20170723,"Inside",9,90,0,"Sand","Gravel",4,7,"Tiff Stephens"
"260","2017_L_06","7/22/2013",20170723,"Inside",10,100,0,"Sand","Gravel",4,7,"Tiff Stephens"
"261","2017_L_06","7/22/2013",20170723,"Outside",1,10,0,"Gravel","Cobble",7,8,"Tiff Stephens"
"262","2017_L_06","7/22/2013",20170723,"Outside",2,20,0,"Coarse Sand","Gravel",5,7,"Tiff Stephens"
"263","2017_L_06","7/22/2013",20170723,"Outside",3,30,0,"Coarse Sand","Gravel",5,7,"Tiff Stephens"
"264","2017_L_06","7/22/2013",20170723,"Outside",4,40,0,"Pebble","Gravel",6,7,"Tiff Stephens"
"265","2017_L_06","7/22/2013",20170723,"Outside",5,50,0,"Coarse Sand","Gravel",5,7,"Tiff Stephens"
"266","2017_L_06","7/22/2013",20170723,"Outside",6,60,0,"Coarse Sand","Gravel",5,7,"Tiff Stephens"
"267","2017_L_06","7/22/2013",20170723,"Outside",7,70,0,"Sand","Gravel",4,7,"Tiff Stephens"
"268","2017_L_06","7/22/2013",20170723,"Outside",8,80,0,"Sand","Sand",4,4,"Tiff Stephens"
"269","2017_L_06","7/22/2013",20170723,"Outside",9,90,0,"Sand","Gravel",4,7,"Tiff Stephens"
"270","2017_L_06","7/22/2013",20170723,"Outside",10,100,0,"Gravel","Sand",7,4,"Tiff Stephens"
"271","2017_L_07","7/21/2013",20170723,"Edge",1,10,0,"Muddy Sand","Gravel",3,7,"Tiff Stephens, Wendel Raymond, Cathy Mattson"
"272","2017_L_07","7/21/2013",20170723,"Edge",2,20,0,"Muddy Sand","Gravel",3,7,"Tiff Stephens, Wendel Raymond, Cathy Mattson"
"273","2017_L_07","7/21/2013",20170723,"Edge",3,30,0,"Sandy mud","Gravel",2,7,"Tiff Stephens, Wendel Raymond, Cathy Mattson"
"274","2017_L_07","7/21/2013",20170723,"Edge",4,40,1,"Sandy mud","Gravel",2,7,"Tiff Stephens, Wendel Raymond, Cathy Mattson"
"275","2017_L_07","7/21/2013",20170723,"Edge",5,50,0,"Muddy Sand","Muddy Sand",3,3,"Tiff Stephens, Wendel Raymond, Cathy Mattson"
"276","2017_L_07","7/21/2013",20170723,"Edge",6,60,0,"Sand","Muddy Sand",4,3,"Tiff Stephens, Wendel Raymond, Cathy Mattson"
"277","2017_L_07","7/21/2013",20170723,"Edge",7,70,0,"Muddy Sand","Gravel",3,7,"Tiff Stephens, Wendel Raymond, Cathy Mattson"
"278","2017_L_07","7/21/2013",20170723,"Edge",8,80,0,"Sandy mud","Gravel",2,7,"Tiff Stephens, Wendel Raymond, Cathy Mattson"
"279","2017_L_07","7/21/2013",20170723,"Edge",9,90,0,"Sandy mud","Gravel",2,7,"Tiff Stephens, Wendel Raymond, Cathy Mattson"
"280","2017_L_07","7/21/2013",20170723,"Edge",10,100,0,"Sandy mud","Gravel",2,7,"Tiff Stephens, Wendel Raymond, Cathy Mattson"
"281","2017_L_07","7/21/2013",20170723,"Inside",1,10,0,"Sand","Gravel",4,7,"Tiff Stephens, Wendel Raymond, Cathy Mattson"
"282","2017_L_07","7/21/2013",20170723,"Inside",2,20,0,"Gravel","Sand",7,4,"Tiff Stephens, Wendel Raymond, Cathy Mattson"
"283","2017_L_07","7/21/2013",20170723,"Inside",3,30,0,"Sandy mud","Gravel",2,7,"Tiff Stephens, Wendel Raymond, Cathy Mattson"
"284","2017_L_07","7/21/2013",20170723,"Inside",4,40,0,"Sand","Sand",4,4,"Tiff Stephens, Wendel Raymond, Cathy Mattson"
"285","2017_L_07","7/21/2013",20170723,"Inside",5,50,0,"Muddy Sand","Mud",3,1,"Tiff Stephens, Wendel Raymond, Cathy Mattson"
"286","2017_L_07","7/21/2013",20170723,"Inside",6,60,0,"Sand","Muddy Sand",4,3,"Tiff Stephens, Wendel Raymond, Cathy Mattson"
"287","2017_L_07","7/21/2013",20170723,"Inside",7,70,0,"Sand","Pebble",4,6,"Tiff Stephens, Wendel Raymond, Cathy Mattson"
"288","2017_L_07","7/21/2013",20170723,"Inside",8,80,0,"Cobble","Pebble",8,6,"Tiff Stephens, Wendel Raymond, Cathy Mattson"
"289","2017_L_07","7/21/2013",20170723,"Inside",9,90,0,"Cobble","Pebble",8,6,"Tiff Stephens, Wendel Raymond, Cathy Mattson"
"290","2017_L_07","7/21/2013",20170723,"Inside",10,100,0,"Cobble","Pebble",8,6,"Tiff Stephens, Wendel Raymond, Cathy Mattson"
"291","2017_L_07","7/21/2013",20170723,"Outside",1,10,0,"Muddy Sand","Gravel",3,7,"Tiff Stephens, Wendel Raymond, Cathy Mattson"
"292","2017_L_07","7/21/2013",20170723,"Outside",2,20,0,"Muddy Sand","Gravel",3,7,"Tiff Stephens, Wendel Raymond, Cathy Mattson"
"293","2017_L_07","7/21/2013",20170723,"Outside",3,30,0,"Muddy Sand","Gravel",3,7,"Tiff Stephens, Wendel Raymond, Cathy Mattson"
"294","2017_L_07","7/21/2013",20170723,"Outside",4,40,1,"Muddy Sand","Gravel",3,7,"Tiff Stephens, Wendel Raymond, Cathy Mattson"
"295","2017_L_07","7/21/2013",20170723,"Outside",5,50,0,"Sandy mud","Gravel",2,7,"Tiff Stephens, Wendel Raymond, Cathy Mattson"
"296","2017_L_07","7/21/2013",20170723,"Outside",6,60,0,"Muddy Sand","Gravel",3,7,"Tiff Stephens, Wendel Raymond, Cathy Mattson"
"297","2017_L_07","7/21/2013",20170723,"Outside",7,70,0,"Sandy mud","Gravel",2,7,"Tiff Stephens, Wendel Raymond, Cathy Mattson"
"298","2017_L_07","7/21/2013",20170723,"Outside",8,80,0,"Sandy mud","Gravel",2,7,"Tiff Stephens, Wendel Raymond, Cathy Mattson"
"299","2017_L_07","7/21/2013",20170723,"Outside",9,90,1,"Sandy mud","Gravel",2,7,"Tiff Stephens, Wendel Raymond, Cathy Mattson"
"300","2017_L_07","7/21/2013",20170723,"Outside",10,100,2,"Sandy mud","Gravel",2,7,"Tiff Stephens, Wendel Raymond, Cathy Mattson"
"301","2017_M_02","7/20/2013",20170721,"Edge",1,10,0,"Sand","Sand",4,4,"Wendel Raymond, Cathy Mattson, Tiff Stephens"
"302","2017_M_02","7/20/2013",20170721,"Edge",2,20,2,"Sand","Sand",4,4,"Wendel Raymond, Cathy Mattson, Tiff Stephens"
"303","2017_M_02","7/20/2013",20170721,"Edge",3,30,0,"Sand","Sand",4,4,"Wendel Raymond, Cathy Mattson, Tiff Stephens"
"304","2017_M_02","7/20/2013",20170721,"Edge",4,40,0,"Sand","Sand",4,4,"Wendel Raymond, Cathy Mattson, Tiff Stephens"
"305","2017_M_02","7/20/2013",20170721,"Edge",5,50,0,"Sand","Cobble",4,8,"Wendel Raymond, Cathy Mattson, Tiff Stephens"
"306","2017_M_02","7/20/2013",20170721,"Edge",6,60,0,"Sand","Cobble",4,8,"Wendel Raymond, Cathy Mattson, Tiff Stephens"
"307","2017_M_02","7/20/2013",20170721,"Edge",7,70,1,"Sand","Gravel",4,7,"Wendel Raymond, Cathy Mattson, Tiff Stephens"
"308","2017_M_02","7/20/2013",20170721,"Edge",8,80,0,"Sand","Sand",4,4,"Wendel Raymond, Cathy Mattson, Tiff Stephens"
"309","2017_M_02","7/20/2013",20170721,"Edge",9,90,0,"Muddy Sand","Mud",3,1,"Wendel Raymond, Cathy Mattson, Tiff Stephens"
"310","2017_M_02","7/20/2013",20170721,"Edge",10,100,0,"Sand","Muddy Sand",4,3,"Wendel Raymond, Cathy Mattson, Tiff Stephens"
"311","2017_M_02","7/20/2013",20170721,"Inside",1,10,1,"Sand","Sand",4,4,"Wendel Raymond, Cathy Mattson, Tiff Stephens"
"312","2017_M_02","7/20/2013",20170721,"Inside",2,20,1,"Sand","Sand",4,4,"Wendel Raymond, Cathy Mattson, Tiff Stephens"
"313","2017_M_02","7/20/2013",20170721,"Inside",3,30,2,"Sand","Sand",4,4,"Wendel Raymond, Cathy Mattson, Tiff Stephens"
"314","2017_M_02","7/20/2013",20170721,"Inside",4,40,0,"Muddy Sand","Muddy Sand",3,3,"Wendel Raymond, Cathy Mattson, Tiff Stephens"
"315","2017_M_02","7/20/2013",20170721,"Inside",5,50,0,"Muddy Sand","Muddy Sand",3,3,"Wendel Raymond, Cathy Mattson, Tiff Stephens"
"316","2017_M_02","7/20/2013",20170721,"Inside",6,60,0,"Muddy Sand","Sand",3,4,"Wendel Raymond, Cathy Mattson, Tiff Stephens"
"317","2017_M_02","7/20/2013",20170721,"Inside",7,70,0,"Muddy Sand","Muddy Sand",3,3,"Wendel Raymond, Cathy Mattson, Tiff Stephens"
"318","2017_M_02","7/20/2013",20170721,"Inside",8,80,0,"Muddy Sand","Muddy Sand",3,3,"Wendel Raymond, Cathy Mattson, Tiff Stephens"
"319","2017_M_02","7/20/2013",20170721,"Inside",9,90,0,"Muddy Sand","Muddy Sand",3,3,"Wendel Raymond, Cathy Mattson, Tiff Stephens"
"320","2017_M_02","7/20/2013",20170721,"Inside",10,100,1,"Muddy Sand","Sand",3,4,"Wendel Raymond, Cathy Mattson, Tiff Stephens"
"321","2017_M_02","7/20/2013",20170721,"Outside",1,10,0,"Sand","Gravel",4,7,"Wendel Raymond, Cathy Mattson, Tiff Stephens"
"322","2017_M_02","7/20/2013",20170721,"Outside",2,20,0,"Sand","Gravel",4,7,"Wendel Raymond, Cathy Mattson, Tiff Stephens"
"323","2017_M_02","7/20/2013",20170721,"Outside",3,30,0,"Cobble","Sand",8,4,"Wendel Raymond, Cathy Mattson, Tiff Stephens"
"324","2017_M_02","7/20/2013",20170721,"Outside",4,40,0,"Cobble","Sand",8,4,"Wendel Raymond, Cathy Mattson, Tiff Stephens"
"325","2017_M_02","7/20/2013",20170721,"Outside",5,50,0,"Cobble","Sand",8,4,"Wendel Raymond, Cathy Mattson, Tiff Stephens"
"326","2017_M_02","7/20/2013",20170721,"Outside",6,60,0,"Cobble","Sand",8,4,"Wendel Raymond, Cathy Mattson, Tiff Stephens"
"327","2017_M_02","7/20/2013",20170721,"Outside",7,70,0,"Cobble","Sand",8,4,"Wendel Raymond, Cathy Mattson, Tiff Stephens"
"328","2017_M_02","7/20/2013",20170721,"Outside",8,80,0,"Sand","Gravel",4,7,"Wendel Raymond, Cathy Mattson, Tiff Stephens"
"329","2017_M_02","7/20/2013",20170721,"Outside",9,90,0,"Gravel","Sand",7,4,"Wendel Raymond, Cathy Mattson, Tiff Stephens"
"330","2017_M_02","7/20/2013",20170721,"Outside",10,100,0,"Cobble","Gravel",8,7,"Wendel Raymond, Cathy Mattson, Tiff Stephens"
"331","2017_M_03","7/20/2013",20170721,"Edge",1,10,0,"Muddy Sand","Gravel",3,7,"Wendel Raymond, Cathy Mattson, Tiff Stephens"
"332","2017_M_03","7/20/2013",20170721,"Edge",2,20,1,"Muddy Sand","Gravel",3,7,"Wendel Raymond, Cathy Mattson, Tiff Stephens"
"333","2017_M_03","7/20/2013",20170721,"Edge",3,30,2,"Muddy Sand","Cobble",3,8,"Wendel Raymond, Cathy Mattson, Tiff Stephens"
"334","2017_M_03","7/20/2013",20170721,"Edge",4,40,0,"Sand","Cobble",4,8,"Wendel Raymond, Cathy Mattson, Tiff Stephens"
"335","2017_M_03","7/20/2013",20170721,"Edge",5,50,0,"Sand","Gravel",4,7,"Wendel Raymond, Cathy Mattson, Tiff Stephens"
"336","2017_M_03","7/20/2013",20170721,"Edge",6,60,0,"Sand","Gravel",4,7,"Wendel Raymond, Cathy Mattson, Tiff Stephens"
"337","2017_M_03","7/20/2013",20170721,"Edge",7,70,0,"Gravel","Sand",7,4,"Wendel Raymond, Cathy Mattson, Tiff Stephens"
"338","2017_M_03","7/20/2013",20170721,"Edge",8,80,0,"Gravel","Sand",7,4,"Wendel Raymond, Cathy Mattson, Tiff Stephens"
"339","2017_M_03","7/20/2013",20170721,"Edge",9,90,4,"Gravel","Sand",7,4,"Wendel Raymond, Cathy Mattson, Tiff Stephens"
"340","2017_M_03","7/20/2013",20170721,"Edge",10,100,15,"Gravel","Sand",7,4,"Wendel Raymond, Cathy Mattson, Tiff Stephens"
"341","2017_M_03","7/20/2013",20170721,"Inside",1,10,8,"Muddy Sand","Sand",3,4,"Wendel Raymond, Cathy Mattson, Tiff Stephens"
"342","2017_M_03","7/20/2013",20170721,"Inside",2,20,7,"Muddy Sand","Sand",3,4,"Wendel Raymond, Cathy Mattson, Tiff Stephens"
"343","2017_M_03","7/20/2013",20170721,"Inside",3,30,9,"Muddy Sand","Sand",3,4,"Wendel Raymond, Cathy Mattson, Tiff Stephens"
"344","2017_M_03","7/20/2013",20170721,"Inside",4,40,13,"Muddy Sand","Sand",3,4,"Wendel Raymond, Cathy Mattson, Tiff Stephens"
"345","2017_M_03","7/20/2013",20170721,"Inside",5,50,15,"Sand","Sand",4,4,"Wendel Raymond, Cathy Mattson, Tiff Stephens"
"346","2017_M_03","7/20/2013",20170721,"Inside",6,60,12,"Sand","Sand",4,4,"Wendel Raymond, Cathy Mattson, Tiff Stephens"
"347","2017_M_03","7/20/2013",20170721,"Inside",7,70,7,"Sand","Sand",4,4,"Wendel Raymond, Cathy Mattson, Tiff Stephens"
"348","2017_M_03","7/20/2013",20170721,"Inside",8,80,8,"Sand","Sand",4,4,"Wendel Raymond, Cathy Mattson, Tiff Stephens"
"349","2017_M_03","7/20/2013",20170721,"Inside",9,90,12,"Muddy Sand","Sand",3,4,"Wendel Raymond, Cathy Mattson, Tiff Stephens"
"350","2017_M_03","7/20/2013",20170721,"Inside",10,100,15,"Muddy Sand","Sand",3,4,"Wendel Raymond, Cathy Mattson, Tiff Stephens"
"351","2017_M_03","7/20/2013",20170721,"Outside",1,10,2,"Muddy Sand","Cobble",3,8,"Wendel Raymond, Cathy Mattson, Tiff Stephens"
"352","2017_M_03","7/20/2013",20170721,"Outside",2,20,2,"Muddy Sand","Cobble",3,8,"Wendel Raymond, Cathy Mattson, Tiff Stephens"
"353","2017_M_03","7/20/2013",20170721,"Outside",3,30,1,"Muddy Sand","Cobble",3,8,"Wendel Raymond, Cathy Mattson, Tiff Stephens"
"354","2017_M_03","7/20/2013",20170721,"Outside",4,40,3,"Sand","Cobble",4,8,"Wendel Raymond, Cathy Mattson, Tiff Stephens"
"355","2017_M_03","7/20/2013",20170721,"Outside",5,50,2,"Sand","Muddy Sand",4,3,"Wendel Raymond, Cathy Mattson, Tiff Stephens"
"356","2017_M_03","7/20/2013",20170721,"Outside",6,60,11,"Sand","Gravel",4,7,"Wendel Raymond, Cathy Mattson, Tiff Stephens"
"357","2017_M_03","7/20/2013",20170721,"Outside",7,70,5,"Muddy Sand","Gravel",3,7,"Wendel Raymond, Cathy Mattson, Tiff Stephens"
"358","2017_M_03","7/20/2013",20170721,"Outside",8,80,5,"Muddy Sand","Gravel",3,7,"Wendel Raymond, Cathy Mattson, Tiff Stephens"
"359","2017_M_03","7/20/2013",20170721,"Outside",9,90,17,"Muddy Sand","Gravel",3,7,"Wendel Raymond, Cathy Mattson, Tiff Stephens"
"360","2017_M_03","7/20/2013",20170721,"Outside",10,100,14,"Sand","Gravel",4,7,"Wendel Raymond, Cathy Mattson, Tiff Stephens"
"361","2017_M_04","7/11/2013",20170712,"Edge",1,10,3,"Muddy Sand","Muddy Sand",3,3,"Ginny Eckert"
"362","2017_M_04","7/11/2013",20170712,"Edge",2,20,2,"Sandy mud","Sandy mud",2,2,"Ginny Eckert"
"363","2017_M_04","7/11/2013",20170712,"Edge",3,30,1,"Muddy Sand","Sandy mud",3,2,"Ginny Eckert"
"364","2017_M_04","7/11/2013",20170712,"Edge",4,40,4,"Muddy Sand","Sandy mud",3,2,"Ginny Eckert"
"365","2017_M_04","7/11/2013",20170712,"Edge",5,50,0,"Muddy Sand","Sandy mud",3,2,"Ginny Eckert"
"366","2017_M_04","7/11/2013",20170712,"Edge",6,60,2,"Muddy Sand","Sandy mud",3,2,"Ginny Eckert"
"367","2017_M_04","7/11/2013",20170712,"Edge",7,70,1,"Muddy Sand","Sandy mud",3,2,"Ginny Eckert"
"368","2017_M_04","7/11/2013",20170712,"Edge",8,80,0,"Sandy mud","Sandy mud",2,2,"Ginny Eckert"
"369","2017_M_04","7/11/2013",20170712,"Edge",9,90,0,"Muddy Sand","Muddy Sand",3,3,"Ginny Eckert"
"370","2017_M_04","7/11/2013",20170712,"Edge",10,100,0,"Muddy Sand","Gravel",3,7,"Ginny Eckert"
"371","2017_M_04","7/11/2013",20170712,"Inside",1,10,2,"Mud","Mud",1,1,"Ginny Eckert"
"372","2017_M_04","7/11/2013",20170712,"Inside",2,20,0,"Mud","Mud",1,1,"Ginny Eckert"
"373","2017_M_04","7/11/2013",20170712,"Inside",3,30,0,"Mud","Mud",1,1,"Ginny Eckert"
"374","2017_M_04","7/11/2013",20170712,"Inside",4,40,0,"Mud","Mud",1,1,"Ginny Eckert"
"375","2017_M_04","7/11/2013",20170712,"Inside",5,50,3,"Mud","Mud",1,1,"Ginny Eckert"
"376","2017_M_04","7/11/2013",20170712,"Inside",6,60,0,"Mud","Mud",1,1,"Ginny Eckert"
"377","2017_M_04","7/11/2013",20170712,"Inside",7,70,0,"Mud","Mud",1,1,"Ginny Eckert"
"378","2017_M_04","7/11/2013",20170712,"Inside",8,80,0,"Mud","Mud",1,1,"Ginny Eckert"
"379","2017_M_04","7/11/2013",20170712,"Inside",9,90,0,"Mud","Mud",1,1,"Ginny Eckert"
"380","2017_M_04","7/11/2013",20170712,"Inside",10,100,0,"Mud","Mud",1,1,"Ginny Eckert"
"381","2017_M_04","7/11/2013",20170712,"Outside",1,10,5,"Muddy Sand","Muddy sand",3,3,"Ashley Bolwerk"
"382","2017_M_04","7/11/2013",20170712,"Outside",2,20,1,"Sandy mud","Muddy sand",2,3,"Ashley Bolwerk"
"383","2017_M_04","7/11/2013",20170712,"Outside",3,30,5,"Sandy mud","Mud",2,1,"Ashley Bolwerk"
"384","2017_M_04","7/11/2013",20170712,"Outside",4,40,4,"Sandy mud","Sandy mud",2,2,"Ashley Bolwerk"
"385","2017_M_04","7/11/2013",20170712,"Outside",5,50,5,"Sandy mud","Gravel",2,7,"Ashley Bolwerk"
"386","2017_M_04","7/11/2013",20170712,"Outside",6,60,11,"Sandy mud","Gravel",2,7,"Ashley Bolwerk"
"387","2017_M_04","7/11/2013",20170712,"Outside",7,70,2,"Sandy mud","Gravel",2,7,"Ashley Bolwerk"
"388","2017_M_04","7/11/2013",20170712,"Outside",8,80,0,"Sandy mud","Sandy mud",2,2,"Ashley Bolwerk"
"389","2017_M_04","7/11/2013",20170712,"Outside",9,90,0,"Muddy Sand","Gravel",3,7,"Ashley Bolwerk"
"390","2017_M_04","7/11/2013",20170712,"Outside",10,100,0,"Muddy Sand","Gravel",3,7,"Ashley Bolwerk"
"391","2017_M_05","7/11/2013",20170712,"Edge",1,10,3,"Muddy Sand","Gravel",3,7,"Ashley Bolwerk"
"392","2017_M_05","7/11/2013",20170712,"Edge",2,20,4,"Muddy Sand","Gravel",3,7,"Ashley Bolwerk"
"393","2017_M_05","7/11/2013",20170712,"Edge",3,30,1,"Muddy Sand","Gravel",3,7,"Ashley Bolwerk"
"394","2017_M_05","7/11/2013",20170712,"Edge",4,40,1,"Sandy mud","Gravel",2,7,"Ashley Bolwerk"
"395","2017_M_05","7/11/2013",20170712,"Edge",5,50,1,"Muddy Sand","Gravel",3,7,"Ashley Bolwerk"
"396","2017_M_05","7/11/2013",20170712,"Edge",6,60,0,"Muddy Sand","Gravel",3,7,"Ashley Bolwerk"
"397","2017_M_05","7/11/2013",20170712,"Edge",7,70,0,"Sandy mud","Gravel",2,7,"Ashley Bolwerk"
"398","2017_M_05","7/11/2013",20170712,"Edge",8,80,0,"Muddy Sand","Gravel",3,7,"Ashley Bolwerk"
"399","2017_M_05","7/11/2013",20170712,"Edge",9,90,0,"Muddy Sand","Gravel",3,7,"Ashley Bolwerk"
"400","2017_M_05","7/11/2013",20170712,"Edge",10,100,0,"Muddy Sand","Gravel",3,7,"Ashley Bolwerk"
"401","2017_M_05","7/11/2013",20170712,"Inside",1,10,0,"Mud","Mud",1,1,"Ginny Eckert"
"402","2017_M_05","7/11/2013",20170712,"Inside",2,20,0,"Mud","Mud",1,1,"Ginny Eckert"
"403","2017_M_05","7/11/2013",20170712,"Inside",3,30,0,"Mud","Mud",1,1,"Ginny Eckert"
"404","2017_M_05","7/11/2013",20170712,"Inside",4,40,1,"Mud","Mud",1,1,"Ginny Eckert"
"405","2017_M_05","7/11/2013",20170712,"Inside",5,50,0,"Mud","Mud",1,1,"Ginny Eckert"
"406","2017_M_05","7/11/2013",20170712,"Inside",6,60,0,"Mud","Mud",1,1,"Ginny Eckert"
"407","2017_M_05","7/11/2013",20170712,"Inside",7,70,0,"Mud","Mud",1,1,"Ginny Eckert"
"408","2017_M_05","7/11/2013",20170712,"Inside",8,80,0,"Mud","Mud",1,1,"Ginny Eckert"
"409","2017_M_05","7/11/2013",20170712,"Inside",9,90,0,"Mud","Mud",1,1,"Ginny Eckert"
"410","2017_M_05","7/11/2013",20170712,"Inside",10,100,0,"Mud","Mud",1,1,"Ginny Eckert"
"411","2017_M_05","7/11/2013",20170712,"Outside",1,10,0,"Sand","Gravel",4,7,"Ginny Eckert"
"412","2017_M_05","7/11/2013",20170712,"Outside",2,20,0,"Sand","Gravel",4,7,"Ginny Eckert"
"413","2017_M_05","7/11/2013",20170712,"Outside",3,30,0,"Sand","Gravel",4,7,"Ginny Eckert"
"414","2017_M_05","7/11/2013",20170712,"Outside",4,40,0,"Sand","Gravel",4,7,"Ginny Eckert"
"415","2017_M_05","7/11/2013",20170712,"Outside",5,50,0,"Sand","Gravel",4,7,"Ginny Eckert"
"416","2017_M_05","7/11/2013",20170712,"Outside",6,60,0,"Sand","Gravel",4,7,"Ginny Eckert"
"417","2017_M_05","7/11/2013",20170712,"Outside",7,70,0,"Sand","Gravel",4,7,"Ginny Eckert"
"418","2017_M_05","7/11/2013",20170712,"Outside",8,80,0,"Sand","Gravel",4,7,"Ginny Eckert"
"419","2017_M_05","7/11/2013",20170712,"Outside",9,90,0,"Sand","Gravel",4,7,"Ginny Eckert"
"420","2017_M_05","7/11/2013",20170712,"Outside",10,100,0,"Sand","Gravel",4,7,"Ginny Eckert"
"421","2017_M_07","7/25/2013",20170726,"Edge",1,10,0,"Sand","Gravel",4,7,"Tiff Stephens, Wendel Raymond, Cathy Mattson"
"422","2017_M_07","7/25/2013",20170726,"Edge",2,20,1,"Sand","Gravel",4,7,"Tiff Stephens, Wendel Raymond, Cathy Mattson"
"423","2017_M_07","7/25/2013",20170726,"Edge",3,30,1,"Sand","Gravel",4,7,"Tiff Stephens, Wendel Raymond, Cathy Mattson"
"424","2017_M_07","7/25/2013",20170726,"Edge",4,40,5,"Muddy Sand","Gravel",3,7,"Tiff Stephens, Wendel Raymond, Cathy Mattson"
"425","2017_M_07","7/25/2013",20170726,"Edge",5,50,2,"Muddy Sand","Gravel",3,7,"Tiff Stephens, Wendel Raymond, Cathy Mattson"
"426","2017_M_07","7/25/2013",20170726,"Edge",6,60,6,"Muddy Sand","Pebble",3,6,"Tiff Stephens, Wendel Raymond, Cathy Mattson"
"427","2017_M_07","7/25/2013",20170726,"Edge",7,70,4,"Muddy Sand","Pebble",3,6,"Tiff Stephens, Wendel Raymond, Cathy Mattson"
"428","2017_M_07","7/25/2013",20170726,"Edge",8,80,2,"Muddy Sand","Gravel",3,7,"Tiff Stephens, Wendel Raymond, Cathy Mattson"
"429","2017_M_07","7/25/2013",20170726,"Edge",9,90,4,"Muddy Sand","Gravel",3,7,"Tiff Stephens, Wendel Raymond, Cathy Mattson"
"430","2017_M_07","7/25/2013",20170726,"Edge",10,100,1,"Muddy Sand","Muddy Sand",3,3,"Tiff Stephens, Wendel Raymond, Cathy Mattson"
"431","2017_M_07","7/25/2013",20170726,"Inside",1,10,0,"Sand","Gravel",4,7,"Tiff Stephens, Wendel Raymond, Cathy Mattson"
"432","2017_M_07","7/25/2013",20170726,"Inside",2,20,1,"Muddy Sand","Gravel",3,7,"Tiff Stephens, Wendel Raymond, Cathy Mattson"
"433","2017_M_07","7/25/2013",20170726,"Inside",3,30,0,"Sand","Gravel",4,7,"Tiff Stephens, Wendel Raymond, Cathy Mattson"
"434","2017_M_07","7/25/2013",20170726,"Inside",4,40,1,"Muddy Sand","Muddy Sand",3,3,"Tiff Stephens, Wendel Raymond, Cathy Mattson"
"435","2017_M_07","7/25/2013",20170726,"Inside",5,50,0,"Muddy Sand","Muddy Sand",3,3,"Tiff Stephens, Wendel Raymond, Cathy Mattson"
"436","2017_M_07","7/25/2013",20170726,"Inside",6,60,0,"Muddy Sand","Muddy Sand",3,3,"Tiff Stephens, Wendel Raymond, Cathy Mattson"
"437","2017_M_07","7/25/2013",20170726,"Inside",7,70,0,"Muddy Sand","Muddy Sand",3,3,"Tiff Stephens, Wendel Raymond, Cathy Mattson"
"438","2017_M_07","7/25/2013",20170726,"Inside",8,80,0,"Sand","Cobble",4,8,"Tiff Stephens, Wendel Raymond, Cathy Mattson"
"439","2017_M_07","7/25/2013",20170726,"Inside",9,90,0,"Sand","Cobble",4,8,"Tiff Stephens, Wendel Raymond, Cathy Mattson"
"440","2017_M_07","7/25/2013",20170726,"Inside",10,100,0,"Sand","Cobble",4,8,"Tiff Stephens, Wendel Raymond, Cathy Mattson"
"441","2017_M_07","7/25/2013",20170726,"Outside",1,10,1,"Sand","Gravel",4,7,"Tiff Stephens, Wendel Raymond, Cathy Mattson"
"442","2017_M_07","7/25/2013",20170726,"Outside",2,20,2,"Sand","Gravel",4,7,"Tiff Stephens, Wendel Raymond, Cathy Mattson"
"443","2017_M_07","7/25/2013",20170726,"Outside",3,30,3,"Sand","Gravel",4,7,"Tiff Stephens, Wendel Raymond, Cathy Mattson"
"444","2017_M_07","7/25/2013",20170726,"Outside",4,40,2,"Sand","Gravel",4,7,"Tiff Stephens, Wendel Raymond, Cathy Mattson"
"445","2017_M_07","7/25/2013",20170726,"Outside",5,50,2,"Sand","Gravel",4,7,"Tiff Stephens, Wendel Raymond, Cathy Mattson"
"446","2017_M_07","7/25/2013",20170726,"Outside",6,60,5,"Sand","Gravel",4,7,"Tiff Stephens, Wendel Raymond, Cathy Mattson"
"447","2017_M_07","7/25/2013",20170726,"Outside",7,70,9,"Muddy Sand","Gravel",3,7,"Tiff Stephens, Wendel Raymond, Cathy Mattson"
"448","2017_M_07","7/25/2013",20170726,"Outside",8,80,2,"Muddy Sand","Pebble",3,6,"Tiff Stephens, Wendel Raymond, Cathy Mattson"
"449","2017_M_07","7/25/2013",20170726,"Outside",9,90,4,"Muddy Sand","Muddy Sand",3,3,"Tiff Stephens, Wendel Raymond, Cathy Mattson"
"450","2017_M_07","7/25/2013",20170726,"Outside",10,100,6,"Muddy Sand","Muddy Sand",3,3,"Tiff Stephens, Wendel Raymond, Cathy Mattson"
"451","2017_H_01","8/18/2013",20170819,"Edge",1,10,0,"Mud","Mud",1,1,"Ashley Bolwerk, Nicole LaRoche"
"452","2017_H_01","8/18/2013",20170819,"Edge",2,20,0,"Sandy Mud","Sand",2,3,"Ashley Bolwerk, Nicole LaRoche"
"453","2017_H_01","8/18/2013",20170819,"Edge",3,30,2,"Sand","Pebble",4,6,"Ashley Bolwerk, Nicole LaRoche"
"454","2017_H_01","8/18/2013",20170819,"Edge",4,40,0,"Sand","Pebble",4,3,"Ashley Bolwerk, Nicole LaRoche"
"455","2017_H_01","8/18/2013",20170819,"Edge",5,50,0,"Muddy Sand","Muddy Sand",3,3,"Ashley Bolwerk, Nicole LaRoche"
"456","2017_H_01","8/18/2013",20170819,"Edge",6,60,0,"Sand","Pebble",4,6,"Ashley Bolwerk, Nicole LaRoche"
"457","2017_H_01","8/18/2013",20170819,"Edge",7,70,3,"Sand","Pebble",4,6,"Ashley Bolwerk, Nicole LaRoche"
"458","2017_H_01","8/18/2013",20170819,"Edge",8,80,0,"Sand","Pebble",4,6,"Ashley Bolwerk, Nicole LaRoche"
"459","2017_H_01","8/18/2013",20170819,"Edge",9,90,1,"Sand","Pebble",4,6,"Ashley Bolwerk, Nicole LaRoche"
"460","2017_H_01","8/18/2013",20170819,"Edge",10,100,0,"Sand","Pebble",4,6,"Ashley Bolwerk, Nicole LaRoche"
"461","2017_H_01","8/18/2013",20170819,"Inside",1,10,0,"Mud","Mud",1,1,"Ashley Bolwerk, Nicole LaRoche"
"462","2017_H_01","8/18/2013",20170819,"Inside",2,20,0,"Mud","Mud",1,1,"Ashley Bolwerk, Nicole LaRoche"
"463","2017_H_01","8/18/2013",20170819,"Inside",3,30,2,"Gravel","Mud",7,1,"Ashley Bolwerk, Nicole LaRoche"
"464","2017_H_01","8/18/2013",20170819,"Inside",4,40,0,"Mud","Mud",1,1,"Ashley Bolwerk, Nicole LaRoche"
"465","2017_H_01","8/18/2013",20170819,"Inside",5,50,0,"Mud","Mud",1,1,"Ashley Bolwerk, Nicole LaRoche"
"466","2017_H_01","8/18/2013",20170819,"Inside",6,60,0,"Mud","Mud",1,1,"Ashley Bolwerk, Nicole LaRoche"
"467","2017_H_01","8/18/2013",20170819,"Inside",7,70,1,"Mud","Mud",1,1,"Ashley Bolwerk, Nicole LaRoche"
"468","2017_H_01","8/18/2013",20170819,"Inside",8,80,0,"Mud","Mud",1,1,"Ashley Bolwerk, Nicole LaRoche"
"469","2017_H_01","8/18/2013",20170819,"Inside",9,90,0,"Mud","Mud",1,1,"Ashley Bolwerk, Nicole LaRoche"
"470","2017_H_01","8/18/2013",20170819,"Inside",10,100,0,"Mud","Mud",1,1,"Ashley Bolwerk, Nicole LaRoche"
"471","2017_H_01","8/18/2013",20170819,"Outside",1,10,5,"Muddy Sand","Muddy Sand",3,3,"Ashley Bolwerk, Nicole LaRoche"
"472","2017_H_01","8/18/2013",20170819,"Outside",2,20,5,"Muddy Sand","Muddy Sand",3,3,"Ashley Bolwerk, Nicole LaRoche"
"473","2017_H_01","8/18/2013",20170819,"Outside",3,30,5,"Muddy Sand","Cobble",3,8,"Ashley Bolwerk, Nicole LaRoche"
"474","2017_H_01","8/18/2013",20170819,"Outside",4,40,5,"Muddy Sand","Cobble",3,8,"Ashley Bolwerk, Nicole LaRoche"
"475","2017_H_01","8/18/2013",20170819,"Outside",5,50,10,"Muddy Sand","Cobble",3,8,"Ashley Bolwerk, Nicole LaRoche"
"476","2017_H_01","8/18/2013",20170819,"Outside",6,60,5,"Muddy Sand","Muddy Sand",3,3,"Ashley Bolwerk, Nicole LaRoche"
"477","2017_H_01","8/18/2013",20170819,"Outside",7,70,10,"Muddy Sand","Muddy Sand",3,3,"Ashley Bolwerk, Nicole LaRoche"
"478","2017_H_01","8/18/2013",20170819,"Outside",8,80,25,"Sandy Mud","Mud",2,1,"Ashley Bolwerk, Nicole LaRoche"
"479","2017_H_01","8/18/2013",20170819,"Outside",9,90,30,"Sandy Mud","Mud",2,1,"Ashley Bolwerk, Nicole LaRoche"
"480","2017_H_01","8/18/2013",20170819,"Outside",10,100,5,"Sandy Mud","Mud",2,1,"Ashley Bolwerk, Nicole LaRoche"
"481","2017_H_02","8/21/2013",20170822,"Edge",1,10,0,"Mud","Mud",1,1,"Ashley Bolwerk, Nicole LaRoche"
"482","2017_H_02","8/21/2013",20170822,"Edge",2,20,1,"Mud","Mud",1,1,"Ashley Bolwerk, Nicole LaRoche"
"483","2017_H_02","8/21/2013",20170822,"Edge",3,30,1,"Mud","Mud",1,1,"Ashley Bolwerk, Nicole LaRoche"
"484","2017_H_02","8/21/2013",20170822,"Edge",4,40,3,"Sandy Mud","Coarse Sand",2,5,"Ashley Bolwerk, Nicole LaRoche"
"485","2017_H_02","8/21/2013",20170822,"Edge",5,50,4,"Sandy Mud","Coarse Sand",2,5,"Ashley Bolwerk, Nicole LaRoche"
"486","2017_H_02","8/21/2013",20170822,"Edge",6,60,2,"Sandy Mud","Mud",2,1,"Ashley Bolwerk, Nicole LaRoche"
"487","2017_H_02","8/21/2013",20170822,"Edge",7,70,3,"Sandy Mud","Mud",2,1,"Ashley Bolwerk, Nicole LaRoche"
"488","2017_H_02","8/21/2013",20170822,"Edge",8,80,2,"Mud","Mud",1,1,"Ashley Bolwerk, Nicole LaRoche"
"489","2017_H_02","8/21/2013",20170822,"Edge",9,90,0,"Mud","Mud",1,1,"Ashley Bolwerk, Nicole LaRoche"
"490","2017_H_02","8/21/2013",20170822,"Edge",10,100,0,"Mud","Mud",1,1,"Ashley Bolwerk, Nicole LaRoche"
"491","2017_H_02","8/21/2013",20170822,"Inside",1,10,0,"Mud","Mud",1,1,"Ashley Bolwerk, Nicole LaRoche"
"492","2017_H_02","8/21/2013",20170822,"Inside",2,20,0,"Mud","Mud",1,1,"Ashley Bolwerk, Nicole LaRoche"
"493","2017_H_02","8/21/2013",20170822,"Inside",3,30,0,"Mud","Mud",1,1,"Ashley Bolwerk, Nicole LaRoche"
"494","2017_H_02","8/21/2013",20170822,"Inside",4,40,1,"Sandy Mud","Mud",2,1,"Ashley Bolwerk, Nicole LaRoche"
"495","2017_H_02","8/21/2013",20170822,"Inside",5,50,2,"Sandy Mud","Gravel",2,7,"Ashley Bolwerk, Nicole LaRoche"
"496","2017_H_02","8/21/2013",20170822,"Inside",6,60,1,"Sandy Mud","Mud",2,1,"Ashley Bolwerk, Nicole LaRoche"
"497","2017_H_02","8/21/2013",20170822,"Inside",7,70,0,"Mud","Mud",1,1,"Ashley Bolwerk, Nicole LaRoche"
"498","2017_H_02","8/21/2013",20170822,"Inside",8,80,0,"Mud","Mud",1,1,"Ashley Bolwerk, Nicole LaRoche"
"499","2017_H_02","8/21/2013",20170822,"Inside",9,90,0,"Mud","Mud",1,1,"Ashley Bolwerk, Nicole LaRoche"
"500","2017_H_02","8/21/2013",20170822,"Inside",10,100,0,"Mud","Mud",1,1,"Ashley Bolwerk, Nicole LaRoche"
"501","2017_H_02","8/21/2013",20170822,"Outside",1,10,0,"Mud","Mud",1,1,"Ashley Bolwerk, Nicole LaRoche"
"502","2017_H_02","8/21/2013",20170822,"Outside",2,20,0,"Mud","Mud",1,1,"Ashley Bolwerk, Nicole LaRoche"
"503","2017_H_02","8/21/2013",20170822,"Outside",3,30,0,"Mud","Sandy mud",1,2,"Ashley Bolwerk, Nicole LaRoche"
"504","2017_H_02","8/21/2013",20170822,"Outside",4,40,0,"Mud","Sandy mud",1,2,"Ashley Bolwerk, Nicole LaRoche"
"505","2017_H_02","8/21/2013",20170822,"Outside",5,50,0,"Mud","Sandy mud",1,2,"Ashley Bolwerk, Nicole LaRoche"
"506","2017_H_02","8/21/2013",20170822,"Outside",6,60,1,"Muddy Sand","Coarse Sand",3,5,"Ashley Bolwerk, Nicole LaRoche"
"507","2017_H_02","8/21/2013",20170822,"Outside",7,70,1,"Muddy Sand","Sand",3,4,"Ashley Bolwerk, Nicole LaRoche"
"508","2017_H_02","8/21/2013",20170822,"Outside",8,80,0,"Coarse Sand","Sand",5,4,"Ashley Bolwerk, Nicole LaRoche"
"509","2017_H_02","8/21/2013",20170822,"Outside",9,90,0,"Muddy Sand","Coarse Sand",3,5,"Ashley Bolwerk, Nicole LaRoche"
"510","2017_H_02","8/21/2013",20170822,"Outside",10,100,1,"Muddy Sand","Coarse Sand",3,5,"Ashley Bolwerk, Nicole LaRoche"
"511","2017_H_03","8/20/2013",20170821,"Edge",1,10,1,"Mud","Mud",1,1,"Ashley Bolwerk, Nicole LaRoche"
"512","2017_H_03","8/20/2013",20170821,"Edge",2,20,0,"Mud","Mud",1,1,"Ashley Bolwerk, Nicole LaRoche"
"513","2017_H_03","8/20/2013",20170821,"Edge",3,30,1,"Mud","Mud",1,1,"Ashley Bolwerk, Nicole LaRoche"
"514","2017_H_03","8/20/2013",20170821,"Edge",4,40,1,"Mud","Mud",1,1,"Ashley Bolwerk, Nicole LaRoche"
"515","2017_H_03","8/20/2013",20170821,"Edge",5,50,0,"Mud","Mud",1,1,"Ashley Bolwerk, Nicole LaRoche"
"516","2017_H_03","8/20/2013",20170821,"Edge",6,60,0,"Mud","Mud",1,1,"Ashley Bolwerk, Nicole LaRoche"
"517","2017_H_03","8/20/2013",20170821,"Edge",7,70,0,"Mud","Mud",1,1,"Ashley Bolwerk, Nicole LaRoche"
"518","2017_H_03","8/20/2013",20170821,"Edge",8,80,0,"Mud","Mud",1,1,"Ashley Bolwerk, Nicole LaRoche"
"519","2017_H_03","8/20/2013",20170821,"Edge",9,90,0,"Mud","Mud",1,1,"Ashley Bolwerk, Nicole LaRoche"
"520","2017_H_03","8/20/2013",20170821,"Edge",10,100,0,"Mud","Mud",1,1,"Ashley Bolwerk, Nicole LaRoche"
"521","2017_H_03","8/20/2013",20170821,"Inside",1,10,0,"Mud","Mud",1,1,"Ashley Bolwerk, Nicole LaRoche"
"522","2017_H_03","8/20/2013",20170821,"Inside",2,20,0,"Mud","Mud",1,1,"Ashley Bolwerk, Nicole LaRoche"
"523","2017_H_03","8/20/2013",20170821,"Inside",3,30,0,"Mud","Mud",1,1,"Ashley Bolwerk, Nicole LaRoche"
"524","2017_H_03","8/20/2013",20170821,"Inside",4,40,0,"Mud","Mud",1,1,"Ashley Bolwerk, Nicole LaRoche"
"525","2017_H_03","8/20/2013",20170821,"Inside",5,50,0,"Mud","Mud",1,1,"Ashley Bolwerk, Nicole LaRoche"
"526","2017_H_03","8/20/2013",20170821,"Inside",6,60,0,"Mud","Mud",1,1,"Ashley Bolwerk, Nicole LaRoche"
"527","2017_H_03","8/20/2013",20170821,"Inside",7,70,0,"Mud","Mud",1,1,"Ashley Bolwerk, Nicole LaRoche"
"528","2017_H_03","8/20/2013",20170821,"Inside",8,80,0,"Mud","Mud",1,1,"Ashley Bolwerk, Nicole LaRoche"
"529","2017_H_03","8/20/2013",20170821,"Inside",9,90,0,"Mud","Mud",1,1,"Ashley Bolwerk, Nicole LaRoche"
"530","2017_H_03","8/20/2013",20170821,"Inside",10,100,0,"Mud","Mud",1,1,"Ashley Bolwerk, Nicole LaRoche"
"531","2017_H_03","8/20/2013",20170821,"Outside",1,10,0,"Gravel","Mud",7,1,"Ashley Bolwerk, Nicole LaRoche"
"532","2017_H_03","8/20/2013",20170821,"Outside",2,20,0,"Gravel","Mud",7,1,"Ashley Bolwerk, Nicole LaRoche"
"533","2017_H_03","8/20/2013",20170821,"Outside",3,30,0,"Gravel","Mud",7,1,"Ashley Bolwerk, Nicole LaRoche"
"534","2017_H_03","8/20/2013",20170821,"Outside",4,40,0,"Gravel","Mud",7,1,"Ashley Bolwerk, Nicole LaRoche"
"535","2017_H_03","8/20/2013",20170821,"Outside",5,50,0,"Gravel","Mud",7,1,"Ashley Bolwerk, Nicole LaRoche"
"536","2017_H_03","8/20/2013",20170821,"Outside",6,60,0,"Gravel","Mud",7,1,"Ashley Bolwerk, Nicole LaRoche"
"537","2017_H_03","8/20/2013",20170821,"Outside",7,70,0,"Gravel","Mud",7,1,"Ashley Bolwerk, Nicole LaRoche"
"538","2017_H_03","8/20/2013",20170821,"Outside",8,80,0,"Mud","Mud",1,1,"Ashley Bolwerk, Nicole LaRoche"
"539","2017_H_03","8/20/2013",20170821,"Outside",9,90,0,"Gravel","Mud",7,1,"Ashley Bolwerk, Nicole LaRoche"
"540","2017_H_03","8/20/2013",20170821,"Outside",10,100,0,"Gravel","Mud",7,1,"Ashley Bolwerk, Nicole LaRoche"
"541","2017_H_07","8/19/2013",20170820,"Edge",1,10,3,"Sandy Mud","Cobble",2,8,"Tiff Stephens, Earthwatch"
"542","2017_H_07","8/19/2013",20170820,"Edge",2,20,6,"Muddy Sand","Cobble",3,8,"Tiff Stephens, Earthwatch"
"543","2017_H_07","8/19/2013",20170820,"Edge",3,30,8,"Muddy Sand","Cobble",3,8,"Tiff Stephens, Earthwatch"
"544","2017_H_07","8/19/2013",20170820,"Edge",4,40,10,"Muddy Sand","Gravel",3,7,"Tiff Stephens, Earthwatch"
"545","2017_H_07","8/19/2013",20170820,"Edge",5,50,10,"Muddy Sand","Gravel",3,7,"Tiff Stephens, Earthwatch"
"546","2017_H_07","8/19/2013",20170820,"Edge",6,60,6,"Muddy Sand","Gravel",3,7,"Tiff Stephens, Earthwatch"
"547","2017_H_07","8/19/2013",20170820,"Edge",7,70,4,"Muddy Sand","Gravel",3,7,"Tiff Stephens, Earthwatch"
"548","2017_H_07","8/19/2013",20170820,"Edge",8,80,9,"Muddy Sand","Gravel",3,7,"Tiff Stephens, Earthwatch"
"549","2017_H_07","8/19/2013",20170820,"Edge",9,90,14,"Muddy Sand","Gravel",3,7,"Tiff Stephens, Earthwatch"
"550","2017_H_07","8/19/2013",20170820,"Edge",10,100,15,"Sand","Gravel",4,7,"Tiff Stephens, Earthwatch"
"551","2017_H_07","8/19/2013",20170820,"Inside",1,10,0,"Muddy Sand","Muddy Sand",3,3,"Tiff Stephens, Earthwatch"
"552","2017_H_07","8/19/2013",20170820,"Inside",2,20,2,"Muddy Sand","Muddy Sand",3,3,"Tiff Stephens, Earthwatch"
"553","2017_H_07","8/19/2013",20170820,"Inside",3,30,1,"Muddy Sand","Muddy Sand",3,3,"Tiff Stephens, Earthwatch"
"554","2017_H_07","8/19/2013",20170820,"Inside",4,40,0,"Sand","Muddy Sand",4,3,"Tiff Stephens, Earthwatch"
"555","2017_H_07","8/19/2013",20170820,"Inside",5,50,0,"Muddy Sand","Muddy Sand",3,3,"Tiff Stephens, Earthwatch"
"556","2017_H_07","8/19/2013",20170820,"Inside",6,60,0,"Muddy Sand","Sand",3,4,"Tiff Stephens, Earthwatch"
"557","2017_H_07","8/19/2013",20170820,"Inside",7,70,0,"Muddy Sand","Muddy Sand",3,3,"Tiff Stephens, Earthwatch"
"558","2017_H_07","8/19/2013",20170820,"Inside",8,80,2,"Muddy Sand","Muddy Sand",3,3,"Tiff Stephens, Earthwatch"
"559","2017_H_07","8/19/2013",20170820,"Inside",9,90,0,"Muddy Sand","Sand",3,4,"Tiff Stephens, Earthwatch"
"560","2017_H_07","8/19/2013",20170820,"Inside",10,100,6,"Sandy Mud","Cobble",3,8,"Tiff Stephens, Earthwatch"
"561","2017_H_07","8/19/2013",20170820,"Outside",1,10,6,"Muddy Sand","Boulder",3,9,"Tiff Stephens, Earthwatch"
"562","2017_H_07","8/19/2013",20170820,"Outside",2,20,2,"Muddy Sand","Cobble",3,8,"Tiff Stephens, Earthwatch"
"563","2017_H_07","8/19/2013",20170820,"Outside",3,30,1,"Muddy Sand","Cobble",3,8,"Tiff Stephens, Earthwatch"
"564","2017_H_07","8/19/2013",20170820,"Outside",4,40,2,"Sand","Gravel",4,7,"Tiff Stephens, Earthwatch"
"565","2017_H_07","8/19/2013",20170820,"Outside",5,50,2,"Muddy Sand","Gravel",3,7,"Tiff Stephens, Earthwatch"
"566","2017_H_07","8/19/2013",20170820,"Outside",6,60,8,"Muddy Sand","Gravel",3,7,"Tiff Stephens, Earthwatch"
"567","2017_H_07","8/19/2013",20170820,"Outside",7,70,2,"Muddy Sand","Gravel",3,7,"Tiff Stephens, Earthwatch"
"568","2017_H_07","8/19/2013",20170820,"Outside",8,80,2,"Sand","Gravel",4,7,"Tiff Stephens, Earthwatch"
"569","2017_H_07","8/19/2013",20170820,"Outside",9,90,4,"Sand","Gravel",4,7,"Tiff Stephens, Earthwatch"
"570","2017_H_07","8/19/2013",20170820,"Outside",10,100,3,"Sand","Gravel",4,7,"Tiff Stephens, Earthwatch"
"571","2017_M_06","8/20/2013",20170821,"Edge",1,10,0,"Sand","Cobble",4,8,"Wendel Raymond, Cathy Mattson, Tiff Stephens"
"572","2017_M_06","8/20/2013",20170821,"Edge",2,20,0,"Sand","Cobble",4,8,"Wendel Raymond, Cathy Mattson, Tiff Stephens"
"573","2017_M_06","8/20/2013",20170821,"Edge",3,30,0,"Sand","Cobble",4,8,"Wendel Raymond, Cathy Mattson, Tiff Stephens"
"574","2017_M_06","8/20/2013",20170821,"Edge",4,40,0,"Sand","Sand",4,4,"Wendel Raymond, Cathy Mattson, Tiff Stephens"
"575","2017_M_06","8/20/2013",20170821,"Edge",5,50,0,"Sand","Sand",4,4,"Wendel Raymond, Cathy Mattson, Tiff Stephens"
"576","2017_M_06","8/20/2013",20170821,"Edge",6,60,0,"Sand","Sand",4,4,"Wendel Raymond, Cathy Mattson, Tiff Stephens"
"577","2017_M_06","8/20/2013",20170821,"Edge",7,70,0,"Sand","Sand",4,4,"Wendel Raymond, Cathy Mattson, Tiff Stephens"
"578","2017_M_06","8/20/2013",20170821,"Edge",8,80,0,"Gravel","Sand",7,4,"Wendel Raymond, Cathy Mattson, Tiff Stephens"
"579","2017_M_06","8/20/2013",20170821,"Edge",9,90,0,"Gravel","Sand",7,4,"Wendel Raymond, Cathy Mattson, Tiff Stephens"
"580","2017_M_06","8/20/2013",20170821,"Edge",10,100,0,"Gravel","Sand",7,4,"Wendel Raymond, Cathy Mattson, Tiff Stephens"
"581","2017_M_06","8/20/2013",20170821,"Inside",1,10,0,"Coarse Sand","Cobble",5,8,"Wendel Raymond, Cathy Mattson, Tiff Stephens"
"582","2017_M_06","8/20/2013",20170821,"Inside",2,20,0,"Coarse Sand","Cobble",5,8,"Wendel Raymond, Cathy Mattson, Tiff Stephens"
"583","2017_M_06","8/20/2013",20170821,"Inside",3,30,0,"Coarse Sand","Cobble",5,8,"Wendel Raymond, Cathy Mattson, Tiff Stephens"
"584","2017_M_06","8/20/2013",20170821,"Inside",4,40,0,"Coarse Sand","Gravel",5,7,"Wendel Raymond, Cathy Mattson, Tiff Stephens"
"585","2017_M_06","8/20/2013",20170821,"Inside",5,50,0,"Coarse Sand","Gravel",5,7,"Wendel Raymond, Cathy Mattson, Tiff Stephens"
"586","2017_M_06","8/20/2013",20170821,"Inside",6,60,0,"Sand","Pebble",4,6,"Wendel Raymond, Cathy Mattson, Tiff Stephens"
"587","2017_M_06","8/20/2013",20170821,"Inside",7,70,0,"Sand","Gravel",4,7,"Wendel Raymond, Cathy Mattson, Tiff Stephens"
"588","2017_M_06","8/20/2013",20170821,"Inside",8,80,0,"Sand","Gravel",4,7,"Wendel Raymond, Cathy Mattson, Tiff Stephens"
"589","2017_M_06","8/20/2013",20170821,"Inside",9,90,0,"Coarse Sand","Cobble",5,8,"Wendel Raymond, Cathy Mattson, Tiff Stephens"
"590","2017_M_06","8/20/2013",20170821,"Inside",10,100,0,"Coarse Sand","Gravel",5,7,"Wendel Raymond, Cathy Mattson, Tiff Stephens"
"591","2017_M_06","8/20/2013",20170821,"Outside",1,10,0,"Coarse Sand","Cobble",5,8,"Wendel Raymond, Cathy Mattson, Tiff Stephens"
"592","2017_M_06","8/20/2013",20170821,"Outside",2,20,0,"Coarse Sand","Cobble",5,8,"Wendel Raymond, Cathy Mattson, Tiff Stephens"
"593","2017_M_06","8/20/2013",20170821,"Outside",3,30,0,"Coarse Sand","Cobble",5,8,"Wendel Raymond, Cathy Mattson, Tiff Stephens"
"594","2017_M_06","8/20/2013",20170821,"Outside",4,40,0,"Coarse Sand","Cobble",5,8,"Wendel Raymond, Cathy Mattson, Tiff Stephens"
"595","2017_M_06","8/20/2013",20170821,"Outside",5,50,0,"Coarse Sand","Gravel",5,7,"Wendel Raymond, Cathy Mattson, Tiff Stephens"
"596","2017_M_06","8/20/2013",20170821,"Outside",6,60,0,"Sand","Gravel",4,7,"Wendel Raymond, Cathy Mattson, Tiff Stephens"
"597","2017_M_06","8/20/2013",20170821,"Outside",7,70,0,"Sand","Gravel",4,7,"Wendel Raymond, Cathy Mattson, Tiff Stephens"
"598","2017_M_06","8/20/2013",20170821,"Outside",8,80,0,"Coarse Sand","Gravel",5,7,"Wendel Raymond, Cathy Mattson, Tiff Stephens"
"599","2017_M_06","8/20/2013",20170821,"Outside",9,90,0,"Coarse Sand","Gravel",5,7,"Wendel Raymond, Cathy Mattson, Tiff Stephens"
"600","2017_M_06","8/20/2013",20170821,"Outside",10,100,1,"Coarse Sand","Gravel",5,7,"Wendel Raymond, Cathy Mattson, Tiff Stephens"
"601","2017_M_08","8/21/2013",20170822,"Edge",1,10,0,"Muddy Sand","Gravel",3,7,"Wendel Raymond"
"602","2017_M_08","8/21/2013",20170822,"Edge",2,20,0,"Muddy Sand","Gravel",3,7,"Wendel Raymond"
"603","2017_M_08","8/21/2013",20170822,"Edge",3,30,0,"Coarse Sand","Gravel",5,7,"Wendel Raymond"
"604","2017_M_08","8/21/2013",20170822,"Edge",4,40,0,"Coarse Sand","Gravel",5,7,"Wendel Raymond"
"605","2017_M_08","8/21/2013",20170822,"Edge",5,50,0,"Coarse Sand","Coarse Sand",5,5,"Wendel Raymond"
"606","2017_M_08","8/21/2013",20170822,"Edge",6,60,0,"Coarse Sand","Gravel",5,7,"Wendel Raymond"
"607","2017_M_08","8/21/2013",20170822,"Edge",7,70,0,"Coarse Sand","Gravel",5,7,"Wendel Raymond"
"608","2017_M_08","8/21/2013",20170822,"Edge",8,80,0,"Muddy Sand","Gravel",3,7,"Wendel Raymond"
"609","2017_M_08","8/21/2013",20170822,"Edge",9,90,0,"Muddy Sand","Gravel",3,7,"Wendel Raymond"
"610","2017_M_08","8/21/2013",20170822,"Edge",10,100,0,"Muddy Sand","Gravel",3,7,"Wendel Raymond"
"611","2017_M_08","8/21/2013",20170822,"Inside",1,10,0,"Muddy Sand","Sandy mud",3,2,"Wendel Raymond"
"612","2017_M_08","8/21/2013",20170822,"Inside",2,20,0,"Muddy Sand","Muddy Sand",3,3,"Wendel Raymond"
"613","2017_M_08","8/21/2013",20170822,"Inside",3,30,0,"Muddy Sand","Sand",3,4,"Wendel Raymond"
"614","2017_M_08","8/21/2013",20170822,"Inside",4,40,0,"Muddy Sand","Sand",3,4,"Wendel Raymond"
"615","2017_M_08","8/21/2013",20170822,"Inside",5,50,0,"Muddy Sand","Gravel",3,7,"Wendel Raymond"
"616","2017_M_08","8/21/2013",20170822,"Inside",6,60,0,"Gravel","Muddy Sand",7,3,"Wendel Raymond"
"617","2017_M_08","8/21/2013",20170822,"Inside",7,70,0,"Sandy Mud","Gravel",2,7,"Wendel Raymond"
"618","2017_M_08","8/21/2013",20170822,"Inside",8,80,0,"Sand","Gravel",4,7,"Wendel Raymond"
"619","2017_M_08","8/21/2013",20170822,"Inside",9,90,0,"Muddy Sand","Gravel",3,7,"Wendel Raymond"
"620","2017_M_08","8/21/2013",20170822,"Inside",10,100,0,"Muddy Sand","Gravel",3,7,"Wendel Raymond"
"621","2017_M_08","8/21/2013",20170822,"Outside",1,10,0,"Muddy Sand","Gravel",3,7,"Wendel Raymond"
"622","2017_M_08","8/21/2013",20170822,"Outside",2,20,0,"Coarse Sand","Gravel",5,7,"Wendel Raymond"
"623","2017_M_08","8/21/2013",20170822,"Outside",3,30,0,"Muddy Sand","Gravel",3,7,"Wendel Raymond"
"624","2017_M_08","8/21/2013",20170822,"Outside",4,40,0,"Gravel","Coarse Sand",7,5,"Wendel Raymond"
"625","2017_M_08","8/21/2013",20170822,"Outside",5,50,0,"Gravel","Coarse Sand",7,5,"Wendel Raymond"
"626","2017_M_08","8/21/2013",20170822,"Outside",6,60,0,"Coarse Sand","Gravel",5,7,"Wendel Raymond"
"627","2017_M_08","8/21/2013",20170822,"Outside",7,70,0,"Coarse Sand","Gravel",5,7,"Wendel Raymond"
"628","2017_M_08","8/21/2013",20170822,"Outside",8,80,0,"Muddy Sand","Gravel",3,7,"Wendel Raymond"
"629","2017_M_08","8/21/2013",20170822,"Outside",9,90,0,"Muddy Sand","Gravel",3,7,"Wendel Raymond"
"630","2017_M_08","8/21/2013",20170822,"Outside",10,100,0,"Muddy Sand","Gravel",3,7,"Wendel Raymond"
