SIN,ID,Date.Collected,Size.mm,Species,Frozen.Weight,Live.Weight,Date.Dissected,Dissected.Weight,Notes,SEX,Site.location,Season,site.number,Dried,Ash,Bomb,SI,SPV,Tissue,PreyCat
403900,18-022,5/17/18,470,apc,NA,731.97,NA,731.97,ca cuc 1,NA,Soda Bay,Spring,9,FM135AIPan,y,l,ptn,y,whole,Cucumber
403901,18-023,5/17/18,460,apc,NA,633.49,NA,633.49,ca cuc 2,NA,Soda Bay,Spring,9,FM135AIPan,y,l,ptn,y,whole,Cucumber
403902,18-024,5/17/18,240,apc,NA,131.77,NA,131.77,ca cuc 3,NA,Soda Bay,Spring,9,FM135AIPan,y,l,ptn,y,whole,Cucumber
403903,18-029,5/17/18,80,apc,NA,14.54,NA,14.54,small ca cuc 4,NA,Soda Bay,Spring,8,FM135AIPan,y,l,ptn,y,whole,Cucumber
403904,18-030,5/17/18,80,apc,NA,13.93,NA,13.93,small ca cuc 5,NA,Soda Bay,Spring,8,FM135AIPan,y,l,ptn,y,whole,Cucumber
403905,18-454,8/10/18,220,apc,260.48,NA,NA,260.48,"Soda Bay, no length, est based on mass",NA,Soda Bay,Summer,9,FM135AIPan,y,l,ptn,y,whole,Cucumber
403906,18-455,8/10/18,200,apc,227.94,NA,NA,227.94,"Soda Bay, no length, est based on mass",NA,Soda Bay,Summer,9,FM135AIPan,y,l,ptn,y,whole,Cucumber
403907,18-456,8/10/18,270,apc,381.36,NA,NA,381.36,"Soda Bay, no length, est based on mass",NA,Soda Bay,Summer,9,FM135AIPan,y,l,ptn,y,whole,Cucumber
403908,18-457,8/10/18,230,apc,291.61,NA,NA,291.61,"Soda Bay, no length, est based on mass",NA,Soda Bay,Summer,9,FM135AIPan,y,l,ptn,y,whole,Cucumber
403909,18-458,8/10/18,230,apc,285.99,NA,NA,285.99,"Soda Bay, no length, est based on mass",NA,Soda Bay,Summer,9,FM135AIPan,y,l,ptn,y,whole,Cucumber
403925,18-001,5/3/18,85,sag,NA,177.06,5/3/18,51.82,NA,NA,Craig,Spring,2,FM135AIPan,y,l,cn,y,whole,Clam
403926,18-002,5/3/18,81,sag,NA,153.86,5/3/18,43.96,NA,NA,Craig,Spring,2,FM135AIPan,y,l,cn,y,whole,Clam
403927,18-003,5/3/18,62,sag,NA,56.73,5/3/18,22.77,NA,NA,Craig,Spring,2,FM135AIPan,y,l,cn,y,whole,Clam
403928,18-004,5/3/18,60,sag,NA,54.29,5/3/18,20.61,NA,NA,Craig,Spring,2,FM135AIPan,y,l,cn,y,whole,Clam
403929,18-005,5/3/18,23,sag,NA,3.4,5/3/18,1.57,NA,NA,Craig,Spring,2,FM135AI<0.5g,NA,s,cn,y,whole,Clam
403930,18-278,8/8/18,64.5,sag,79.99,NA,8/9/18,42.37,S. Wadleigh,NA,Craig,Summer,2,FM135AIPan,y,l,cn,y,whole,Clam
403931,18-279,8/8/18,55.5,sag,61.37,NA,8/9/18,23.51,S. Wadleigh,NA,Craig,Summer,2,FM135AIPan,y,l,cn,y,whole,Clam
403932,18-280,8/8/18,67,sag,96,NA,8/9/18,48.24,S. Wadleigh,NA,Craig,Summer,2,FM135AIPan,y,l,cn,y,whole,Clam
403933,18-281,8/8/18,51,sag,39.88,NA,8/9/18,18.73,S. Wadleigh,NA,Craig,Summer,2,FM135AIPan,y,l,cn,y,whole,Clam
403934,18-282,8/8/18,73.5,sag,124.09,NA,8/9/18,57.08,S. Wadleigh,NA,Craig,Summer,2,FM135AIPan,y,l,cn,y,whole,Clam
403935,18-007,5/3/18,42,prs,NA,24.08,5/3/18,7.22,NA,NA,Craig,Spring,2,FM135AIPan,y,l,cn,y,whole,Clam
403936,18-008,5/3/18,45,prs,NA,27.29,5/3/18,10.45,NA,NA,Craig,Spring,2,FM135AIPan,y,l,cn,y,whole,Clam
403937,18-009,5/3/18,52,prs,NA,34.57,5/3/18,8.43,NA,NA,Craig,Spring,2,FM135AIPan,y,l,cn,y,whole,Clam
403938,18-010,5/3/18,39,prs,NA,17.71,5/3/18,6.47,NA,NA,Craig,Spring,2,FM135AIPan,y,l,cn,y,whole,Clam
403939,18-011,5/3/18,47.5,prs,NA,31.61,5/3/18,9.98,NA,NA,Craig,Spring,2,FM135AIPan,y,l,cn,y,whole,Clam
403940,18-295,8/8/18,53,prs,49.29,NA,8/9/18,19.85,S. Wadleigh,NA,Craig,Summer,2,FM135AIPan,y,l,cn,y,whole,Clam
403941,18-296,8/8/18,58,prs,62.42,NA,8/9/18,22.28,S. Wadleigh,NA,Craig,Summer,2,FM135AIPan,y,l,cn,y,whole,Clam
403942,18-297,8/8/18,55.5,prs,52.52,NA,8/9/18,20.93,S. Wadleigh,NA,Craig,Summer,2,FM135AIPan,y,l,cn,y,whole,Clam
403943,18-298,8/8/18,60,prs,84.15,NA,8/9/18,31.6,S. Wadleigh,NA,Craig,Summer,2,FM135AIPan,y,l,cn,y,whole,Clam
403944,18-299,8/8/18,54,prs,51.32,NA,8/9/18,19.57,S. Wadleigh,NA,Craig,Summer,2,FM135AIPan,y,l,cn,y,whole,Clam
403945,18-012,5/3/18,50,cln,NA,42.32,5/3/18,16.04,NA,NA,Craig,Spring,2,FM135AIPan,y,l,cn,y,whole,Clam
403946,18-013,5/3/18,42,cln,NA,22.19,5/3/18,10.86,NA,NA,Craig,Spring,2,FM135AIPan,y,l,cn,y,whole,Clam
403947,18-014,5/3/18,52,cln,NA,47.14,5/3/18,22.27,NA,NA,Craig,Spring,2,FM135AIPan,y,l,cn,y,whole,Clam
403948,18-015,5/3/18,54.5,cln,NA,49.03,5/3/18,25.68,NA,NA,Craig,Spring,2,FM135AIPan,y,l,cn,y,whole,Clam
403949,18-016,5/3/18,30,cln,NA,9.99,5/3/18,3.96,NA,NA,Craig,Spring,2,FM135AIPan,y,l,cn,y,whole,Clam
403950,18-285,8/8/18,44,cln,26.4,NA,8/9/18,12.44,S. Wadleigh,NA,Craig,Summer,2,FM135AIPan,y,l,cn,y,whole,Clam
403951,18-286,8/8/18,59,cln,56.31,NA,8/9/18,27.31,S. Wadleigh,NA,Craig,Summer,2,FM135AIPan,y,l,cn,y,whole,Clam
403952,18-287,8/8/18,59.5,cln,65.15,NA,8/9/18,33.23,S. Wadleigh,NA,Craig,Summer,2,FM135AIPan,y,l,cn,y,whole,Clam
403953,18-288,8/8/18,56.5,cln,46.08,NA,8/9/18,19.41,S. Wadleigh,NA,Craig,Summer,2,FM135AIPan,y,l,cn,y,whole,Clam
403954,18-289,8/8/18,46.5,cln,27.61,NA,8/9/18,12.28,S. Wadleigh,NA,Craig,Summer,2,FM135AIPan,y,l,cn,y,whole,Clam
403955,18-136,5/3/18,27,nul,2.88,NA,5/26/18,0.68,Wadleigh,NA,Craig,Spring,2,FM135<0.5g,NA,s,ptn,NA,whole,Carn Snail
403956,18-137,5/3/18,29,nul,4.02,NA,5/26/18,0.94,Wadleigh,NA,Craig,Spring,2,FM135<0.5g,NA,s,ptn,NA,whole,Carn Snail
403957,18-138,5/3/18,30,nul,3.47,NA,5/26/18,0.77,Wadleigh,NA,Craig,Spring,2,FM135<0.5g,NA,s,ptn,NA,whole,Carn Snail
403958,18-139,5/3/18,25,nul,2.51,NA,5/26/18,0.54,Wadleigh,NA,Craig,Spring,2,FM135<0.5g,NA,s,ptn,NA,whole,Carn Snail
403959,18-140,5/3/18,27,nul,2.87,NA,5/26/18,0.75,Wadleigh,NA,Craig,Spring,2,FM135<0.5g,NA,s,ptn,NA,whole,Carn Snail
403960,18-464,5/7/18,55,tec,44.08,NA,NA,12.18,Nossuk,m,Nossuk,Spring,4,FM135,NA,l,cn,NA,whole,Crab
403961,18-465,5/7/18,52,tec,41.61,NA,NA,16.4,Nossuk,m,Nossuk,Spring,4,FM135,NA,l,cn,NA,whole,Crab
403962,18-466,5/7/18,57,tec,40.98,NA,NA,16.29,Nossuk,m,Nossuk,Spring,4,FM135,NA,l,cn,NA,whole,Crab
403963,18-467,5/7/18,59,tec,50.67,NA,NA,14.1,Nossuk,m,Nossuk,Spring,4,FM135,NA,l,cn,NA,whole,Crab
403964,18-468,5/7/18,66,tec,84.92,NA,NA,37.95,Nossuk,m,Nossuk,Spring,4,FM135,NA,l,cn,NA,whole,Crab
403965,18-271,5/13/18,29.5,cao,7.01,NA,8/8/18,2.13,San Alberto,f/gravid,Craig,Spring,5,FM135,NA,s,cn,NA,whole,Crab
403966,18-272,5/13/18,29,cao,7.61,NA,8/8/18,1.26,San Alberto,f/gravid,Craig,Spring,5,FM135<0.5g,NA,s,ptn,NA,whole,Crab
403967,18-043,5/13/18,64,cef,23.67,NA,5/20/18,3.49,NA,NA,Craig,Spring,5,FM135,p,l,cn,y,whole,Carn Snail
403968,18-044,5/13/18,67,cef,29.21,NA,5/20/18,5.77,NA,NA,Craig,Spring,5,FM135,p,l,cn,y,whole,Carn Snail
403969,18-045,5/13/18,69,cef,29.23,NA,5/20/18,5.72,NA,NA,Craig,Spring,5,FM135,p,l,cn,y,whole,Carn Snail
403970,18-046,5/13/18,53,cef,11.37,NA,5/20/18,1.54,NA,NA,Craig,Spring,5,FM135,NA,l,cn,y,whole,Carn Snail
403971,18-047,5/13/18,45,cef,8.03,NA,5/20/18,1.27,NA,NA,Craig,Spring,5,FM135,NA,s,cn,y,whole,Carn Snail
403972,18-061,5/13/18,24,tes,5.44,NA,5/20/18,1,listed as tef on bag,NA,Craig,Spring,5,FM135<0.5g,NA,s,ptn,y,whole,Herb Snail
403973,18-062,5/13/18,26,tes,7.53,NA,5/20/18,2.68,listed as tef on bag,NA,Craig,Spring,5,FM135,p,l,cn,y,whole,Herb Snail
403974,18-063,5/13/18,23,tes,6.65,NA,5/20/18,0.36,listed as tef on bag,NA,Craig,Spring,5,FM135<0.5g,NA,s,ptn,y,whole,Herb Snail
403975,18-064,5/13/18,24,tes,4.57,NA,5/20/18,1.35,listed as tef on bag,NA,Craig,Spring,5,FM135,NA,s,cn,y,whole,Herb Snail
403976,18-065,5/13/18,21,tes,3.98,NA,5/20/18,0.39,listed as tef on bag,NA,Craig,Spring,5,FM135<0.5g,NA,s,ptn,NA,whole,Herb Snail
403977,18-180,5/15/18,143,cap,310.54,355.97,9/10/18,149.95,"RRC1, dissected weight when frozen. ",m,Soda Bay,Spring,6,FM135,y,l,cn,y,whole,Crab
403978,18-181,5/15/18,160,cap,487.46,550.01,9/10/18,170.4,RRC2 ,m,Soda Bay,Spring,6,FM135AlPan,y,l,cn,y,whole,Crab
403979,18-182,5/15/18,138,cap,295.31,372.8,9/10/18,113.94,"RRC3, dissected weight after homoginized",m,Soda Bay,Spring,6,FM135,NA,l,cn,y,whole,Crab
403980,18-257,5/15/18,135,cap,391.19,NA,8/8/18,155.82,"North Pass, RRC4",m,Soda Bay,Spring,6,FM135,NA,l,cn,y,whole,Crab
403981,18-275,5/15/18,121.5,cap,225.62,NA,8/8/18,90.43,RRC5 North Pass,m,Soda Bay,Spring,6,FM135,p,l,cn,y,whole,Crab
403982,18-245,5/15/18,43,cam,13.21,NA,8/8/18,1.97,Soda Bay,m,Soda Bay,Spring,6,FM135<0.5g,NA,s,ptn,y,whole,Crab
403983,18-246,5/15/18,43.5,cam,13.31,NA,8/8/18,1.23,Soda Bay,f,Soda Bay,Spring,6,FM135<0.5g,NA,NA,ptn,y,whole,Crab
403984,18-247,5/15/18,47,cam,21.59,NA,8/8/18,5.14,Soda Bay,m,Soda Bay,Spring,6,FM135,p,l,cn,y,whole,Crab
403985,18-248,5/15/18,41,cam,11.49,NA,8/8/18,3.02,Soda Bay,m,Soda Bay,Spring,6,FM135<0.5g,NA,s,ptn,y,whole,Crab
403986,18-503,5/15/18,185,cam,734.55,757.95,12/20/18,314.2,N Pass pot,m,Soda Bay,Spring,6,FM135,p,l,cn,y,whole,Crab
403987,18-345,8/8/18,32.5,cao,10.11,NA,8/9/18,3.2,Alberto Is.,f,Craig,Summer,5,FM135<0.5g,NA,s,cn,NA,whole,Crab
403988,18-346,8/8/18,31.5,cao,11.23,NA,8/9/18,2.29,Alberto Is.,m,Craig,Summer,5,FM135<0.5g,NA,l,cn,NA,whole,Crab
403989,18-115,5/2/18,75,sag,93.56,NA,5/20/18,47.63,NA,NA,Nossuk,Spring,1,FM135AlPan,y,l,cn,NA,whole,Clam
403990,18-168,5/17/18,51,prs,34.66,NA,5/26/18,15.7,NA,NA,Soda Bay,Spring,8,FM135AlPan,y,l,cn,y,whole,Clam
403991,18-169,5/17/18,68,prs,90.83,NA,5/26/18,35.9,NA,NA,Soda Bay,Spring,8,FM135AlPan,y,l,cn,y,whole,Clam
403992,18-170,5/17/18,56,prs,41.55,NA,5/26/18,18.42,NA,NA,Soda Bay,Spring,8,FM135AlPan,y,l,cn,y,whole,Clam
403993,18-171,5/17/18,45,prs,20.8,NA,5/26/18,8.2,NA,NA,Soda Bay,Spring,8,FM135AlPan,y,l,cn,y,whole,Clam
403994,18-172,5/17/18,65,prs,90.95,NA,5/26/18,35.78,NA,NA,Soda Bay,Spring,8,FM135AlPan,y,l,cn,y,whole,Clam
403995,18-025,5/17/18,65.5,sag,NA,68.18,5/17/18,27.12,broken butter,NA,Soda Bay,Spring,8,FM135AlPan,y,l,cn,y,whole,Clam
403996,18-175,5/17/18,45,sag,18.65,NA,5/26/18,9.9,NA,NA,Soda Bay,Spring,8,FM135AlPan,y,l,cn,y,whole,Clam
403997,18-176,5/17/18,86,sag,152.07,NA,5/26/18,68.1,NA,NA,Soda Bay,Spring,8,FM135AlPan,y,l,cn,y,whole,Clam
403998,18-404,7/28/18,160,cam,515.24,NA,8/14/18,269.17,North Pass,f,Soda Bay,Summer,15,FM135AlPan,y,l,cn,y,whole,Crab
403999,18-405,7/28/18,71,cam,44.49,NA,8/14/18,16.65,North Pass,f,Soda Bay,Summer,15,FM135AlPan,y,l,cn,y,whole,Crab
404000,18-511,7/28/18,89,cam,97.93,NA,12/21/18,44.91,"Natsuhini, pots",m,Soda Bay,Summer,15,FM135AlPan,y,l,cn,y,whole,Crab
404001,19-001,2/17/19,250,apc,382.36,NA,NA,382.36,Soda Bay,NA,Soda Bay,Winter,9,FM135AlPan,y,l,cn,y,whole,Cucumber
404002,19-002,2/17/19,350,apc,768.45,NA,NA,768.45,Soda Bay,NA,Soda Bay,Winter,9,FM135AlPan,y,l,cn,y,whole,Cucumber
404003,19-003,2/17/19,250,apc,326.72,NA,NA,326.72,Soda Bay,NA,Soda Bay,Winter,9,FM135AlPan,y,l,cn,y,whole,Cucumber
404004,19-004,2/17/19,250,apc,287.5,NA,NA,287.5,Soda Bay,NA,Soda Bay,Winter,9,FM135AlPan,y,s,cn,y,whole,Cucumber
404005,18-173,5/17/18,37,sag,11.3,NA,5/26/18,4.79,NA,NA,Soda Bay,Spring,8,FM135,p,l,ptn,y,whole,Clam
404006,18-124,5/2/18,25,cln,3.99,NA,5/20/18,1.86,NA,NA,Nossuk,Spring,1,FM135<0.5g,NA,s,ptn,NA,whole,Clam
404007,18-125,5/2/18,27,cln,5.47,NA,5/20/18,2.64,NA,NA,Nossuk,Spring,1,FM135,NA,l,ptn,NA,whole,Clam
404008,18-126,5/2/18,30,cln,7.54,NA,5/20/18,3.75,NA,NA,Nossuk,Spring,1,FM135,NA,l,ptn,NA,whole,Clam
404009,18-127,5/2/18,36,cln,13.34,NA,5/20/18,6.75,NA,NA,Nossuk,Spring,1,FM135AlPan,y,l,ptn,NA,whole,Clam
404010,18-120,5/2/18,32,prs,8.46,NA,5/20/18,3.46,NA,NA,Nossuk,Spring,1,FM135,NA,l,ptn,NA,whole,Clam
404011,18-121,5/2/18,31,prs,7.4,NA,5/20/18,3.18,NA,NA,Nossuk,Spring,1,FM135,NA,l,ptn,NA,whole,Clam
404012,18-122,5/2/18,31,prs,7.94,NA,5/20/18,3.13,NA,NA,Nossuk,Spring,1,FM135,NA,l,ptn,NA,whole,Clam
404013,18-123,5/2/18,32,prs,7.71,NA,5/20/18,3.1,NA,NA,Nossuk,Spring,1,FM135,NA,l,ptn,NA,whole,Clam
404014,18-051,5/13/18,46,std,29.32,NA,5/20/18,1.46,NA,NA,Craig,Spring,5,FM135<0.5g,NA,s,ptn,y,whole,Urchin
404015,18-052,5/13/18,35,std,14.69,NA,5/20/18,0.29,NA,NA,Craig,Spring,5,FM135<0.5g,NA,s (composite),ptn,NA,whole,Urchin
404016,18-174,5/17/18,26,sag,4.3,NA,5/26/18,2.08,NA,NA,Soda Bay,Spring,8,FM135,NA,l,ptn,y,whole,Clam
404017,18-148,5/17/18,25,std,5.97,NA,5/26/18,0.06,NA,NA,Soda Bay,Spring,9,FM135<0.5g,NA,NA,ptn,NA,whole,Urchin
404018,18-150,5/17/18,26,std,6.1,NA,5/26/18,0.37,2 combined,NA,Soda Bay,Spring,9,FM135<0.5g,NA,s (composite),ptn,NA,whole,Urchin
404019,18-151,5/17/18,29,std,8.61,NA,5/26/18,0.47,NA,NA,Soda Bay,Spring,9,FM135<0.5g,NA,NA,ptn,y,whole,Urchin
404020,18-146,5/18/18,57,stf,62.18,NA,5/26/18,4.89,NA,NA,NA,Spring,12,FM135,p,l,ptn,y,whole,Urchin
404021,18-147,5/18/18,52,stf,44.77,NA,5/26/18,3.18,NA,NA,NA,Spring,12,FM135,NA,l,ptn,y,whole,Urchin
404022,18-630s,8/10/18,62,evt,152.46,NA,1/30/19,11.24,"stomach, soda bay",NA,Soda Bay,Summer,9,FM135AlPan,y,l,ptn,NA,stomach,Star
404023,18-630f,8/10/18,62,evt,152.46,NA,1/30/19,3.71,soda bay,NA,Soda Bay,Summer,9,FM135,NA,l,ptn,NA,feet,Star
404024,18-628,8/10/18,79,pio,331.67,NA,1/30/19,81.94,"stomach, soda bay",NA,Soda Bay,Summer,9,FM135AlPan,y,l,ptn,NA,stomach,Star
404025,18-628,8/10/18,79,pio,331.67,NA,1/30/19,9.94,"feet, soda bay",NA,Soda Bay,Summer,9,FM135AlPan,y,l,ptn,NA,feet,Star
404026,18-628,8/10/18,79,pio,331.67,NA,1/30/19,2.93,"gonads, soda bay",NA,Soda Bay,Summer,9,FM135,NA,l,ptn,NA,gonads,Star
404027,18-629,8/10/18,90,pio,487.93,NA,1/30/19,69.81,"stomach, soda bay",NA,Soda Bay,Summer,9,FM135AlPan,y,l,ptn,NA,stomach,Star
404028,18-629,8/10/18,90,pio,487.93,NA,1/30/19,28.28,"gonads, soda bay",NA,Soda Bay,Summer,9,FM135AlPan,y,l,ptn,NA,gonads,Star
404029,18-629,8/10/18,90,pio,487.93,NA,1/30/19,7.19,"feet, soda bay",NA,Soda Bay,Summer,9,FM135AlPan,y,l,ptn,NA,feet,Star
404030,18-631,8/10/18,79,pio,348.27,NA,1/30/19,92.1,"stomach, soda bay",NA,Soda Bay,Summer,9,FM135AlPan,y,l,ptn,NA,stomach,Star
404031,18-631,8/10/18,79,pio,348.27,NA,1/30/19,8.8,"gonads, soda bay",NA,Soda Bay,Summer,9,FM135AlPan,y,l,ptn,NA,gonads,Star
404032,18-631,8/10/18,79,pio,348.27,NA,1/30/19,5.89,"feet, soda bay",NA,Soda Bay,Summer,9,FM135,NA,l,ptn,NA,feet,Star
404033,19-005,2/17/19,74,apc,8.26,NA,NA,8.26,"Soda bay, soft sediment site, 2 combined",NA,Soda Bay,Winter,8,FM135AlPan,y,l,ptn,y,whole,Cucumber
404034,19-051,2/17/19,27.5,cln,6.47,NA,3/6/19,2.75,Soda Bay,NA,Soda Bay,Winter,8,FM135,NA,l,cn?,NA,whole,Clam
404035,19-052,2/17/19,62,cln,76.73,NA,3/6/19,39.25,Soda Bay,NA,Soda Bay,Winter,8,FM135AlPan,y,l,ptn,y,whole,Clam
404036,19-053,2/17/19,49,cln,29.83,NA,3/6/19,15.25,Soda Bay,NA,Soda Bay,Winter,8,FM135AlPan,y,l,ptn,y,whole,Clam
404037,19-054,2/17/19,58,cln,56.42,NA,3/6/19,25.82,Soda Bay,NA,Soda Bay,Winter,8,FM135AlPan,y,l,ptn,y,whole,Clam
404038,19-046,2/17/19,40,prs,15.77,NA,3/6/19,7.31,Soda Bay,NA,Soda Bay,Winter,8,FM135AlPan,y,l,ptn,y,whole,Clam
404039,19-047,2/17/19,44,prs,25.77,NA,3/6/19,12.75,Soda Bay,NA,Soda Bay,Winter,8,FM135AlPan,y,l,ptn,y,whole,Clam
404040,19-048,2/17/19,46,prs,24.48,NA,3/6/19,11.47,Soda Bay,NA,Soda Bay,Winter,8,FM135AlPan,y,l,ptn,y,whole,Clam
404041,19-049,2/17/19,44,prs,26.44,NA,3/6/19,12.73,Soda Bay,NA,Soda Bay,Winter,8,FM135AlPan,y,l,ptn,y,whole,Clam
404042,19-050,2/17/19,60,prs,67.91,NA,3/6/19,32.9,Soda Bay,NA,Soda Bay,Winter,8,FM134,NA,NA,NA,NA,whole,Clam
404043,19-040,2/17/19,41,sag,12.15,NA,3/6/19,4.89,"Soda bay, broken shell",NA,Soda Bay,Winter,8,FM135,p,l,ptn,y,whole,Clam
404044,19-045,2/17/19,69,sag,115.99,NA,3/6/19,50.99,Soda Bay,NA,Soda Bay,Winter,8,do,y,l,ptn,y,whole,Clam
404045,19-042,2/17/19,61,sag,61.92,NA,3/6/19,28.75,Soda Bay,NA,Soda Bay,Winter,8,do,p,l,ptn,y,whole,Clam
404046,19-043,2/17/19,59,sag,75.19,NA,3/6/19,30.55,Soda Bay,NA,Soda Bay,Winter,8,do,y,l,ptn,y,whole,Clam
404047,19-044,2/17/19,69,sag,97.94,NA,3/6/19,42.15,Soda Bay,NA,Soda Bay,Winter,8,do,p,l,ptn,y,whole,Clam
404048,18-307,8/8/18,31,nul,4.65,NA,8/9/18,0.83,S. Wadleigh,NA,Craig,Summer,2,FM135<0.5g,NA,s,ptn,NA,whole,Carn Snail
404049,18-308,8/8/18,33,nul,4.66,NA,8/9/18,0.99,S. Wadleigh,NA,Craig,Summer,2,FM135<0.5g,NA,s,ptn,NA,whole,Carn Snail
404050,18-309,8/8/18,32,nul,4.56,NA,8/9/18,1.72,S. Wadleigh,NA,Craig,Summer,2,FM135<0.5g,NA,s,ptn,NA,whole,Carn Snail
404051,18-310,8/8/18,30,nul,3.77,NA,8/9/18,0.99,S. Wadleigh,NA,Craig,Summer,2,FM135<0.5g,NA,s,ptn,NA,whole,Carn Snail
404052,18-311,8/8/18,29,nul,3.42,NA,8/9/18,1.28,S. Wadleigh,NA,Craig,Summer,2,FM135<0.5g,NA,s,ptn,NA,whole,Carn Snail
404053,18-312,8/8/18,30,nul,3.94,NA,8/9/18,0.85,S. Wadleigh,NA,Craig,Summer,2,FM135<0.5g,NA,s,ptn,NA,whole,Carn Snail
404054,18-532,7/31/18,100,squid eggs,128.34,NA,NA,NA,"Nossuk, seine",NA,Nossuk,Summer,16,FM135AIPan,y,l,ptn,NA,whole,NA
404055,19-010,2/18/19,84,sag,152.12,NA,3/4/19,73.96,Wadleigh,NA,Craig,Winter,2,FM135AIPan,y,l,ptn,y,whole,Clam
404056,19-009,2/18/19,80.5,sag,146.07,NA,3/4/19,70.46,Wadleigh,NA,Craig,Winter,2,FM135AIPan,y,l,ptn,y,whole,Clam
404057,19-008,2/18/19,77,sag,135.85,NA,3/4/19,64.03,Wadleigh,NA,Craig,Winter,2,FM135AIPan,y,l,ptn,y,whole,Clam
404058,19-007,2/18/19,78,sag,113.57,NA,3/4/19,51.11,"Wadleigh, broken shell",NA,Craig,Winter,2,FM135AIPan,y,l,ptn,y,whole,Clam
404059,18-386,8/2/18,65,cln,76.25,NA,8/14/18,38.24,North Pass,NA,Soda Bay,Summer,15,FM135AIPan,y,l,ptn,NA,whole,Clam
404060,18-651s,5/13/18,88,pio,273.23,NA,4/3/19,37.67,Alberto Is,NA,Craig,Spring,5,FM135AIPan,y,l,ptn,NA,stomach,Star
404061,18-382,8/2/18,64.5,sag,75.61,NA,8/14/18,36.12,North Pass,NA,Soda Bay,Summer,15,FM135AIPan,y,l,ptn,NA,whole,Clam
404062,18-385,8/2/18,63,sag,70.57,NA,8/14/18,34.33,North Pass,NA,Soda Bay,Summer,15,FM135AIPan,y,l,ptn,NA,whole,Clam
404063,19-013,2/18/19,58,prs,75.67,NA,3/4/19,30.19,Wadleigh,NA,Craig,Winter,2,FM135AIPan,y,l,ptn,y,whole,Clam
404064,18-383,8/2/18,59,sag,63.15,NA,8/14/18,28.88,North Pass,NA,Soda Bay,Summer,15,FM135AIPan,y,l,ptn,NA,whole,Clam
404065,18-651g,5/13/18,88,pio,273.23,NA,4/3/19,27.78,Alberto Is,NA,Craig,Spring,5,FM135AIPan,y,l,ptn,NA,gonads,Star
404066,18-381,8/2/18,64,sag,60.34,NA,8/14/18,24.77,North Pass,NA,Soda Bay,Summer,15,FM135AIPan,y,l,ptn,NA,whole,Clam
404067,19-016,2/18/19,56,prs,59.22,NA,3/4/19,24.67,Wadleigh,NA,Craig,Winter,2,FM135AIPan,y,l,ptn,y,whole,Clam
404068,19-014,2/18/19,52.5,prs,46.81,NA,3/4/19,22.45,Wadleigh,NA,Craig,Winter,2,FM135AIPan,y,l,ptn,y,whole,Clam
404069,19-015,2/18/19,54,prs,51.2,NA,3/4/19,20.55,Wadleigh,NA,Craig,Winter,2,FM135AIPan,y,l,ptn,y,whole,Clam
404070,18-389,8/2/18,54,prs,60.08,NA,8/14/18,17.67,North Pass,NA,Soda Bay,Summer,15,FM135AIPan,y,l,ptn,NA,whole,Clam
404071,19-072s,2/19/19,64,pio,172.6,NA,4/8/19,17.61,Alberto Is,NA,Craig,Winter,5,FM135AIPan,y,l,ptn,NA,stomach,Star
404072,18-354,8/10/18,47,stf,39.15,NA,8/14/18,16.14,Soda Bay,NA,Soda Bay,Summer,9,FM135AIPan,y,l,ptn,y,whole,Urchin
404073,19-017,2/18/19,44,prs,27.11,NA,3/4/19,9.81,Wadleigh,NA,Craig,Winter,2,FM135AIPan,y,l,ptn,y,whole,Clam
404074,18-387,8/2/18,46,cln,29.34,NA,8/14/18,14.67,North Pass,NA,Soda Bay,Summer,15,FM135AIPan,y,l,ptn,NA,whole,Clam
404075,18-313,8/2/18,47,cln,32.85,NA,8/9/18,14.66,South Pass,NA,Soda Bay,Summer,18,FM135AIPan,y,l,ptn,NA,whole,Clam
404076,18-356,8/10/18,49,stf,39.3,NA,8/14/18,12.85,Soda Bay,NA,Soda Bay,Summer,9,FM135AIPan,y,l,ptn,y,whole,Urchin
404077,19-022,2/18/19,44.5,cln,26.02,NA,3/4/19,12.27,Wadleigh,NA,Craig,Winter,2,FM135AIPan,y,l,ptn,y,whole,Clam
404078,18-393,8/2/18,45.5,prs,27.01,NA,8/14/18,12.14,North Pass,NA,Soda Bay,Summer,15,FM135AIPan,y,l,ptn,NA,whole,Clam
404079,18-384,8/2/18,43,sag,22.21,NA,8/14/18,11.52,"North pass, photos, weird shell",NA,Soda Bay,Summer,15,FM135AIPan,y,l,ptn,NA,whole,Clam
404080,18-390,8/2/18,45,prs,33.02,NA,8/14/18,11.14,North Pass,NA,Soda Bay,Summer,15,FM135AIPan,y,l,ptn,y,whole,Clam
404081,18-349,8/10/18,46,std,36.41,NA,8/14/18,10.76,Soda Bay,NA,Soda Bay,Summer,9,FM135AIPan,y,l,ptn,y,whole,Urchin
404082,18-391,8/2/18,46,prs,29.45,NA,8/14/18,10.29,North Pass,NA,Soda Bay,Summer,15,FM135AIPan,y,l,ptn,y,whole,Clam
404083,18-392,8/2/18,42.5,prs,22.33,NA,8/14/18,9.6,North Pass,NA,Soda Bay,Summer,15,FM135AIPan,y,l,ptn,y,whole,Clam
404084,19-072g,2/19/19,64,pio,172.6,NA,4/8/19,9.53,Alberto Is,NA,Craig,Winter,5,FM135AIPan,y,l,ptn,NA,gonads,Star
404085,19-075,2/17/19,53,stf,51.52,NA,4/8/19,9,"Not full of gonads, mostly food. Took photos on phone. Soda Bay",NA,Soda Bay,Winter,9,FM135AIPan,y,l,ptn,y,whole,Urchin
404086,19-011,2/18/19,43.5,sag,18.74,NA,3/4/19,8.82,Wadleigh,NA,Craig,Winter,2,FM135AIPan,y,l,ptn,y,whole,Clam
404087,18-314,8/2/18,43,cln,25.49,NA,8/9/18,8.7,South Pass,NA,Soda Bay,Summer,18,FM135AIPan,y,l,ptn,y,whole,Clam
404088,19-076,2/17/19,47,stf,41.71,NA,4/8/19,8.61,Soda Bay,NA,Soda Bay,Winter,9,FM135AIPan,p,l,ptn,y,whole,Urchin
404089,19-072f,2/19/19,64,pio,172.6,NA,4/8/19,7.91,Alberto Is,NA,Craig,Winter,5,FM135AIPan,NA,l,ptn,NA,feet,Star
404090,18-353,8/10/18,43,stf,27.49,NA,8/14/18,7.33,Soda Bay,NA,Soda Bay,Summer,9,FM135AIPan,NA,l,ptn,y,whole,Urchin
404091,18-649s,5/13/18,49,evt,104.33,NA,4/3/19,6.99,Alberto Is,NA,Craig,Spring,5,FM135AIPan,NA,l,NA,NA,stomach,Star
404092,18-651f,5/13/18,88,pio,273.23,NA,4/3/19,6.88,Alberto Is,NA,Craig,Spring,5,FM135AIPan,NA,l,ptn,NA,feet,Star
404093,18-640,7/28/18,103,pas,11.55,NA,4/1/19,6.38,"South Pass, beach seine",NA,Soda Bay,Summer,30,FM135AIPan,NA,l,NA,NA,whole,Crab
404094,18-351,8/10/18,40,std,25.26,NA,8/14/18,6.01,Soda Bay,NA,Soda Bay,Summer,9,FM135AIPan,NA,l,ptn,y,whole,Urchin
404095,18-322,8/8/18,37,std,20.16,NA,8/9/18,5.91,Alberto Is.,NA,Craig,Summer,5,FM135AIPan,p,l,ptn,y,whole,Urchin
404096,18-329,8/8/18,36,stf,22.02,NA,8/9/18,5.68,Alberto Is.,NA,Craig,Summer,5,FM135AIPan,NA,l,ptn,y,whole,Urchin
404097,18-348,8/10/18,43,std,27.28,NA,8/14/18,5.58,Soda Bay,NA,Soda Bay,Summer,9,FM135AIPan,NA,l,ptn,y,whole,Urchin
404098,18-350,8/10/18,37.5,std,22.24,NA,8/14/18,5.45,Soda Bay,NA,Soda Bay,Summer,9,FM135AIPan,p,l,ptn,y,whole,Urchin
404099,18-347,8/10/18,38.5,std,26.07,NA,8/14/18,5.4,Soda Bay,NA,Soda Bay,Summer,9,FM135AIPan,NA,l,ptn,y,whole,Urchin
404100,18-650s,5/13/18,47,evt,74.09,NA,4/3/19,5.06,Alberto Is,NA,Craig,Spring,5,FM135AIPan,NA,NA,NA,NA,stomach,Star
404101,19-074,2/19/19,26,evt,32.31,NA,4/8/19,5.03,"Alberto Is, too small to separate",NA,Craig,Winter,5,FM135AIPan,NA,l,ptn,NA,whole,Star
404102,18-641,7/28/18,91,pas,8.8,NA,4/1/19,4.41,"South Pass, beach seine",NA,Soda Bay,Summer,30,FM135AIPan,NA,l,NA,NA,whole,Crab
404103,18-671s,8/8/18,59,evt,204.06,NA,6/19/19,46.65,Alberto,NA,Craig,Summer,5,FM135AIPan,NA,NA,NA,NA,stomach,Star
404104,18-674s,5/17/18,71,evt,405.11,NA,6/19/19,52.1,Soda Bay,NA,Soda Bay,Spring,8,FM135AIPan,NA,NA,NA,NA,stomach,Star
404105,18-514,8/8/18,46,cam,18.07,NA,1/23/19,7.47,S Wadleigh,m,Craig,Summer,2,FM135AIPan,y,l,ptn,y,whole,Crab
404106,18-515,8/8/18,68,cam,59.53,NA,1/23/19,21.84,S Wadleigh,m,Craig,Summer,2,FM135AIPan,y,l,ptn,y,whole,Crab
404107,18-516,8/8/18,83,cam,99.59,NA,1/23/19,50.28,S Wadleigh,f,Craig,Summer,2,FM135AIPan,y,l,ptn,y,whole,Crab
404108,19-067,2/19/19,75.5,cam,79.69,NA,3/20/19,29.51,"Wadleigh pots, separate vial with .7g of eggs",f,Craig,Winter,2,FM135AIPan,y,l,ptn,y,whole,Crab
404109,19-068,2/19/19,62,cam,43.38,NA,3/20/19,16.5,"Wadleigh pots, separate vial with 1.07g of eggs",f,Craig,Winter,2,FM135AIPan,y,l,ptn,y,whole,Crab
404110,18-526,8/3/18,63,cam,40.98,NA,1/28/19,19.7,"Kaguk, eggs",f,Nossuk,Summer,20,FM135AIPan,y,l,ptn,NA,whole,Crab
404111,18-527,8/3/18,79,cam,74.67,NA,1/28/19,27.27,"Kaguk, eggs",f,Nossuk,Summer,20,FM135AIPan,y,l,ptn,NA,whole,Crab
404112,19-069,2/17/19,66,cam,48.74,NA,3/27/19,22.32,"Soda bay, location 1",m,Soda Bay,Winter,8,FM135AIPan,y,l,ptn,y,whole,Crab
404113,19-070,2/17/19,61,cam,46.22,NA,3/27/19,17.67,"Soda bay, location 1, separate vial with .7g eggs",f,Soda Bay,Winter,8,FM135AIPan,y,l,ptn,y,whole,Crab
404114,18-502,8/8/18,106,cap,191.22,NA,12/13/18,59.94,Alberto,m,Craig,Summer,5,FM135AIPan,y,l,ptn,y,whole,Crab
404115,18-512,8/8/18,89,cap,96.96,NA,12/21/18,39.98,S Wadleigh,"f, gravid",Craig,Summer,2,FM135AIPan,y,l,ptn,y,whole,Crab
404116,18-418,7/28/18,145,cap,364.35,NA,8/14/18,173.67,North Pass,m,Soda Bay,Summer,15,FM135AIPan,y,l,ptn,y,whole,Crab
404117,18-419,7/28/18,170,cap,517.09,NA,8/14/18,220.94,North Pass,m,Soda Bay,Summer,15,FM135AIPan,y,l,ptn,y,whole,Crab
404118,19-066,2/19/19,78,cap,70.4,NA,3/20/19,34.88,Wadleigh pots,m,Craig,Winter,2,FM135AIPan,y,l,ptn,y,whole,Crab
404119,18-484,8/8/18,48,tec,32.89,NA,9/11/18,11.52,"Alberto, kept some eggs aside for SI",f,Craig,Summer,5,FM135AIPan,y,l,ptn,NA,whole,Crab
404120,18-420,8/10/18,75,tec,103.53,NA,8/14/18,47.09,Soda Bay,m,Soda Bay,Summer,9,FM135AIPan,y,l,ptn,NA,whole,Crab
404121,19-071,2/17/19,45,tec,45.42,NA,4/5/19,17.69,Soda Bay,m,Soda Bay,Winter,8,DO,NA,l,ptn,NA,whole,Crab
404122,18-131,5/3/18,35,mtr,3.7,NA,5/26/18,1.44,NA,NA,Craig,Spring,2,DO,NA,NA,ptn,NA,whole,Mussel
404123,18-132,5/3/18,24.5,mtr,1.91,NA,5/26/18,0.58,NA,NA,Craig,Spring,2,DO,NA,NA,ptn,NA,whole,Mussel
404124,18-135,5/3/18,25,mtr,2.42,NA,5/26/18,0.67,NA,NA,Craig,Spring,2,DO,NA,NA,ptn,NA,whole,Mussel
404125,18-302,8/8/18,45.5,mtr,10.66,NA,8/9/18,4.12,S. Wadleigh,NA,Craig,Summer,2,DO,NA,l,ptn,NA,whole,Mussel
404126,18-303,8/8/18,43,mtr,8.68,NA,8/9/18,4.37,S. Wadleigh,NA,Craig,Summer,2,DO,NA,l,ptn,NA,whole,Mussel
404127,18-304,8/8/18,37.5,mtr,7.01,NA,8/9/18,3,S. Wadleigh,NA,Craig,Summer,2,DO,NA,l,ptn,NA,whole,Mussel
404128,19-024,2/18/19,34.5,mtr,4.83,NA,3/4/19,1.34,NA,NA,Craig,Winter,2,DO,NA,NA,ptn,NA,whole,Mussel
404129,19-025,2/18/19,26,mtr,2.4,NA,3/4/19,0.62,"bagged with 026, 027, wadleigh",NA,Craig,Winter,2,DO,NA,NA,ptn,NA,whole,Mussel
404130,19-028,2/18/19,29,mtr,1.73,NA,3/4/19,0.79,"bagged with 029, 030",NA,Craig,Winter,2,DO,NA,NA,ptn,NA,whole,Mussel
404131,19-089s,2/18/19,34,evt,39.51,NA,6/11/19,2.56,Wadleigh,NA,Craig,Winter,2,DO,NA,NA,NA,NA,stomach,Star
404132,19-089g,2/18/19,34,evt,39.51,NA,6/11/19,0.64,Wadleigh,NA,Craig,Winter,2,DO,NA,NA,NA,NA,gonads,Star
404133,19-089f,2/18/19,34,evt,39.51,NA,6/11/19,0.84,Wadleigh,NA,Craig,Winter,2,DO,NA,NA,NA,NA,feet,Star
404134,19-067e,2/19/19,75.5,cam,79.69,NA,3/20/19,0.7,"Wadleigh pots, separate vial with .7g of eggs",f,Craig,Winter,2,DO,NA,l,ptn,NA,eggs,Crab
404135,19-068e,2/19/19,62,cam,43.38,NA,3/20/19,1.07,"Wadleigh pots, separate vial with 1.07g of eggs",f,Craig,Winter,2,DO,NA,l,ptn,NA,eggs,Crab
404136,18-678f,5/13/18,43,evt,105.73,NA,6/21/19,4.95,NA,NA,Craig,Spring,5,DO,NA,NA,NA,NA,feet,Star
404137,18-678g,5/13/18,43,evt,105.73,NA,6/21/19,8.35,NA,NA,Craig,Spring,5,DO,NA,NA,NA,NA,gonads,Star
404138,18-678s,5/13/18,43,evt,105.73,NA,6/21/19,6.2,NA,NA,Craig,Spring,5,DO,NA,NA,NA,NA,stomach,Star
404139,18-679f,5/13/18,70,pio,233.38,NA,6/21/19,11.93,NA,NA,Craig,Spring,5,DO,NA,NA,NA,NA,feet,Star
404140,18-679g,5/13/18,70,pio,233.38,NA,6/21/19,10.14,NA,NA,Craig,Spring,5,DO,NA,NA,NA,NA,gonads,Star
404141,18-679s,5/13/18,70,pio,233.38,NA,6/21/19,31.94,NA,NA,Craig,Spring,5,DO,NA,NA,NA,NA,stomach,Star
404142,18-680f,5/13/18,58,pio,219.34,NA,6/21/19,14.38,NA,NA,Craig,Spring,5,DO,NA,NA,NA,NA,feet,Star
404143,18-680g,5/13/18,58,pio,219.34,NA,6/21/19,15.56,NA,NA,Craig,Spring,5,DO,NA,NA,NA,NA,gonads,Star
404144,18-680s,5/13/18,58,pio,219.34,NA,6/21/19,20.91,NA,NA,Craig,Spring,5,DO,NA,NA,NA,NA,stomach,Star
404145,18-697,5/13/18,22,evt,16.39,NA,6/21/19,1.8,NA,NA,Craig,Spring,5,DO,NA,l,ptn,NA,whole,Star
404146,18-570f,5/13/18,51,pio,57.18,NA,6/11/19,1.43,Alberto,NA,Craig,Spring,5,DO,NA,NA,NA,NA,feet,Star
404147,18-570s,5/13/18,51,pio,57.18,NA,6/11/19,5.45,Alberto,NA,Craig,Spring,5,DO,NA,NA,NA,NA,stomach,Star
404148,18-606f,5/13/18,84,pio,468.48,NA,NA,26.37,Alberto,NA,Craig,Spring,5,DO,NA,NA,NA,NA,feet,Star
404149,18-606g,5/13/18,84,pio,468.48,NA,NA,4.85,Alberto,NA,Craig,Spring,5,DO,NA,NA,NA,NA,gonads,Star
404150,18-606s,5/13/18,84,pio,468.48,NA,NA,70.8,Alberto,NA,Craig,Spring,5,DO,NA,NA,NA,NA,stomach,Star
404151,18-649f,5/13/18,49,evt,104.33,NA,4/3/19,3.51,Alberto Is,NA,Craig,Spring,5,DO,NA,l,NA,NA,feet,Star
404152,18-649g,5/13/18,49,evt,104.33,NA,4/3/19,0.74,Alberto Is,NA,Craig,Spring,5,DO,NA,l,NA,NA,gonads,Star
404153,18-650f,5/13/18,47,evt,74.09,NA,4/3/19,2.84,Alberto Is,NA,Craig,Spring,5,DO,NA,NA,NA,NA,feet,Star
404154,18-273,5/13/18,31.5,pup,7.58,NA,8/8/18,1.45,San Alberto,m,Craig,Spring,5,DO,NA,l,ptn,y,whole,Crab
404155,18-274,5/13/18,71,pup,193.21,NA,8/8/18,53.24,San Alberto,m,Craig,Spring,5,DO,p,l,ptn,y,whole,Crab
404156,18-035,5/13/18,64,hak,28.44,NA,5/20/18,18.56,NA,NA,Craig,Spring,5,DO,NA,l,NA,NA,whole,Abalone
404157,18-066,5/13/18,30.5,mtr,2.79,NA,5/20/18,0.68,NA,NA,Craig,Spring,5,DO,NA,NA,ptn,NA,whole,Mussel
404158,18-067,5/13/18,27,mtr,1.95,NA,5/20/18,0.63,NA,NA,Craig,Spring,5,DO,NA,NA,ptn,NA,whole,Mussel
404159,18-070,5/13/18,23,mtr,1.19,NA,5/20/18,0.5,NA,NA,Craig,Spring,5,DO,NA,NA,ptn,NA,whole,Mussel
404161,18-333,8/8/18,51,cef,14.82,NA,8/9/18,2.79,Alberto Is.,NA,Craig,Summer,5,DO,p,l,ptn,y,whole,Carn Snail
404162,18-317,8/8/18,180,crg,NA,NA,8/9/18,267.45,Alberto Is.,NA,Craig,Summer,5,DO,NA,l,NA,NA,whole,Scallop
404163,18-318,8/8/18,160,crg,1006.41,NA,8/9/18,177.34,Alberto Is.,NA,Craig,Summer,5,DO,NA,l,NA,NA,whole,Scallop
404164,18-344,8/8/18,115,crs,159.65,NA,8/9/18,43.93,Alberto Is.,NA,Craig,Summer,5,DO,NA,l,NA,NA,whole,Chiton
404165,18-669f,8/8/18,42,evt,70.95,NA,6/19/19,1.72,Alberto,NA,Craig,Summer,5,DO,NA,NA,NA,NA,feet,Star
404166,18-669g,8/8/18,42,evt,70.95,NA,6/19/19,0.66,Alberto,NA,Craig,Summer,5,DO,NA,NA,NA,NA,gonads,Star
404167,18-669s,8/8/18,42,evt,70.95,NA,6/19/19,11.25,Alberto,NA,Craig,Summer,5,DO,NA,NA,NA,NA,stomach,Star
404168,18-670f,8/8/18,50,evt,126.19,NA,6/19/19,2.13,Alberto,NA,Craig,Summer,5,DO,NA,NA,NA,NA,feet,Star
404169,18-670g,8/8/18,50,evt,126.19,NA,6/19/19,1.97,Alberto,NA,Craig,Summer,5,DO,NA,NA,NA,NA,gonads,Star
404170,18-670s,8/8/18,50,evt,126.19,NA,6/19/19,15.87,Alberto,NA,Craig,Summer,5,DO,NA,NA,NA,NA,stomach,Star
404171,18-671f,8/8/18,59,evt,204.06,NA,6/19/19,3.31,Alberto,NA,Craig,Summer,5,DO,NA,NA,NA,NA,feet,Star
404172,18-671g,8/8/18,59,evt,204.06,NA,6/19/19,3.49,Alberto,NA,Craig,Summer,5,DO,NA,NA,NA,NA,gonads,Star
404173,18-693f,8/8/18,40,evt,70.78,NA,6/21/19,1.69,Alberto,NA,Craig,Summer,5,DO,NA,NA,NA,NA,feet,Star
404174,18-693s,8/8/18,40,evt,70.78,NA,6/21/19,5.8,Alberto,NA,Craig,Summer,5,DO,NA,NA,NA,NA,stomach,Star
404175,18-694f,8/8/18,42,evt,84.5,NA,6/21/19,4.41,Alberto,NA,Craig,Summer,5,DO,NA,NA,NA,NA,feet,Star
404176,18-694g,8/8/18,42,evt,84.5,NA,6/21/19,3.8,Alberto,NA,Craig,Summer,5,DO,NA,NA,NA,NA,gonads,Star
404177,18-694s,8/8/18,42,evt,84.5,NA,6/21/19,12.9,Alberto,NA,Craig,Summer,5,DO,NA,NA,NA,NA,stomach,Star
404178,18-661f,8/8/18,73,pio,396.19,NA,6/18/19,10.09,Alberto,NA,Craig,Summer,5,DO,NA,NA,NA,NA,feet,Star
404179,18-661g,8/8/18,73,pio,396.19,NA,6/18/19,8.69,Alberto,NA,Craig,Summer,5,DO,NA,NA,NA,NA,gonads,Star
404180,18-661s,8/8/18,73,pio,396.19,NA,6/18/19,63.19,Alberto,NA,Craig,Summer,5,DO,NA,NA,NA,NA,stomach,Star
404181,18-662f,8/8/18,64,pio,281.67,NA,6/18/19,12.64,Alberto,NA,Craig,Summer,5,DO,NA,NA,NA,NA,feet,Star
404182,18-662g,8/8/18,64,pio,281.67,NA,6/18/19,6.34,Alberto,NA,Craig,Summer,5,DO,NA,NA,NA,NA,gonads,Star
404183,18-662s,8/8/18,64,pio,281.67,NA,6/18/19,41.16,Alberto,NA,Craig,Summer,5,DO,NA,NA,NA,NA,stomach,Star
404184,18-672f,8/8/18,56,pio,195.62,NA,6/19/19,5.16,Alberto,NA,Craig,Summer,5,DO,NA,NA,NA,NA,feet,Star
404185,18-672g,8/8/18,56,pio,195.62,NA,6/19/19,0.99,Alberto,NA,Craig,Summer,5,DO,NA,NA,NA,NA,gonads,Star
404186,18-672s,8/8/18,56,pio,195.62,NA,6/19/19,31.91,Alberto,NA,Craig,Summer,5,DO,NA,NA,NA,NA,stomach,Star
404187,18-695f,8/8/18,57,pio,204.18,NA,6/21/19,3.65,Alberto,NA,Craig,Summer,5,DO,NA,NA,NA,NA,feet,Star
404188,18-695g,8/8/18,57,pio,204.18,NA,6/21/19,0.34,"Alberto, signs of wasting disease",NA,Craig,Summer,5,DO,NA,NA,NA,NA,gonads,Star
404189,18-695s,8/8/18,57,pio,204.18,NA,6/21/19,25.42,Alberto,NA,Craig,Summer,5,DO,NA,NA,NA,NA,stomach,Star
404190,18-696f,8/8/18,77,pio,519.43,NA,6/21/19,29.36,Alberto,NA,Craig,Summer,5,DO,NA,NA,NA,NA,feet,Star
404191,18-696g,8/8/18,77,pio,519.43,NA,6/21/19,17.84,Alberto,NA,Craig,Summer,5,DO,NA,NA,NA,NA,gonads,Star
404192,18-696s,8/8/18,77,pio,519.43,NA,6/21/19,102.12,Alberto,NA,Craig,Summer,5,DO,NA,NA,NA,NA,stomach,Star
404193,18-320,8/8/18,50,pom,17.26,NA,8/9/18,4.65,Alberto Is.,NA,Craig,Summer,5,DO,NA,l,NA,NA,whole,Scallop
404194,18-480,8/8/18,36,pup,19.01,NA,9/11/18,7.21,Alberto,m,Craig,Summer,5,DO,p,l,ptn,y,whole,Crab
404195,18-481,8/8/18,58,pup,67.53,NA,9/11/18,12.78,Alberto,m,Craig,Summer,5,DO,p,l,ptn,y,whole,Crab
404196,18-482,8/8/18,58,pup,116.09,NA,9/11/18,38.25,Alberto,m,Craig,Summer,5,DO,p,l,ptn,y,whole,Crab
404197,18-323,8/8/18,31,std,10.25,NA,8/9/18,2.97,Alberto Is.,NA,Craig,Summer,5,DO,NA,l,ptn,y,whole,Urchin
404198,18-324,8/8/18,29.5,std,8.79,NA,8/9/18,2.04,Alberto Is.,NA,Craig,Summer,5,DO,NA,l,ptn,y,whole,Urchin
404199,18-325,8/8/18,23.5,std,5.38,NA,8/9/18,1.18,Alberto Is.,NA,Craig,Summer,5,DO,NA,l,ptn,y,whole,Urchin
404200,18-328,8/8/18,32,stf,13.01,NA,8/9/18,3.13,Alberto Is.,NA,Craig,Summer,5,DO,NA,NA,NA,NA,whole,Urchin
404201,18-484e,8/8/18,48,tec,32.89,NA,9/11/18,NA,"Alberto, kept some eggs aside for SI",f,Craig,Summer,5,DO,NA,l,ptn,NA,eggs,Crab
404202,18-335,8/8/18,25.5,tes,7.69,NA,8/9/18,1.12,Alberto Is.,NA,Craig,Summer,5,DO,NA,l,ptn,y,whole,Herb Snail
404203,18-336,8/8/18,26,tes,6.55,NA,8/9/18,0.99,Alberto Is.,NA,Craig,Summer,5,DO,NA,l,ptn,y,whole,Herb Snail
404204,18-337,8/8/18,24,tes,6.94,NA,8/9/18,0.76,Alberto Is.,NA,Craig,Summer,5,DO,NA,l,ptn,y,whole,Herb Snail
404205,19-036,2/19/19,59,cef,16.26,NA,3/4/19,2.44,Alberto Is,NA,Craig,Winter,5,DO,p,l,ptn,y,whole,Carn Snail
404206,19-037,2/19/19,58,cef,15.72,NA,3/4/19,2.17,Alberto Is,NA,Craig,Winter,5,DO,NA,l,ptn,y,whole,Carn Snail
404207,19-073,2/19/19,21,evt,11.99,NA,4/8/19,1.09,"Alberto Is, too small to separate",NA,Craig,Winter,5,DO,NA,l,ptn,NA,whole,Star
404208,19-123,2/19/19,26,lid,2.5,NA,6/19/19,0.64,Lira,NA,Craig,Winter,5,DO,NA,l,ptn,NA,whole,Carn Snail
404209,19-124,2/19/19,29,lid,2.39,NA,6/19/19,0.45,Lira,NA,Craig,Winter,5,DO,NA,l,ptn,NA,whole,Carn Snail
404210,19-088,2/19/19,29,mtr,2.26,NA,6/12/19,0.74,"Aberto, was with the PIO",NA,Craig,Winter,5,DO,NA,NA,ptn,NA,whole,Mussel
404211,19-135,2/19/19,36,mtr,5.16,NA,6/21/19,1.93,NA,NA,Craig,Winter,5,DO,NA,NA,ptn,NA,whole,Mussel
404212,19-136,2/19/19,35,mtr,3.95,NA,6/21/19,1.27,NA,NA,Craig,Winter,5,DO,NA,NA,ptn,NA,whole,Mussel
404213,19-116,2/19/19,29,nul,2.64,NA,6/19/19,0.96,NA,NA,Craig,Winter,5,DO,NA,NA,ptn,NA,whole,Carn Snail
404214,19-117,2/19/19,22,nul,1.55,NA,6/19/19,0.52,NA,NA,Craig,Winter,5,DO,NA,NA,ptn,NA,whole,Carn Snail
404215,19-118,2/19/19,28,nul,2.68,NA,6/19/19,0.55,NA,NA,Craig,Winter,5,DO,NA,NA,ptn,NA,whole,Carn Snail
404216,19-087f,2/19/19,91,pio,471.82,NA,6/12/19,21.2,Alberto,NA,Craig,Winter,5,DO,NA,NA,NA,NA,feet,Star
404217,19-087g,2/19/19,91,pio,471.82,NA,6/12/19,113.5,Alberto,NA,Craig,Winter,5,DO,NA,NA,NA,NA,gonads,Star
404218,19-087s,2/19/19,91,pio,471.82,NA,6/12/19,35.6,Alberto,NA,Craig,Winter,5,DO,NA,NA,NA,NA,stomach,Star
404219,19-128,2/19/19,19,map,2.87,NA,6/19/19,0.25,"either calistoma spp, or Margarites pupillus",NA,Craig,Winter,5,DO,NA,NA,ptn,NA,whole,Herb Snail
404220,19-130,2/19/19,15,map,1.36,NA,6/19/19,0.22,"either calistoma spp, or Margarites pupillus",NA,Craig,Winter,5,DO,NA,NA,ptn,NA,whole,Herb Snail
404221,19-131,2/19/19,20,map,3.1,NA,6/19/19,0.17,"either calistoma spp, or Margarites pupillus",NA,Craig,Winter,5,DO,NA,NA,ptn,NA,whole,Herb Snail
404222,19-125,2/19/19,21,tes,3.96,NA,6/19/19,0.38,NA,NA,Craig,Winter,5,DO,NA,l,ptn,y,whole,Herb Snail
404223,18-673f,5/17/18,59,evt,273.96,NA,6/19/19,13.72,Soda Bay,NA,Soda Bay,Spring,8,DO,NA,NA,NA,NA,feet,Star
404224,18-673g,5/17/18,59,evt,273.96,NA,6/19/19,2.48,Soda Bay,NA,Soda Bay,Spring,8,DO,NA,NA,NA,NA,gonads,Star
404225,18-673s,5/17/18,59,evt,273.96,NA,6/19/19,48.99,Soda Bay,NA,Soda Bay,Spring,8,DO,NA,NA,NA,NA,stomach,Star
404226,18-674f,5/17/18,71,evt,405.11,NA,6/19/19,18.01,Soda Bay,NA,Soda Bay,Spring,8,DO,NA,NA,NA,NA,feet,Star
404227,18-674g,5/17/18,71,evt,405.11,NA,6/19/19,10.98,Soda Bay,NA,Soda Bay,Spring,8,DO,NA,NA,NA,NA,gonads,Star
404228,18-675f,5/17/18,29,evt,83.04,NA,6/19/19,3.49,Soda Bay,NA,Soda Bay,Spring,8,DO,NA,NA,NA,NA,feet,Star
404229,18-675s,5/17/18,29,evt,83.04,NA,6/19/19,5.96,Soda Bay,NA,Soda Bay,Spring,8,DO,NA,NA,NA,NA,stomach,Star
404230,18-676f,5/17/18,26,evt,47.06,NA,6/19/19,2.16,Soda Bay,NA,Soda Bay,Spring,8,DO,NA,NA,NA,NA,feet,Star
404231,18-676g,5/17/18,26,evt,47.06,NA,6/19/19,0.3,Soda Bay,NA,Soda Bay,Spring,8,DO,NA,NA,NA,NA,gonads,Star
404232,18-676s,5/17/18,26,evt,47.06,NA,6/19/19,4.43,Soda Bay,NA,Soda Bay,Spring,8,DO,NA,NA,NA,NA,stomach,Star
404233,18-677f,5/17/18,29,evt,89.51,NA,6/19/19,4.04,Soda Bay,NA,Soda Bay,Spring,8,DO,NA,NA,NA,NA,feet,Star
404234,18-677g,5/17/18,29,evt,89.51,NA,6/19/19,6.58,Soda Bay,NA,Soda Bay,Spring,8,DO,NA,NA,NA,NA,gonads,Star
404235,18-677s,5/17/18,29,evt,89.51,NA,6/19/19,0.4,Soda Bay,NA,Soda Bay,Spring,8,DO,NA,NA,NA,NA,stomach,Star
404236,18-159,5/17/18,41,mtr,5.38,NA,5/26/18,2.01,NA,NA,Soda Bay,Spring,8,DO,NA,NA,ptn,NA,whole,Mussel
404237,18-160,5/17/18,41,mtr,5.34,NA,5/26/18,1.65,NA,NA,Soda Bay,Spring,8,DO,NA,NA,ptn,NA,whole,Mussel
404238,18-158,5/17/18,31,nul,3.79,NA,5/26/18,0.92,NA,NA,Soda Bay,Spring,8,DO,NA,NA,ptn,NA,whole,Carn Snail
404239,18-152,5/17/18,33,mtr,3.24,NA,5/26/18,1.24,NA,NA,Soda Bay,Spring,9,DO,NA,NA,ptn,NA,whole,Mussel
404240,18-154,5/17/18,64,cef,25.01,NA,5/26/18,2.66,NA,NA,Soda Bay,Spring,9,DO,NA,l,ptn,y,whole,Carn Snail
404241,18-156,5/17/18,75,cef,36.69,NA,5/26/18,3.67,NA,NA,Soda Bay,Spring,9,DO,NA,l,ptn,y,whole,Carn Snail
404242,18-666f,5/17/18,35,pio,120.24,NA,6/18/19,3.62,Soda Bay,NA,Soda Bay,Spring,9,DO,NA,NA,NA,NA,feet,Star
404243,18-666s,5/17/18,35,pio,120.24,NA,6/18/19,9.21,Soda Bay,NA,Soda Bay,Spring,9,DO,NA,NA,NA,NA,stomach,Star
404244,18-632f,8/10/18,42,evt,91.34,NA,6/12/19,2.01,Soda Bay,NA,Soda Bay,Summer,8,DO,NA,NA,NA,NA,feet,Star
404245,18-632g,8/10/18,42,evt,91.34,NA,6/12/19,0.33,Soda Bay,NA,Soda Bay,Summer,8,DO,NA,NA,NA,NA,gonads,Star
404246,18-632s,8/10/18,42,evt,91.34,NA,6/12/19,7.38,Soda Bay,NA,Soda Bay,Summer,8,DO,NA,NA,NA,NA,stomach,Star
404247,18-633f,8/10/18,58,evt,103.02,NA,6/12/19,1.78,Soda Bay,NA,Soda Bay,Summer,8,DO,NA,NA,NA,NA,feet,Star
404248,18-633g,8/10/18,58,evt,103.02,NA,6/12/19,0.13,Soda Bay,NA,Soda Bay,Summer,8,DO,NA,NA,NA,NA,gonads,Star
404249,18-633s,8/10/18,58,evt,103.02,NA,6/12/19,5.34,Soda Bay,NA,Soda Bay,Summer,8,DO,NA,NA,NA,NA,stomach,Star
404250,18-355,8/10/18,48.5,stf,36.25,NA,8/14/18,4.28,Soda Bay,NA,Soda Bay,Summer,9,DO,NA,l,ptn,y,whole,Urchin
404251,18-352,8/10/18,40.5,stf,23.91,NA,8/14/18,4.14,Soda Bay,NA,Soda Bay,Summer,9,DO,NA,l,ptn,y,whole,Urchin
404252,18-357,8/10/18,66,cef,33.85,NA,8/14/18,5.53,Soda Bay,NA,Soda Bay,Summer,9,DO,p,l,ptn,y,whole,Carn Snail
404253,18-358,8/10/18,65,cef,36.16,NA,8/14/18,6.48,Soda Bay,NA,Soda Bay,Summer,9,DO,p,l,ptn,y,whole,Carn Snail
404254,18-365,8/10/18,25,hak,1.9,NA,8/14/18,1.17,Soda Bay,NA,Soda Bay,Summer,9,DO,NA,l,NA,NA,whole,Abalone
404255,18-372,8/10/18,32,chr,5.73,NA,8/14/18,3.02,Soda Bay,NA,Soda Bay,Summer,9,DO,NA,l,NA,NA,whole,Scallop
404256,18-373,8/10/18,30,chr,5.96,NA,8/14/18,3.31,Soda Bay,NA,Soda Bay,Summer,9,DO,NA,l,NA,NA,whole,Scallop
404257,18-375,8/10/18,26.5,chr,4.85,NA,8/14/18,2.47,Soda Bay,NA,Soda Bay,Summer,9,DO,NA,l,NA,NA,whole,Scallop
404258,18-376,8/10/18,25,chr,4.02,NA,8/14/18,2.04,Soda Bay,NA,Soda Bay,Summer,9,DO,NA,NA,NA,NA,whole,Scallop
404259,18-380,8/10/18,34,pom,4.97,NA,8/14/18,1.76,Soda Bay,NA,Soda Bay,Summer,9,DO,NA,l,NA,NA,whole,Scallop
404260,18-377,8/10/18,46,pom,9.48,NA,8/14/18,3.14,Soda Bay,NA,Soda Bay,Summer,9,DO,NA,l,ptn,NA,whole,Scallop
404261,18-379,8/10/18,34,pom,3.61,NA,8/14/18,1.8,Soda Bay,NA,Soda Bay,Summer,9,DO,NA,l,NA,NA,whole,Scallop
404262,18-367,8/10/18,47,mtr,8.22,NA,8/14/18,4.21,Soda Bay,NA,Soda Bay,Summer,9,DO,NA,l,ptn,NA,whole,Mussel
404263,18-368,8/10/18,49,mtr,8.92,NA,8/14/18,3.23,Soda Bay,NA,Soda Bay,Summer,9,DO,NA,l,ptn,NA,whole,Mussel
404264,18-369,8/10/18,44,mtr,7.7,NA,8/14/18,3.19,Soda Bay,NA,Soda Bay,Summer,9,DO,NA,l,ptn,NA,whole,Mussel
404265,18-646,7/28/18,76,pas,4.93,NA,4/1/19,2.52,"South Pass, beach seine",NA,Soda Bay,Summer,30,DO,NA,l,NA,NA,whole,Crab
404266,18-647,7/28/18,71,pas,5.03,NA,4/1/19,2.1,"South Pass, beach seine",NA,Soda Bay,Summer,30,DO,NA,l,NA,NA,whole,Crab
404267,18-648,7/28/18,76,pas,5.43,NA,4/1/19,2.39,"South Pass, beach seine",NA,Soda Bay,Summer,30,DO,NA,l,NA,NA,whole,Crab
404268,18-688,8/2/18,27,nul,3.56,NA,6/21/19,0.5,South Pass,NA,Soda Bay,Summer,30,DO,NA,l,ptn,NA,whole,Carn Snail
404269,18-689,8/2/18,28,nul,3.87,NA,6/21/19,0.52,South Pass,NA,Soda Bay,Summer,30,DO,NA,NA,ptn,NA,whole,Carn Snail
404270,18-690,8/2/18,27,nul,3.66,NA,6/21/19,0.43,South Pass,NA,Soda Bay,Summer,30,DO,NA,NA,NA,NA,whole,Carn Snail
404271,18-399,8/2/18,37,mtr,6.92,NA,8/14/18,2.2,North Pass,NA,Soda Bay,Summer,15,DO,NA,NA,ptn,NA,whole,Mussel
404272,18-400,8/2/18,40,mtr,7.39,NA,8/14/18,3.44,North Pass,NA,Soda Bay,Summer,15,DO,NA,l,ptn,NA,whole,Mussel
404273,18-401,8/2/18,37.5,mtr,6.94,NA,8/14/18,3.53,North Pass,NA,Soda Bay,Summer,15,NA,NA,l,ptn,NA,whole,Mussel
404274,19-070e,2/17/19,61,cam,46.22,NA,3/27/19,0.7,"Soda bay, location 1, separate vial with .7g eggs",f,Soda Bay,Winter,8,DO,NA,l,ptn,NA,eggs,Crab
404275,19-082f,2/17/19,65,evt,235.1,NA,5/28/19,4.99,Soda Bay,NA,Soda Bay,Winter,8,DO,NA,NA,NA,NA,feet,Star
404276,19-082g,2/17/19,65,evt,235.1,NA,5/28/19,14.04,Soda Bay,NA,Soda Bay,Winter,8,DO,NA,NA,NA,NA,gonads,Star
404277,19-082s,2/17/19,65,evt,235.1,NA,5/28/19,17.32,Soda Bay,NA,Soda Bay,Winter,8,DO,NA,NA,NA,NA,stomach,Star
404278,19-083f,2/17/19,54,evt,210.43,NA,5/28/19,4.85,Soda Bay,NA,Soda Bay,Winter,8,DO,NA,NA,NA,NA,feet,Star
404279,19-083g,2/17/19,54,evt,210.43,NA,5/28/19,11.69,Soda Bay,NA,Soda Bay,Winter,8,DO,NA,NA,NA,NA,gonads,Star
404280,19-083s,2/17/19,54,evt,210.43,NA,5/28/19,14.88,Soda Bay,NA,Soda Bay,Winter,8,DO,NA,NA,NA,NA,stomach,Star
404281,19-084f,2/17/19,47,evt,126.44,NA,5/28/19,3.45,Soda Bay,NA,Soda Bay,Winter,8,DO,NA,NA,NA,NA,feet,Star
404282,19-084g,2/17/19,47,evt,126.44,NA,5/28/19,26.22,Soda Bay,NA,Soda Bay,Winter,8,DO,NA,NA,NA,NA,gonads,Star
404283,19-084s,2/17/19,47,evt,126.44,NA,5/28/19,19.6,Soda Bay,NA,Soda Bay,Winter,8,DO,NA,NA,NA,NA,stomach,Star
404284,19-085f,2/17/19,33,evt,41.88,NA,5/28/19,1.41,Soda Bay,NA,Soda Bay,Winter,8,DO,NA,NA,NA,NA,feet,Star
404285,19-085g,2/17/19,33,evt,41.88,NA,5/28/19,0.32,Soda Bay,NA,Soda Bay,Winter,8,DO,NA,NA,NA,NA,gonads,Star
404286,19-085s,2/17/19,33,evt,41.88,NA,5/28/19,3.85,Soda Bay,NA,Soda Bay,Winter,8,DO,NA,NA,NA,NA,stomach,Star
404287,19-086f,2/17/19,78,pio,291.56,NA,5/28/19,15.47,Soda Bay,NA,Soda Bay,Winter,8,DO,NA,NA,NA,NA,feet,Star
404288,19-086g,2/17/19,78,pio,291.56,NA,5/28/19,27.65,Soda Bay,NA,Soda Bay,Winter,8,DO,NA,NA,NA,NA,gonads,Star
404289,19-086s,2/17/19,78,pio,291.56,NA,5/28/19,18.1,Soda Bay,NA,Soda Bay,Winter,8,DO,NA,NA,NA,NA,stomach,Star
404290,19-055,2/17/19,41,mtr,5.03,NA,3/6/19,2.26,Soda Bay,NA,Soda Bay,Winter,8,DO,NA,l,ptn,NA,whole,Mussel
404291,19-056,2/17/19,43,mtr,5.65,NA,3/6/19,2.7,Soda Bay,NA,Soda Bay,Winter,8,DO,NA,NA,NA,NA,whole,Mussel
404292,19-057,2/17/19,34.5,mtr,3.14,NA,3/6/19,1.67,"Soda Bay, bagged together: 57, 58",NA,Soda Bay,Winter,8,DO,NA,NA,ptn,NA,whole,Mussel
404293,19-099,2/17/19,31,mtr,2.33,NA,6/18/19,1.32,SB #2 rocky,NA,Soda Bay,Winter,9,DO,NA,NA,ptn,NA,whole,Mussel
404294,19-101,2/17/19,34,mtr,3.4,NA,6/18/19,1.51,SB #2 rocky,NA,Soda Bay,Winter,9,DO,NA,NA,ptn,NA,whole,Mussel
404295,19-103,2/17/19,29,mtr,3.15,NA,6/18/19,1.45,SB #2 rocky,NA,Soda Bay,Winter,9,DO,NA,NA,ptn,NA,whole,Mussel
404296,19-109,2/17/19,17,map,2.22,NA,6/18/19,0.33,"either calistoma spp, or Margarites pupillus",NA,Soda Bay,Winter,9,DO,NA,NA,ptn,NA,whole,Herb Snail
404297,19-110,2/17/19,16,map,2.74,NA,6/18/19,0.78,"either calistoma spp, or Margarites pupillus",NA,Soda Bay,Winter,9,DO,NA,NA,ptn,NA,whole,Herb Snail
404298,19-112,2/17/19,16,map,2.17,NA,6/18/19,0.77,"either calistoma spp, or Margarites pupillus",NA,Soda Bay,Winter,9,DO,NA,NA,ptn,NA,whole,Herb Snail
404299,19-091,2/17/19,67,cef,33.7,NA,6/18/19,1.4,SB #2 rocky,NA,Soda Bay,Winter,9,DO,NA,l,ptn,y,whole,Carn Snail
404300,19-092,2/17/19,69,cef,32.22,NA,6/18/19,2.16,SB #2 rocky,NA,Soda Bay,Winter,9,DO,NA,l,ptn,y,whole,Carn Snail
404301,19-090,2/17/19,61,chr,22.32,NA,6/18/19,11.36,SB #2 rocky,NA,Soda Bay,Winter,9,DO,NA,l,NA,NA,whole,Scallop
404302,19-080,2/17/19,40.5,std,24.31,NA,4/8/19,9.52,Soda Bay,NA,Soda Bay,Winter,9,DO,p,l,ptn,y,whole,Urchin
404303,19-081,2/17/19,36,std,16.52,NA,4/8/19,7.75,Soda Bay,NA,Soda Bay,Winter,9,DO,p,l,ptn,y,whole,Urchin
404304,19-098,2/17/19,39,std,18.64,NA,6/18/19,5.16,SB #2 rocky,NA,Soda Bay,Winter,9,DO,p,l,ptn,y,whole,Urchin
404305,19-077,2/17/19,32.5,stf,13.66,NA,4/8/19,1.9,Soda Bay,NA,Soda Bay,Winter,9,DO,NA,NA,NA,NA,whole,Urchin
404306,19-078,2/17/19,25,stf,17.81,NA,4/8/19,4.06,Soda Bay,NA,Soda Bay,Winter,9,DO,p,l,ptn,y,whole,Urchin
404307,19-079,2/17/19,26,stf,7.53,NA,4/8/19,2.1,Soda Bay,NA,Soda Bay,Winter,9,DO,p,l,ptn,y,whole,Urchin
404308,18-033,5/18/18,44.5,hak,NA,NA,NA,4.25,NA,NA,NA,Spring,12,DO,NA,l,NA,NA,whole,Abalone
404309,18-041,5/19/18,138,pab,NA,707.81,5/20/18,346.62,"North Cone, from Courtney",NA,NA,Spring,14,DO,NA,l,NA,NA,whole,Clam
404310,18-042,5/19/18,148,pab,NA,872.34,5/20/18,448.02,"North Cone, from Courtney",NA,NA,Spring,14,DO,NA,l,NA,NA,whole,Clam
404311,18-452,5/28/18,148,crs,265.39,NA,9/4/18,91.25,Soda Bay,NA,NA,Spring,24,DO,NA,l,NA,NA,whole,Chiton
404312,18-453,8/15/18,150,crs,418.49,NA,9/4/18,133.52,Nossuk,NA,Nossuk,Summer,26,DO,NA,l,NA,NA,whole,Chiton
404313,18-637,8/15/18,71,hak,55.12,NA,3/20/19,38.99,"Nossuk, whale rock",NA,Nossuk,Summer,27,DO,NA,l,NA,NA,whole,Abalone
404314,18-638,8/15/18,62,hak,26.02,NA,3/20/19,17.77,"Nossuk, whale rock",NA,Nossuk,Summer,27,DO,NA,l,NA,NA,whole,Abalone
404350,18-570,5/13/18,51,pio,57.18,NA,6/11/19,6.88,"404146, 404147",NA,Craig,Spring,5,DO,NA,composite,NA,NA,whole,Star
404351,18-650,5/13/18,47,evt,74.09,NA,4/3/19,7.9,"404100, 404153",NA,Craig,Spring,5,FM135AIPan,NA,composite,NA,NA,whole,Star
404352,18-666,5/17/18,35,pio,120.24,NA,6/18/19,12.83,"404242, 404243",NA,Soda Bay,Spring,9,DO,NA,composite,NA,NA,whole,Star
404353,18-675,5/17/18,29,evt,83.04,NA,6/19/19,9.45,"404228, 404229",NA,Soda Bay,Spring,8,DO,NA,composite,NA,NA,whole,Star
404354,18-693,8/8/18,40,evt,70.78,NA,6/21/19,7.49,"404173, 404174",NA,Craig,Summer,5,DO,NA,composite,NA,NA,whole,Star
404355,18-606,5/13/18,84,pio,468.48,NA,5/28/19,102.02,404148-50,NA,Craig,Spring,5,DO,NA,composite,NA,NA,whole,Star
404356,18-632,8/10/18,42,evt,91.34,NA,6/12/19,9.72,404244-46,NA,Soda Bay,Summer,8,DO,NA,composite,NA,NA,whole,Star
404357,18-633,8/10/19,58,evt,103.02,NA,6/12/19,7.25,404247-49,NA,Soda Bay,Summer,8,DO,NA,composite,NA,NA,whole,Star
404358,18-661,8/8/18,73,pio,396.19,NA,6/18/19,81.97,404178-80,NA,Craig,Summer,5,DO,NA,composite,NA,NA,whole,Star
404359,18-662,8/8/18,64,pio,281.67,NA,6/18/19,60.14,404181-83,NA,Craig,Summer,5,DO,NA,composite,NA,NA,whole,Star
404360,18-670,8/8/18,50,evt,126.19,NA,6/19/19,19.97,404168-70,NA,Craig,Summer,5,DO,NA,composite,NA,NA,whole,Star
404361,18-669,8/8/18,42,evt,70.95,NA,6/19/19,13.63,404165-67,NA,Craig,Summer,5,DO,NA,composite,NA,NA,whole,Star
404362,18-671,8/8/18,59,evt,204.06,NA,6/19/19,53.45,"404103, 404171, 404172",NA,Craig,Summer,5,FM135AIPan,NA,composite,NA,NA,whole,Star
404363,18-672,8/8/18,56,pio,195.62,NA,6/19/19,38.06,404184-86,NA,Craig,Summer,5,DO,NA,composite,NA,NA,whole,Star
404364,18-673,5/17/18,59,evt,273.96,NA,6/19/19,65.19,404223-25,NA,Soda Bay,Spring,8,DO,NA,composite,NA,NA,whole,Star
404365,18-674,5/17/18,71,evt,405.11,NA,6/19/19,81.09,"404104, 414226, 414227",NA,Soda Bay,Spring,8,FM135AIPan,NA,composite,NA,NA,whole,Star
404366,18-676,5/17/18,26,evt,47.06,NA,6/19/19,6.89,404230-32,NA,Soda Bay,Spring,8,DO,NA,composite,NA,NA,whole,Star
404367,18-678,5/13/18,43,evt,105.73,NA,6/21/19,19.5,404136-38,NA,Craig,Spring,5,DO,NA,composite,NA,NA,whole,Star
404368,18-679,5/13/18,70,pio,233.38,NA,6/21/19,54.01,404139-41,NA,Craig,Spring,5,DO,NA,composite,NA,NA,whole,Star
404369,18-680,5/13/18,58,pio,219.34,NA,6/21/19,50.85,404142-44,NA,Craig,Spring,5,DO,NA,composite,NA,NA,whole,Star
404370,18-694,8/8/18,42,evt,84.5,NA,6/21/19,21.11,404175-77,NA,Craig,Summer,5,DO,NA,composite,NA,NA,whole,Star
404371,18-695,8/8/18,57,pio,204.18,NA,6/21/19,29.41,404187-89,NA,Craig,Summer,5,DO,NA,composite,NA,NA,whole,Star
404372,18-696,8/8/18,77,pio,519.43,NA,6/21/19,149.32,404190-92,NA,Craig,Summer,5,DO,NA,composite,NA,NA,whole,Star
404373,19-082,2/17/19,65,evt,235.1,NA,5/28/19,36.35,404275-77,NA,Soda Bay,Winter,8,DO,NA,composite,NA,NA,whole,Star
404374,19-083,2/17/19,54,evt,210.43,NA,5/28/19,31.42,404278-80,NA,Soda Bay,Winter,8,DO,NA,composite,NA,NA,whole,Star
404375,19-084,2/17/19,47,evt,126.44,NA,5/28/19,49.27,404281-83,NA,Soda Bay,Winter,8,DO,NA,composite,NA,NA,whole,Star
404376,19-085,2/17/19,33,evt,41.88,NA,5/28/19,5.58,404284-86,NA,Soda Bay,Winter,8,DO,NA,composite,NA,NA,whole,Star
404377,19-086,2/17/19,78,pio,291.56,NA,5/28/19,61.22,404287-89,NA,Soda Bay,Winter,8,DO,NA,composite,NA,NA,whole,Star
404378,19-087,2/19/19,91,pio,471.82,NA,6/12/19,170.3,404216-18,NA,Craig,Winter,5,DO,NA,composite,NA,NA,whole,Star
404379,19-089,2/18/19,34,evt,39.51,NA,6/11/19,4.04,404131-31,NA,Craig,Winter,2,DO,NA,composite,NA,NA,whole,Star
404380,18-628,8/10/18,79,pio,331.67,NA,1/30/19,94.81,"composite, post bomb",NA,Soda Bay,Summer,9,NA,NA,"composite, post bomb",NA,NA,whole,Star
404381,18-630,8/10/18,62,evt,152.46,NA,1/30/19,14.95,"composite, post bomb",NA,Soda Bay,Summer,9,NA,NA,"composite, post bomb",NA,NA,whole,Star
404382,18-631,8/10/18,79,pio,348.27,NA,1/30/19,106.79,"composite, post bomb",NA,Soda Bay,Summer,9,NA,NA,"composite, post bomb",NA,NA,whole,Star
404383,18-649,5/13/18,49,evt,104.33,NA,4/3/19,11.24,"composite, post bomb",NA,Craig,Spring,5,NA,NA,"composite, post bomb",NA,NA,whole,Star
404384,18-651,5/13/18,88,pio,273.23,NA,4/3/19,72.33,"composite, post bomb",NA,Craig,Spring,5,NA,NA,"composite, post bomb",NA,NA,whole,Star
404385,19-072,2/19/19,64,pio,172.6,NA,4/8/19,35.05,"composite, post bomb",NA,Craig,Winter,5,NA,NA,"composite, post bomb",NA,NA,whole,Star
404398,18-629,8/10/18,90,pio,487.93,NA,1/30/19,105.28,404027-29,NA,Soda Bay,Summer,9,FM135AlPan,NA,composite,NA,NA,whole,Star
404399,18-052,5/13/18,35,std,14.69,NA,5/20/18,0.66,"404015, 404018",NA,Craig,Spring,5,FM135<0.5g,NA,s (composite),NA,NA,whole,Urchin
NA,18-026,5/17/18,55,apc,5.87,6.77,NA,5.87,"small ca cuc 1, also labeled 18-633",NA,Soda Bay,Spring,8,NA,NA,NA,NA,NA,whole,Cucumber
NA,18-027,5/17/18,55,apc,6.7,6.9,NA,6.7,"small ca cuc 2, also labeled 18-634",NA,Soda Bay,Spring,8,NA,NA,NA,NA,NA,whole,Cucumber
NA,18-028,5/17/18,71,apc,12.57,18.31,NA,12.57,"small ca cuc 3, also labeled 18-635",NA,Soda Bay,Spring,8,NA,NA,NA,NA,NA,whole,Cucumber
NA,18-270,5/17/18,36.5,cam,6.96,NA,8/8/18,0.95,Soda Bay,m,Soda Bay,Spring,9,NA,NA,NA,NA,NA,whole,Crab
NA,18-517,8/8/18,54,cam,23.74,NA,1/23/19,14.04,"S Wadleigh, soft shell",m,Craig,Summer,2,NA,NA,NA,NA,NA,whole,Crab
NA,18-518,8/8/18,84,cam,110.99,NA,1/23/19,44.53,S Wadleigh,m,Craig,Summer,2,NA,NA,NA,NA,NA,whole,Crab
NA,18-519,8/2/18,72.5,cam,61.32,NA,4/5/19,28.84,North Pass,m,Soda Bay,Summer,15,NA,NA,NA,NA,NA,whole,Crab
NA,18-520,8/2/18,76,cam,78.42,NA,4/10/19,26.07,North Pass,m,Soda Bay,Summer,15,NA,NA,NA,NA,NA,whole,Crab
NA,18-521,8/2/18,69,cam,41.48,NA,4/10/19,19.08,North Pass,m,Soda Bay,Summer,15,NA,NA,NA,NA,NA,whole,Crab
NA,18-522,8/2/18,85,cam,96.45,NA,4/10/19,41.37,North Pass - LABELED AS 18-519,m,Soda Bay,Summer,15,NA,NA,NA,NA,NA,whole,Crab
NA,18-421,8/10/18,41,cao,19.23,NA,8/14/18,5,Soda Bay,NA,Soda Bay,Summer,9,NA,NA,NA,NA,NA,whole,Crab
NA,18-422,8/10/18,41,cao,17.14,NA,8/14/18,5.84,Soda Bay,NA,Soda Bay,Summer,9,NA,NA,NA,NA,NA,whole,Crab
NA,18-423,8/10/18,35,cao,12.62,NA,8/14/18,3.56,Soda Bay,NA,Soda Bay,Summer,9,NA,NA,NA,NA,NA,whole,Crab
NA,18-424,8/10/18,33.5,cao,10.71,NA,8/14/18,2.94,Soda Bay,NA,Soda Bay,Summer,9,NA,NA,NA,NA,NA,whole,Crab
NA,18-425,8/10/18,23.5,cao,5.21,NA,8/14/18,1.06,Whale Rock,NA,NA,Summer,NA,NA,NA,NA,NA,NA,whole,Crab
NA,18-497,8/15/18,43,cao,24.38,NA,2/11/19,8.04,Nossuk,m,Nossuk,Summer,26,NA,NA,NA,NA,NA,whole,Crab
NA,18-498,8/15/18,23,cao,4.59,NA,2/11/19,1.1,Nossuk,m,Nossuk,Summer,26,NA,NA,NA,NA,NA,whole,Crab
NA,18-499,8/15/18,26,cao,5.82,NA,2/25/19,0.84,Nossuk,m,Nossuk,Summer,26,NA,NA,NA,NA,NA,whole,Crab
NA,18-500,8/15/18,24,cao,4.53,NA,2/25/19,0.36,Nossuk,m,Nossuk,Summer,26,NA,NA,NA,NA,NA,whole,Crab
NA,18-501,8/15/18,36,cao,19.38,NA,2/25/19,5.17,"Nossuk, listed on bag as 18-497",m,Nossuk,Summer,26,NA,NA,NA,NA,NA,whole,Crab
NA,18-636,8/15/18,37,cao,15.13,NA,2/25/19,4.22,"Nossuk, listed on bag as 18-498",m,Nossuk,Summer,27,NA,NA,NA,NA,NA,whole,Crab
NA,18-276,5/16/18,113.5,cap,185.88,NA,8/8/18,79.26,RRC 6 North Pass,m,Soda Bay,Spring,6,NA,NA,NA,NA,NA,whole,Crab
NA,18-486,8/8/18,124,cap,269.83,NA,9/11/18,77.01,Alberto,f,Craig,Summer,5,NA,NA,NA,NA,NA,whole,Crab
NA,18-508,7/28/18,150,cap,466.9,NA,2/11/19,218.93,"Natsuhini, pots",m,Soda Bay,Summer,15,NA,NA,NA,NA,NA,whole,Crab
NA,18-513,8/8/18,99,cap,115.12,NA,12/21/18,62.68,S Wadleigh,f,Craig,Summer,2,NA,NA,NA,NA,NA,whole,Crab
NA,18-667,7/28/18,147,cap,253.52,NA,6/19/19,95.93,"Natsuhini, WR pots",NA,Soda Bay,Summer,15,NA,NA,NA,NA,NA,whole,Crab
NA,18-668,7/28/18,149,cap,303.82,NA,6/19/19,154.42,"Natsuhini, WR pots",NA,Soda Bay,Summer,15,NA,NA,NA,NA,NA,whole,Crab
NA,18-058,5/13/18,17,map,2.56,NA,5/20/18,0.56,NA,NA,Craig,Spring,5,NA,NA,NA,NA,NA,whole,Herb Snail
NA,18-059,5/13/18,16,map,2.03,NA,5/20/18,0.4,NA,NA,Craig,Spring,5,NA,NA,NA,NA,NA,whole,Herb Snail
NA,18-060,5/13/18,14,map,1.18,NA,5/20/18,0.3,NA,NA,Craig,Spring,5,NA,NA,NA,NA,NA,whole,Herb Snail
NA,18-153,5/17/18,85,cef,41.56,NA,5/26/18,5.33,NA,NA,Soda Bay,Spring,9,NA,NA,NA,NA,NA,whole,Carn Snail
NA,18-155,5/17/18,70,cef,25.6,NA,5/26/18,5,NA,NA,Soda Bay,Spring,9,NA,NA,NA,NA,NA,whole,Carn Snail
NA,18-330,8/8/18,60,cef,19.26,NA,8/9/18,3.08,Alberto Is.,NA,Craig,Summer,5,NA,NA,NA,NA,NA,whole,Carn Snail
NA,18-331,8/8/18,58,cef,20.56,NA,8/9/18,3.35,Alberto Is.,NA,Craig,Summer,5,NA,NA,NA,NA,NA,whole,Carn Snail
NA,18-334,8/8/18,52,cef,13.24,NA,8/9/18,1.73,Alberto Is.,NA,Craig,Summer,5,NA,NA,NA,NA,NA,whole,Carn Snail
NA,18-359,8/10/18,64.5,cef,27.13,NA,8/14/18,5.03,Soda Bay,NA,Soda Bay,Summer,9,NA,NA,NA,NA,NA,whole,Carn Snail
NA,18-360,8/10/18,70.5,cef,32.32,NA,8/14/18,4.85,Soda Bay,NA,Soda Bay,Summer,9,NA,NA,NA,NA,NA,whole,Carn Snail
NA,18-361,8/10/18,64,cef,28.58,NA,8/14/18,4.43,Soda Bay,NA,Soda Bay,Summer,9,NA,NA,NA,NA,NA,whole,Carn Snail
NA,18-533,8/15/18,NA,cef,28.88,NA,4/1/19,3.12,Nossuk,NA,Nossuk,Summer,26,NA,NA,NA,NA,NA,whole,Carn Snail
NA,18-534,8/15/18,NA,cef,32.97,NA,4/1/19,4.54,Nossuk,NA,Nossuk,Summer,26,NA,NA,NA,NA,NA,whole,Carn Snail
NA,18-535,8/15/18,NA,cef,40.94,NA,4/1/19,7.22,Nossuk,NA,Nossuk,Summer,26,NA,NA,NA,NA,NA,whole,Carn Snail
NA,18-536,8/15/18,NA,cef,27.33,NA,4/1/19,3.89,Nossuk,NA,Nossuk,Summer,26,NA,NA,NA,NA,NA,whole,Carn Snail
NA,18-537,8/15/18,NA,cef,16.96,NA,4/1/19,2.74,Nossuk,NA,Nossuk,Summer,26,NA,NA,NA,NA,NA,whole,Carn Snail
NA,19-038,2/19/19,51,cef,14.63,NA,3/4/19,1.54,Alberto Is,NA,Craig,Winter,5,NA,NA,NA,NA,NA,whole,Carn Snail
NA,19-039,2/19/19,49,cef,11.21,NA,3/4/19,0.87,Alberto Is,NA,Craig,Winter,5,NA,NA,NA,NA,NA,whole,Carn Snail
NA,19-093,2/17/19,56,cef,22.48,NA,6/18/19,0.3,SB #2 rocky,NA,Soda Bay,Winter,9,NA,NA,NA,NA,NA,whole,Carn Snail
NA,19-094,2/17/19,44,cef,9.84,NA,6/18/19,1.38,SB #2 rocky,NA,Soda Bay,Winter,9,NA,NA,NA,NA,NA,whole,Carn Snail
NA,19-095,2/17/19,53,cef,11.63,NA,6/18/19,0.56,SB #2 rocky,NA,Soda Bay,Winter,9,NA,NA,NA,NA,NA,whole,Carn Snail
NA,18-374,8/10/18,27.5,chr,4.11,NA,8/14/18,2,Soda Bay,NA,Soda Bay,Summer,9,NA,NA,NA,NA,NA,whole,Scallop
NA,19-021,2/18/19,27,cln,6.43,NA,3/4/19,2.01,Wadleigh,NA,Craig,Winter,2,NA,NA,NA,NA,NA,whole,Clam
NA,18-388,8/2/18,17,cln,1.65,NA,8/14/18,0.75,North Pass,NA,Soda Bay,Summer,15,NA,NA,NA,NA,NA,whole,Clam
NA,18-186,8/3/18,27,cln,4.83,NA,8/8/18,2.65,Kaguk,NA,Nossuk,Summer,20,NA,NA,NA,NA,NA,whole,Clam
NA,18-187,8/3/18,25.5,cln,4.16,NA,8/8/18,2.23,Kaguk,NA,Nossuk,Summer,20,NA,NA,NA,NA,NA,whole,Clam
NA,18-188,8/3/18,26,cln,4.19,NA,8/8/18,2.18,Kaguk,NA,Nossuk,Summer,20,NA,NA,NA,NA,NA,whole,Clam
NA,18-189,8/3/18,25.5,cln,3.94,NA,8/8/18,2.15,Kaguk,NA,Nossuk,Summer,20,NA,NA,NA,NA,NA,whole,Clam
NA,18-190,8/3/18,24.5,cln,3.94,NA,8/8/18,2.17,Kaguk,NA,Nossuk,Summer,20,NA,NA,NA,NA,NA,whole,Clam
NA,18-191,8/3/18,38,cln,15.35,NA,8/8/18,8.59,Kaguk,NA,Nossuk,Summer,20,NA,NA,NA,NA,NA,whole,Clam
NA,18-192,8/3/18,20,cln,1.97,NA,8/8/18,1.03,Kaguk,NA,Nossuk,Summer,20,NA,NA,NA,NA,NA,whole,Clam
NA,18-290,8/8/18,40,cln,20.36,NA,8/9/18,9.52,"S. Wadleigh, bagged 290-294 together",NA,Craig,Summer,2,NA,NA,NA,NA,NA,whole,Clam
NA,18-291,8/8/18,40.5,cln,21.48,NA,8/9/18,9.58,"S. Wadleigh, bagged 290-294 together",NA,Craig,Summer,2,NA,NA,NA,NA,NA,whole,Clam
NA,18-292,8/8/18,30.5,cln,13.9,NA,8/9/18,5.85,"S. Wadleigh, bagged 290-294 together",NA,Craig,Summer,2,NA,NA,NA,NA,NA,whole,Clam
NA,18-293,8/8/18,29,cln,10.25,NA,8/9/18,4.51,"S. Wadleigh, bagged 290-294 together",NA,Craig,Summer,2,NA,NA,NA,NA,NA,whole,Clam
NA,18-294,8/8/18,37,cln,13.2,NA,8/9/18,5.59,"S. Wadleigh, bagged 290-294 together",NA,Craig,Summer,2,NA,NA,NA,NA,NA,whole,Clam
NA,18-459,8/10/18,220,cum,184.73,NA,NA,184.73,Soda Bay,NA,Soda Bay,Summer,9,NA,NA,NA,NA,NA,whole,NA
NA,18-460,8/10/18,270,cum,171.35,NA,NA,171.35,Soda Bay,NA,Soda Bay,Summer,9,NA,NA,NA,NA,NA,whole,NA
NA,18-461,8/10/18,250,cum,119.8,NA,NA,119.8,Soda Bay,NA,Soda Bay,Summer,9,NA,NA,NA,NA,NA,whole,NA
NA,18-462,8/10/18,160,cum,77.01,NA,NA,77.01,Soda Bay,NA,Soda Bay,Summer,9,NA,NA,NA,NA,NA,whole,NA
NA,18-463,8/10/18,130,cum,19.12,NA,NA,19.12,Soda Bay,NA,Soda Bay,Summer,9,NA,NA,NA,NA,NA,whole,NA
NA,18-141,5/17/18,26,eul,10.15,NA,5/26/18,6.95,"broken shell, tiff's location in Salt lake",NA,Nossuk,Spring,10,NA,NA,NA,NA,NA,whole,NA
NA,18-142,5/17/18,29,eul,9.91,NA,5/26/18,4.43,tiff's location in Salt lake,NA,Nossuk,Spring,10,NA,NA,NA,NA,NA,whole,NA
NA,18-143,5/17/18,27,eul,2.21,NA,5/26/18,1.19,tiff's location in Salt lake,NA,Nossuk,Spring,10,NA,NA,NA,NA,NA,whole,NA
NA,18-144,5/17/18,14,eul,1.13,NA,5/26/18,0.57,tiff's location in Salt lake,NA,Nossuk,Spring,10,NA,NA,NA,NA,NA,whole,NA
NA,18-157,5/17/18,16,eul,1.54,NA,5/26/18,0.77,NA,NA,Soda Bay,Spring,8,NA,NA,NA,NA,NA,whole,NA
NA,18-244,5/3/18,37,eul,22.7,NA,8/8/18,9.83,Get coordinates from Tiff. ,NA,Nossuk,Spring,3,NA,NA,NA,NA,NA,whole,NA
NA,19-134,2/19/19,40,kat,7.03,NA,6/21/19,2.49,NA,NA,Craig,Winter,5,NA,NA,NA,NA,NA,whole,NA
NA,19-143,2/19/19,52,kat,10.46,NA,6/21/19,3.1,NA,NA,Craig,Winter,5,NA,NA,NA,NA,NA,whole,NA
NA,19-144,2/19/19,32,kat,7.21,NA,6/21/19,2.75,NA,NA,Craig,Winter,5,NA,NA,NA,NA,NA,whole,NA
NA,19-145,2/19/19,45,kat,7.9,NA,6/21/19,2.67,NA,NA,Craig,Winter,5,NA,NA,NA,NA,NA,whole,NA
NA,18-036,5/13/18,55,kat,14.3,NA,5/20/18,2.29,NA,NA,Craig,Spring,5,NA,NA,NA,NA,NA,whole,NA
NA,18-037,5/13/18,44.5,kat,6.47,NA,5/20/18,2.31,NA,NA,Craig,Spring,5,NA,NA,NA,NA,NA,whole,NA
NA,18-038,5/13/18,48,kat,9.11,NA,5/20/18,2.21,NA,NA,Craig,Spring,5,NA,NA,NA,NA,NA,whole,NA
NA,18-039,5/13/18,36,kat,4,NA,5/20/18,1.31,dont have exact weight before dissection,NA,Craig,Spring,5,NA,NA,NA,NA,NA,whole,NA
NA,18-040,5/13/18,36,kat,4.13,NA,5/20/18,1.3,NA,NA,Craig,Spring,5,NA,NA,NA,NA,NA,whole,NA
NA,18-072,5/2/18,71,kat,28.52,NA,5/20/18,12.54,NA,NA,Nossuk,Spring,1,NA,NA,NA,NA,NA,whole,NA
NA,18-073,5/2/18,57,kat,11.47,NA,5/20/18,3.81,NA,NA,Nossuk,Spring,1,NA,NA,NA,NA,NA,whole,NA
NA,18-074,5/2/18,66,kat,11.19,NA,5/20/18,3.14,NA,NA,Nossuk,Spring,1,NA,NA,NA,NA,NA,whole,NA
NA,18-075,5/2/18,65,kat,7.64,NA,5/20/18,1.67,NA,NA,Nossuk,Spring,1,NA,NA,NA,NA,NA,whole,NA
NA,18-076,5/2/18,25,kat,1,NA,5/20/18,0.29,NA,NA,Nossuk,Spring,1,NA,NA,NA,NA,NA,whole,NA
NA,18-102,5/18/18,55,kat,6.25,NA,5/20/18,1.83,NA,NA,NA,Spring,12,NA,NA,NA,NA,NA,whole,NA
NA,18-103,5/18/18,50,kat,14.57,NA,5/20/18,1.98,NA,NA,NA,Spring,12,NA,NA,NA,NA,NA,whole,NA
NA,18-340,8/8/18,41,kat,8.42,NA,8/9/18,2.09,Alberto Is.,NA,Craig,Summer,5,NA,NA,NA,NA,NA,whole,NA
NA,18-341,8/8/18,40,kat,7.31,NA,8/9/18,2.3,Alberto Is.,NA,Craig,Summer,5,NA,NA,NA,NA,NA,whole,NA
NA,18-342,8/8/18,42,kat,5.84,NA,8/9/18,1.61,Alberto Is.,NA,Craig,Summer,5,NA,NA,NA,NA,NA,whole,NA
NA,18-343,8/8/18,33,kat,4.6,NA,8/9/18,1.27,Alberto Is.,NA,Craig,Summer,5,NA,NA,NA,NA,NA,whole,NA
NA,18-406,8/12/18,63,kat,27.75,NA,8/14/18,9.52,Midway Is.,NA,Soda Bay,Summer,29,NA,NA,NA,NA,NA,whole,NA
NA,18-407,8/12/18,65,kat,20.24,NA,8/14/18,6.68,Midway Is.,NA,Soda Bay,Summer,29,NA,NA,NA,NA,NA,whole,NA
NA,18-408,8/12/18,62,kat,19.74,NA,8/14/18,6.21,Midway Is.,NA,Soda Bay,Summer,29,NA,NA,NA,NA,NA,whole,NA
NA,18-409,8/12/18,63,kat,15.2,NA,8/14/18,5.11,Midway Is.,NA,Soda Bay,Summer,29,NA,NA,NA,NA,NA,whole,NA
NA,18-410,8/12/18,59,kat,18.73,NA,8/14/18,5.57,Midway Is.,NA,Soda Bay,Summer,29,NA,NA,NA,NA,NA,whole,NA
NA,19-147,2/19/19,32,kat,7.96,NA,6/21/19,2.71,NA,NA,Craig,Winter,5,NA,NA,NA,NA,NA,whole,NA
NA,18-682,8/2/18,39,lid,6.87,NA,6/21/19,1.22,NA,NA,Soda Bay,Summer,18,NA,NA,NA,NA,NA,whole,Carn Snail
NA,18-683,8/2/18,40,lid,6.44,NA,6/21/19,0.78,NA,NA,Soda Bay,Summer,18,NA,NA,NA,NA,NA,whole,Carn Snail
NA,18-684,8/2/18,35,lid,4.62,NA,6/21/19,1.08,NA,NA,Soda Bay,Summer,18,NA,NA,NA,NA,NA,whole,Carn Snail
NA,19-120,2/19/19,29,lid,2.46,NA,6/19/19,0.35,Lira,NA,Craig,Winter,5,NA,NA,NA,NA,NA,whole,Carn Snail
NA,19-121,2/19/19,29,lid,2.39,NA,6/19/19,0.32,Lira,NA,Craig,Winter,5,NA,NA,NA,NA,NA,whole,Carn Snail
NA,19-122,2/19/19,25,lid,2.01,NA,6/19/19,0.29,Lira,NA,Craig,Winter,5,NA,NA,NA,NA,NA,whole,Carn Snail
NA,18-686,8/2/18,26,lid,2.09,NA,6/21/19,0.39,NA,NA,Soda Bay,Summer,18,NA,NA,NA,NA,NA,whole,Carn Snail
NA,18-687,8/2/18,31,lid,3.59,NA,6/21/19,0.48,NA,NA,Soda Bay,Summer,18,NA,NA,NA,NA,NA,whole,Carn Snail
NA,18-685,8/2/18,34,lid,5.19,NA,6/21/19,0.66,NA,NA,Soda Bay,Summer,18,NA,NA,NA,NA,NA,whole,Carn Snail
NA,18-681,8/2/18,35,lid,4.49,NA,6/21/19,0.61,NA,NA,Soda Bay,Summer,18,NA,NA,NA,NA,NA,whole,Carn Snail
NA,18-017,5/3/18,41,mac,NA,10.19,5/3/18,3.6,NA,NA,Craig,Spring,2,NA,NA,NA,NA,NA,whole,NA
NA,18-018,5/3/18,46.5,mac,NA,14.04,5/3/18,5.32,NA,NA,Craig,Spring,2,NA,NA,NA,NA,NA,whole,NA
NA,18-019,5/3/18,52,mac,NA,21.72,5/3/18,6.61,NA,NA,Craig,Spring,2,NA,NA,NA,NA,NA,whole,NA
NA,18-020,5/3/18,35,mac,NA,5.92,5/3/18,1.56,NA,NA,Craig,Spring,2,NA,NA,NA,NA,NA,whole,NA
NA,18-021,5/3/18,34.5,mac,NA,5.16,5/3/18,1.73,NA,NA,Craig,Spring,2,NA,NA,NA,NA,NA,whole,NA
NA,18-116,5/2/18,41,mac,11.03,NA,5/20/18,5.09,NA,NA,Nossuk,Spring,1,NA,NA,NA,NA,NA,whole,NA
NA,18-117,5/2/18,33.5,mac,3.89,NA,5/20/18,1.63,NA,NA,Nossuk,Spring,1,NA,NA,NA,NA,NA,whole,NA
NA,18-118,5/2/18,45,mac,9.67,NA,5/20/18,3.77,NA,NA,Nossuk,Spring,1,NA,NA,NA,NA,NA,whole,NA
NA,18-119,5/2/18,23,mac,1.73,NA,5/20/18,0.75,NA,NA,Nossuk,Spring,1,NA,NA,NA,NA,NA,whole,NA
NA,18-163,5/17/18,60,mac,26.67,NA,5/26/18,13.12,NA,NA,Soda Bay,Spring,8,NA,NA,NA,NA,NA,whole,NA
NA,18-164,5/17/18,56,mac,24.27,NA,5/26/18,12.34,NA,NA,Soda Bay,Spring,8,NA,NA,NA,NA,NA,whole,NA
NA,18-165,5/17/18,46,mac,14.27,NA,5/26/18,8.11,NA,NA,Soda Bay,Spring,8,NA,NA,NA,NA,NA,whole,NA
NA,18-166,5/17/18,19,mac,0.82,NA,5/26/18,0.49,NA,NA,Soda Bay,Spring,8,NA,NA,NA,NA,NA,whole,NA
NA,18-167,5/17/18,29,mac,2.47,NA,5/26/18,1.53,NA,NA,Soda Bay,Spring,8,NA,NA,NA,NA,NA,whole,NA
NA,18-208,8/3/18,36,man,5.83,NA,8/8/18,3.11,Kaguk,NA,Nossuk,Summer,20,NA,NA,NA,NA,NA,whole,NA
NA,18-209,8/3/18,35.5,man,4.33,NA,8/8/18,2.01,Kaguk,NA,Nossuk,Summer,20,NA,NA,NA,NA,NA,whole,NA
NA,18-210,8/3/18,34,man,4.63,NA,8/8/18,1.91,Kaguk,NA,Nossuk,Summer,20,NA,NA,NA,NA,NA,whole,NA
NA,18-211,8/3/18,34,man,4.73,NA,8/8/18,1.93,Kaguk,NA,Nossuk,Summer,20,NA,NA,NA,NA,NA,whole,NA
NA,18-212,8/3/18,30,man,3.52,NA,8/8/18,1.98,Kaguk,NA,Nossuk,Summer,20,NA,NA,NA,NA,NA,whole,NA
NA,18-213,8/3/18,27.5,man,3.06,NA,8/8/18,1.67,"Kaguk, bagged with remaining man",NA,Nossuk,Summer,20,NA,NA,NA,NA,NA,whole,NA
NA,18-214,8/3/18,28,man,3.28,NA,8/8/18,1.7,"Kaguk, bagged with remaining man",NA,Nossuk,Summer,20,NA,NA,NA,NA,NA,whole,NA
NA,18-215,8/3/18,24.5,man,2.42,NA,8/8/18,1.3,"Kaguk, bagged with remaining man",NA,Nossuk,Summer,20,NA,NA,NA,NA,NA,whole,NA
NA,18-216,8/3/18,27.5,man,3.25,NA,8/8/18,1.88,"Kaguk, bagged with remaining man",NA,Nossuk,Summer,20,NA,NA,NA,NA,NA,whole,NA
NA,18-217,8/3/18,27,man,2.65,NA,8/8/18,1.22,"Kaguk, bagged with remaining man",NA,Nossuk,Summer,20,NA,NA,NA,NA,NA,whole,NA
NA,18-218,8/3/18,24,man,2.18,NA,8/8/18,1.14,"Kaguk, bagged with remaining man",NA,Nossuk,Summer,20,NA,NA,NA,NA,NA,whole,NA
NA,18-219,8/3/18,21,man,1.47,NA,8/8/18,0.9,"Kaguk, bagged with remaining man",NA,Nossuk,Summer,20,NA,NA,NA,NA,NA,whole,NA
NA,18-220,8/3/18,20,man,1.41,NA,8/8/18,0.93,"Kaguk, bagged with remaining man",NA,Nossuk,Summer,20,NA,NA,NA,NA,NA,whole,NA
NA,18-221,8/3/18,25,man,2.13,NA,8/8/18,1.21,"Kaguk, bagged with remaining man",NA,Nossuk,Summer,20,NA,NA,NA,NA,NA,whole,NA
NA,18-222,8/3/18,20,man,1.31,NA,8/8/18,0.83,"Kaguk, bagged with remaining man",NA,Nossuk,Summer,20,NA,NA,NA,NA,NA,whole,NA
NA,18-223,8/3/18,21,man,1.71,NA,8/8/18,1.01,"Kaguk, bagged with remaining man",NA,Nossuk,Summer,20,NA,NA,NA,NA,NA,whole,NA
NA,18-242,5/2/18,42.5,man,9.55,NA,8/8/18,4.04,Nossuk,NA,Nossuk,Spring,1,NA,NA,NA,NA,NA,whole,NA
NA,18-243,5/2/18,39,man,7.07,NA,8/8/18,3.01,Nossuk,NA,Nossuk,Spring,1,NA,NA,NA,NA,NA,whole,NA
NA,18-253,8/8/18,67.5,man,66.72,NA,8/9/18,24.73,S. Wadleigh,NA,Craig,Summer,2,NA,NA,NA,NA,NA,whole,NA
NA,18-258,8/8/18,64.5,man,40.26,NA,8/9/18,15.78,S. Wadleigh,NA,Craig,Summer,2,NA,NA,NA,NA,NA,whole,NA
NA,18-259,8/8/18,60.5,man,36.97,NA,8/9/18,16.45,S. Wadleigh,NA,Craig,Summer,2,NA,NA,NA,NA,NA,whole,NA
NA,18-260,8/8/18,59,man,31.88,NA,8/9/18,13.54,S. Wadleigh,NA,Craig,Summer,2,NA,NA,NA,NA,NA,whole,NA
NA,18-261,8/8/18,61,man,23.15,NA,8/9/18,8.82,"S. Wadleigh, bagged 261-269 and 277 together",NA,Craig,Summer,2,NA,NA,NA,NA,NA,whole,NA
NA,18-262,8/8/18,57,man,21.3,NA,8/9/18,7.84,"S. Wadleigh, bagged 261-269 and 277 together",NA,Craig,Summer,2,NA,NA,NA,NA,NA,whole,NA
NA,18-263,8/8/18,48.5,man,14.78,NA,8/9/18,5.21,"S. Wadleigh, bagged 261-269 and 277 together",NA,Craig,Summer,2,NA,NA,NA,NA,NA,whole,NA
NA,18-264,8/8/18,45,man,12.36,NA,8/9/18,6.01,"S. Wadleigh, bagged 261-269 and 277 together",NA,Craig,Summer,2,NA,NA,NA,NA,NA,whole,NA
NA,18-265,8/8/18,53,man,24.97,NA,8/9/18,9.94,"S. Wadleigh, bagged 261-269 and 277 together",NA,Craig,Summer,2,NA,NA,NA,NA,NA,whole,NA
NA,18-266,8/8/18,47,man,12.48,NA,8/9/18,4.06,"S. Wadleigh, bagged 261-269 and 277 together",NA,Craig,Summer,2,NA,NA,NA,NA,NA,whole,NA
NA,18-267,8/8/18,42,man,11.84,NA,8/9/18,5.33,"S. Wadleigh, bagged 261-269 and 277 together",NA,Craig,Summer,2,NA,NA,NA,NA,NA,whole,NA
NA,18-268,8/8/18,30.5,man,4.51,NA,8/9/18,2.53,"S. Wadleigh, bagged 261-269 and 277 together",NA,Craig,Summer,2,NA,NA,NA,NA,NA,whole,NA
NA,18-269,8/8/18,37,man,6.38,NA,8/9/18,3.11,"S. Wadleigh, bagged 261-269 and 277 together",NA,Craig,Summer,2,NA,NA,NA,NA,NA,whole,NA
NA,18-277,8/8/18,43,man,9.18,NA,8/9/18,4.18,"S. Wadleigh, bagged 261-269 and 277 together",NA,Craig,Summer,2,NA,NA,NA,NA,NA,whole,NA
NA,19-126,2/19/19,19,map,2.55,NA,6/19/19,0.09,"either calistoma spp, or margarites mupillus",NA,Craig,Winter,5,NA,NA,NA,NA,NA,whole,Herb Snail
NA,19-127,2/19/19,18,map,2.11,NA,6/19/19,0.02,"either calistoma spp, or margarites mupillus",NA,Craig,Winter,5,NA,NA,NA,NA,NA,whole,Herb Snail
NA,19-129,2/19/19,20,map,3.08,NA,6/19/19,0.12,"either calistoma spp, or margarites mupillus",NA,Craig,Winter,5,NA,NA,NA,NA,NA,whole,Herb Snail
NA,19-132,2/19/19,19,map,2.58,NA,6/19/19,0.13,"either calistoma spp, or margarites mupillus",NA,Craig,Winter,5,NA,NA,NA,NA,NA,whole,Herb Snail
NA,19-111,2/17/19,18,map,2.49,NA,6/18/19,0.21,"either calistoma spp, or margarites mupillus",NA,Soda Bay,Winter,9,NA,NA,NA,NA,NA,whole,Herb Snail
NA,19-113,2/17/19,13,map,1.29,NA,6/18/19,0.1,"either calistoma spp, or margarites mupillus",NA,Soda Bay,Winter,9,NA,NA,NA,NA,NA,whole,Herb Snail
NA,19-031,2/18/19,21,mtr,1.02,NA,3/4/19,0.25,"bagged together 031, 032, 033, 034,035",NA,Craig,Winter,2,NA,NA,NA,NA,NA,whole,Mussel
NA,19-032,2/18/19,17,mtr,0.67,NA,3/4/19,0.13,"bagged together 031, 032, 033, 034,035",NA,Craig,Winter,2,NA,NA,NA,NA,NA,whole,Mussel
NA,19-033,2/18/19,20,mtr,1.27,NA,3/4/19,0.29,"bagged together 031, 032, 033, 034,035",NA,Craig,Winter,2,NA,NA,NA,NA,NA,whole,Mussel
NA,19-034,2/18/19,22,mtr,1.14,NA,3/4/19,0.19,"bagged together 031, 032, 033, 034,035",NA,Craig,Winter,2,NA,NA,NA,NA,NA,whole,Mussel
NA,19-035,2/18/19,12,mtr,0.25,NA,3/4/19,0.02,"bagged together 031, 032, 033, 034,035",NA,Craig,Winter,2,NA,NA,NA,NA,NA,whole,Mussel
NA,19-137,2/19/19,29,mtr,2.58,NA,6/21/19,0.93,NA,NA,Craig,Winter,5,NA,NA,NA,NA,NA,whole,Mussel
NA,19-138,2/19/19,26,mtr,1.67,NA,6/21/19,0.77,NA,NA,Craig,Winter,5,NA,NA,NA,NA,NA,whole,Mussel
NA,19-139,2/19/19,32,mtr,3.62,NA,6/21/19,1.67,NA,NA,Craig,Winter,5,NA,NA,NA,NA,NA,whole,Mussel
NA,19-140,2/19/19,27,mtr,2.17,NA,6/21/19,1.41,NA,NA,Craig,Winter,5,NA,NA,NA,NA,NA,whole,Mussel
NA,19-141,2/19/19,28,mtr,2.41,NA,6/21/19,0.96,NA,NA,Craig,Winter,5,NA,NA,NA,NA,NA,whole,Mussel
NA,19-142,2/19/19,34,mtr,4.09,NA,6/21/19,1.65,NA,NA,Craig,Winter,5,NA,NA,NA,NA,NA,whole,Mussel
NA,18-068,5/13/18,22,mtr,1.32,NA,5/20/18,0.14,NA,NA,Craig,Spring,5,NA,NA,NA,NA,NA,whole,Mussel
NA,18-069,5/13/18,23,mtr,1.39,NA,5/20/18,0.36,NA,NA,Craig,Spring,5,NA,NA,NA,NA,NA,whole,Mussel
NA,18-082,5/2/18,38,mtr,4.31,NA,5/20/18,1.1,NA,NA,Nossuk,Spring,1,NA,NA,NA,NA,NA,whole,Mussel
NA,18-083,5/2/18,34,mtr,3.83,NA,5/20/18,1.11,NA,NA,Nossuk,Spring,1,NA,NA,NA,NA,NA,whole,Mussel
NA,18-084,5/2/18,29,mtr,1.84,NA,5/20/18,0.56,NA,NA,Nossuk,Spring,1,NA,NA,NA,NA,NA,whole,Mussel
NA,18-085,5/2/18,33.5,mtr,3.72,NA,5/20/18,0.85,NA,NA,Nossuk,Spring,1,NA,NA,NA,NA,NA,whole,Mussel
NA,18-086,5/2/18,26,mtr,2.23,NA,5/20/18,0.85,NA,NA,Nossuk,Spring,1,NA,NA,NA,NA,NA,whole,Mussel
NA,18-105,5/18/18,62,mtr,20.12,NA,5/20/18,5.45,NA,NA,NA,Spring,12,NA,NA,NA,NA,NA,whole,Mussel
NA,18-106,5/18/18,75,mtr,34.12,NA,5/20/18,13.36,NA,NA,NA,Spring,12,NA,NA,NA,NA,NA,whole,Mussel
NA,18-107,5/18/18,41,mtr,8.77,NA,5/20/18,3.04,NA,NA,NA,Spring,12,NA,NA,NA,NA,NA,whole,Mussel
NA,18-108,5/18/18,42,mtr,8.46,NA,5/20/18,2.4,NA,NA,NA,Spring,12,NA,NA,NA,NA,NA,whole,Mussel
NA,18-109,5/18/18,40.5,mtr,7.73,NA,5/20/18,2.44,NA,NA,NA,Spring,12,NA,NA,NA,NA,NA,whole,Mussel
NA,18-133,5/3/18,26,mtr,1.95,NA,5/26/18,0.68,NA,NA,Craig,Spring,2,NA,NA,NA,NA,NA,whole,Mussel
NA,18-134,5/3/18,21,mtr,1.13,NA,5/26/18,0.57,NA,NA,Craig,Spring,2,NA,NA,NA,NA,NA,whole,Mussel
NA,18-161,5/17/18,45,mtr,7,NA,5/26/18,2.7,NA,NA,Soda Bay,Spring,8,NA,NA,NA,NA,NA,whole,Mussel
NA,18-162,5/17/18,31,mtr,2.67,NA,5/26/18,0.83,NA,NA,Soda Bay,Spring,8,NA,NA,NA,NA,NA,whole,Mussel
NA,18-224,8/3/18,46,mtr,8.95,NA,8/8/18,5.03,Kaguk,NA,Nossuk,Summer,20,NA,NA,NA,NA,NA,whole,Mussel
NA,18-225,8/3/18,39,mtr,5.46,NA,8/8/18,3.12,Kaguk,NA,Nossuk,Summer,20,NA,NA,NA,NA,NA,whole,Mussel
NA,18-226,8/3/18,34,mtr,5.7,NA,8/8/18,3.19,Kaguk,NA,Nossuk,Summer,20,NA,NA,NA,NA,NA,whole,Mussel
NA,18-227,8/3/18,26,mtr,1.86,NA,8/8/18,1.01,Kaguk,NA,Nossuk,Summer,20,NA,NA,NA,NA,NA,whole,Mussel
NA,18-228,8/3/18,36,mtr,5.19,NA,8/8/18,2.59,Kaguk,NA,Nossuk,Summer,20,NA,NA,NA,NA,NA,whole,Mussel
NA,18-229,8/3/18,39.5,mtr,6.45,NA,8/8/18,3.5,"Nossuk, some barnicles on shell",NA,Nossuk,Summer,21,NA,NA,NA,NA,NA,whole,Mussel
NA,18-230,8/3/18,46.5,mtr,10.9,NA,8/8/18,5.09,"Nossuk, many barnicles on shell",NA,Nossuk,Summer,21,NA,NA,NA,NA,NA,whole,Mussel
NA,18-305,8/8/18,36,mtr,7.64,NA,8/9/18,2.99,S. Wadleigh,NA,Craig,Summer,2,NA,NA,NA,NA,NA,whole,Mussel
NA,18-306,8/8/18,40,mtr,8.58,NA,8/9/18,3.59,S. Wadleigh,NA,Craig,Summer,2,NA,NA,NA,NA,NA,whole,Mussel
NA,18-370,8/10/18,45,mtr,7.66,NA,8/14/18,3.32,Soda Bay,NA,Soda Bay,Summer,9,NA,NA,NA,NA,NA,whole,Mussel
NA,18-371,8/10/18,46,mtr,6.28,NA,8/14/18,2.66,Soda Bay,NA,Soda Bay,Summer,9,NA,NA,NA,NA,NA,whole,Mussel
NA,18-402,8/2/18,33,mtr,3.86,NA,8/14/18,1.38,North Pass,NA,Soda Bay,Summer,15,NA,NA,NA,NA,NA,whole,Mussel
NA,18-403,8/2/18,35.5,mtr,5.86,NA,8/14/18,2.83,North Pass,NA,Soda Bay,Summer,15,NA,NA,NA,NA,NA,whole,Mussel
NA,19-059,2/17/19,27,mtr,1.78,NA,3/6/19,0.6,"Soda Bay, bagged together: 59, 60, 61",NA,Soda Bay,Winter,8,NA,NA,NA,NA,NA,whole,Mussel
NA,19-060,2/17/19,26,mtr,1.47,NA,3/6/19,0.47,"Soda Bay, bagged together: 59, 60, 61",NA,Soda Bay,Winter,8,NA,NA,NA,NA,NA,whole,Mussel
NA,19-061,2/17/19,31,mtr,2.35,NA,3/6/19,0.73,"Soda Bay, bagged together: 59, 60, 61",NA,Soda Bay,Winter,8,NA,NA,NA,NA,NA,whole,Mussel
NA,19-062,2/17/19,31.5,mtr,2.73,NA,3/6/19,0.9,"Soda Bay, bagged together: 62, 63, 64",NA,Soda Bay,Winter,8,NA,NA,NA,NA,NA,whole,Mussel
NA,19-063,2/17/19,36,mtr,4.2,NA,3/6/19,1.52,"Soda Bay, bagged together: 62, 63, 64",NA,Soda Bay,Winter,8,NA,NA,NA,NA,NA,whole,Mussel
NA,19-064,2/17/19,35,mtr,3.45,NA,3/6/19,1.35,"Soda Bay, bagged together: 62, 63, 64",NA,Soda Bay,Winter,8,NA,NA,NA,NA,NA,whole,Mussel
NA,19-100,2/17/19,30,mtr,2.6,NA,6/18/19,0.95,SB #2 rocky,NA,Soda Bay,Winter,9,NA,NA,NA,NA,NA,whole,Mussel
NA,19-102,2/17/19,29,mtr,2.82,NA,6/18/19,1.14,SB #2 rocky,NA,Soda Bay,Winter,9,NA,NA,NA,NA,NA,whole,Mussel
NA,19-104,2/17/19,25,mtr,1.35,NA,6/18/19,0.45,SB #2 rocky,NA,Soda Bay,Winter,9,NA,NA,NA,NA,NA,whole,Mussel
NA,19-105,2/17/19,30,mtr,2.17,NA,6/18/19,1.02,SB #2 rocky,NA,Soda Bay,Winter,9,NA,NA,NA,NA,NA,whole,Mussel
NA,19-106,2/17/19,24,mtr,1.37,NA,6/18/19,0.54,SB #2 rocky,NA,Soda Bay,Winter,9,NA,NA,NA,NA,NA,whole,Mussel
NA,19-107,2/17/19,29,mtr,2.29,NA,6/18/19,1.04,SB #2 rocky,NA,Soda Bay,Winter,9,NA,NA,NA,NA,NA,whole,Mussel
NA,19-108,2/17/19,27,mtr,1.53,NA,6/18/19,0.55,SB #2 rocky,NA,Soda Bay,Winter,9,NA,NA,NA,NA,NA,whole,Mussel
NA,19-114,2/19/19,29,nul,2.78,NA,6/19/19,0.51,NA,NA,Craig,Winter,5,NA,NA,NA,NA,NA,whole,Carn Snail
NA,19-115,2/19/19,28,nul,2.59,NA,6/19/19,0.36,NA,NA,Craig,Winter,5,NA,NA,NA,NA,NA,whole,Carn Snail
NA,19-119,2/19/19,26,nul,2.41,NA,6/19/19,0.51,NA,NA,Craig,Winter,5,NA,NA,NA,NA,NA,whole,Carn Snail
NA,18-091,5/2/18,46.5,nul,12.19,NA,5/20/18,2.22,Nossuk,NA,Nossuk,Spring,1,NA,NA,NA,NA,NA,whole,Carn Snail
NA,18-092,5/2/18,47,nul,11.5,NA,5/20/18,2.01,Nossuk,NA,Nossuk,Spring,1,NA,NA,NA,NA,NA,whole,Carn Snail
NA,18-093,5/2/18,49.5,nul,13.29,NA,5/20/18,2.62,Nossuk,NA,Nossuk,Spring,1,NA,NA,NA,NA,NA,whole,Carn Snail
NA,18-094,5/2/18,45,nul,11.01,NA,5/20/18,1.22,Nossuk,NA,Nossuk,Spring,1,NA,NA,NA,NA,NA,whole,Carn Snail
NA,18-095,5/2/18,43.5,nul,9.49,NA,5/20/18,1.7,Nossuk,NA,Nossuk,Spring,1,NA,NA,NA,NA,NA,whole,Carn Snail
NA,18-096,5/2/18,46,nul,11.38,NA,5/20/18,1.93,Nossuk,NA,Nossuk,Spring,1,NA,NA,NA,NA,NA,whole,Carn Snail
NA,18-249,8/3/18,18,nul,1.09,NA,8/8/18,0.37,Nossuk,NA,Nossuk,Summer,21,NA,NA,NA,NA,NA,whole,Carn Snail
NA,18-250,8/3/18,29,nul,3.26,NA,8/8/18,0.95,Nossuk,NA,Nossuk,Summer,21,NA,NA,NA,NA,NA,whole,Carn Snail
NA,18-251,8/3/18,31,nul,2.79,NA,8/8/18,1.21,Nossuk,NA,Nossuk,Summer,21,NA,NA,NA,NA,NA,whole,Carn Snail
NA,18-252,8/3/18,21,nul,1.89,NA,8/8/18,0.6,Nossuk,NA,Nossuk,Summer,21,NA,NA,NA,NA,NA,whole,Carn Snail
NA,18-254,8/3/18,29,nul,2.05,NA,8/8/18,1.22,Nossuk,NA,Nossuk,Summer,21,NA,NA,NA,NA,NA,whole,Carn Snail
NA,18-255,8/3/18,31,nul,5.28,NA,8/8/18,1.06,Nossuk,NA,Nossuk,Summer,21,NA,NA,NA,NA,NA,whole,Carn Snail
NA,18-256,8/3/18,24,nul,2.04,NA,8/8/18,0.92,Nossuk,NA,Nossuk,Summer,21,NA,NA,NA,NA,NA,whole,Carn Snail
NA,18-691,8/2/18,27,nul,3.97,NA,6/21/19,0.51,South Pass,NA,Soda Bay,Summer,30,NA,NA,NA,NA,NA,whole,Carn Snail
NA,18-692,8/2/18,30,nul,4.65,NA,6/21/19,0.78,South Pass,NA,Soda Bay,Summer,30,NA,NA,NA,NA,NA,whole,Carn Snail
NA,18-639,7/28/18,69,pas,4.02,NA,4/1/19,1.82,"South Pass, beach seine",NA,Soda Bay,Summer,30,NA,NA,NA,NA,NA,whole,Crab
NA,18-642,7/28/18,76,pas,5.67,NA,4/1/19,3.09,"South Pass, beach seine",NA,Soda Bay,Summer,30,NA,NA,NA,NA,NA,whole,Crab
NA,18-643,7/28/18,68,pas,5.01,NA,4/1/19,2.67,"South Pass, beach seine",NA,Soda Bay,Summer,30,NA,NA,NA,NA,NA,whole,Crab
NA,18-644,7/28/18,67,pas,3.33,NA,4/1/19,1.7,"South Pass, beach seine",NA,Soda Bay,Summer,30,NA,NA,NA,NA,NA,whole,Crab
NA,18-645,7/28/18,69,pas,4.36,NA,4/1/19,2.15,"South Pass, beach seine",NA,Soda Bay,Summer,30,NA,NA,NA,NA,NA,whole,Crab
NA,18-319,8/8/18,77,pom,59.91,NA,8/9/18,19.97,Alberto Is.,NA,Craig,Summer,5,NA,NA,NA,NA,NA,whole,Scallop
NA,18-378,8/10/18,30,pom,3.85,NA,8/14/18,1.57,Soda Bay,NA,Soda Bay,Summer,9,NA,NA,NA,NA,NA,whole,Scallop
NA,18-449,8/15/18,44,pom,5.69,NA,9/4/18,1.54,Nossuk,NA,Nossuk,Summer,26,NA,NA,NA,NA,NA,whole,Scallop
NA,18-450,8/15/18,32,pom,1.58,NA,9/4/18,0.6,Nossuk,NA,Nossuk,Summer,26,NA,NA,NA,NA,NA,whole,Scallop
NA,18-451,8/15/18,40,pom,4.88,NA,9/4/18,1.17,Nossuk,NA,Nossuk,Summer,26,NA,NA,NA,NA,NA,whole,Scallop
NA,18-560,8/15/18,NA,pom,46,NA,4/1/19,2.21,"Nossuk, bagged with 561",NA,Nossuk,Summer,26,NA,NA,NA,NA,NA,whole,Scallop
NA,18-561,8/15/18,NA,pom,26,NA,4/1/19,0.55,"Nossuk, bagged with 560",NA,Nossuk,Summer,26,NA,NA,NA,NA,NA,whole,Scallop
NA,19-012,2/18/19,52,prs,31.89,NA,3/4/19,15.25,Wadleigh,NA,Craig,Winter,2,NA,NA,NA,NA,NA,whole,Clam
NA,19-018,2/18/19,23,prs,3.18,NA,3/4/19,0.92,"Wadleigh, bagged together: 018, 019, 020",NA,Craig,Winter,2,NA,NA,NA,NA,NA,whole,Clam
NA,19-019,2/18/19,19.5,prs,2.01,NA,3/4/19,0.7,"Wadleigh, bagged together: 018, 019, 020",NA,Craig,Winter,2,NA,NA,NA,NA,NA,whole,Clam
NA,19-020,2/18/19,15,prs,0.82,NA,3/4/19,0.22,"Wadleigh, bagged together: 018, 019, 020",NA,Craig,Winter,2,NA,NA,NA,NA,NA,whole,Clam
NA,18-006,5/3/18,40,prs,NA,24.03,5/3/18,6.42,NA,NA,Craig,Spring,2,NA,NA,NA,NA,NA,whole,Clam
NA,18-195,8/3/18,24,prs,3.76,NA,8/8/18,1.6,"Kaguk, bagged with remaining prs",NA,Nossuk,Summer,20,NA,NA,NA,NA,NA,whole,Clam
NA,18-196,8/3/18,25.5,prs,4.56,NA,8/8/18,2.28,Kaguk,NA,Nossuk,Summer,20,NA,NA,NA,NA,NA,whole,Clam
NA,18-197,8/3/18,35,prs,10.38,NA,8/8/18,4.53,Kaguk,NA,Nossuk,Summer,20,NA,NA,NA,NA,NA,whole,Clam
NA,18-198,8/3/18,27,prs,5.5,NA,8/8/18,2.61,Kaguk,NA,Nossuk,Summer,20,NA,NA,NA,NA,NA,whole,Clam
NA,18-199,8/3/18,32,prs,8.21,NA,8/8/18,4.02,Kaguk,NA,Nossuk,Summer,20,NA,NA,NA,NA,NA,whole,Clam
NA,18-200,8/3/18,29.5,prs,5.6,NA,8/8/18,2.76,Kaguk,NA,Nossuk,Summer,20,NA,NA,NA,NA,NA,whole,Clam
NA,18-201,8/3/18,27.5,prs,5.82,NA,8/8/18,2.82,"Kaguk, bagged with remaining prs",NA,Nossuk,Summer,20,NA,NA,NA,NA,NA,whole,Clam
NA,18-202,8/3/18,27,prs,6.63,NA,8/8/18,2.71,"Kaguk, bagged with remaining prs",NA,Nossuk,Summer,20,NA,NA,NA,NA,NA,whole,Clam
NA,18-203,8/3/18,24,prs,3.96,NA,8/8/18,2.08,"Kaguk, bagged with remaining prs",NA,Nossuk,Summer,20,NA,NA,NA,NA,NA,whole,Clam
NA,18-204,8/3/18,24,prs,3.78,NA,8/8/18,1.99,"Kaguk, bagged with remaining prs",NA,Nossuk,Summer,20,NA,NA,NA,NA,NA,whole,Clam
NA,18-205,8/3/18,24,prs,4.29,NA,8/8/18,2.33,"Kaguk, bagged with remaining prs",NA,Nossuk,Summer,20,NA,NA,NA,NA,NA,whole,Clam
NA,18-206,8/3/18,23,prs,3.9,NA,8/8/18,2.08,"Kaguk, bagged with remaining prs",NA,Nossuk,Summer,20,NA,NA,NA,NA,NA,whole,Clam
NA,18-207,8/3/18,20,prs,2.79,NA,8/8/18,1.58,"Kaguk, bagged with remaining prs",NA,Nossuk,Summer,20,NA,NA,NA,NA,NA,whole,Clam
NA,18-233,8/3/18,31.5,prs,8.16,NA,8/8/18,3.61,Nossuk,NA,Nossuk,Summer,21,NA,NA,NA,NA,NA,whole,Clam
NA,18-234,8/3/18,34.5,prs,13.47,NA,8/8/18,5.11,Nossuk,NA,Nossuk,Summer,21,NA,NA,NA,NA,NA,whole,Clam
NA,18-235,8/3/18,35.5,prs,17.78,NA,8/8/18,7.01,Nossuk,NA,Nossuk,Summer,21,NA,NA,NA,NA,NA,whole,Clam
NA,18-236,8/3/18,26,prs,5.47,NA,8/8/18,2.26,Nossuk,NA,Nossuk,Summer,21,NA,NA,NA,NA,NA,whole,Clam
NA,18-237,8/3/18,34,prs,8.72,NA,8/8/18,3.43,Nossuk,NA,Nossuk,Summer,21,NA,NA,NA,NA,NA,whole,Clam
NA,18-300,8/8/18,47,prs,25.56,NA,8/9/18,12.03,"S. Wadleigh, bagged with 301",NA,Craig,Summer,2,NA,NA,NA,NA,NA,whole,Clam
NA,18-301,8/8/18,52.5,prs,44.78,NA,8/9/18,16.52,"S. Wadleigh, bagged with 300",NA,Craig,Summer,2,NA,NA,NA,NA,NA,whole,Clam
NA,18-321,8/8/18,59.5,prs,71.25,NA,8/9/18,27.31,Alberto Is.,NA,Craig,Summer,5,NA,NA,NA,NA,NA,whole,Clam
NA,18-366,8/10/18,56,prs,55.58,NA,8/14/18,21.32,Soda Bay,NA,Soda Bay,Summer,9,NA,NA,NA,NA,NA,whole,Clam
NA,18-439,8/2/18,43,prs,24.43,NA,9/4/18,8.86,** accidently repeated this number! North Pass,NA,Soda Bay,Summer,15,NA,NA,NA,NA,NA,whole,Clam
NA,18-440,8/2/18,41,prs,22.2,NA,9/4/18,7.57,North Pass,NA,Soda Bay,Summer,15,NA,NA,NA,NA,NA,whole,Clam
NA,18-441,8/2/18,42,prs,28.14,NA,9/4/18,8.26,North Pass,NA,Soda Bay,Summer,15,NA,NA,NA,NA,NA,whole,Clam
NA,18-442,8/2/18,36.5,prs,20.67,NA,9/4/18,7.63,North Pass,NA,Soda Bay,Summer,15,NA,NA,NA,NA,NA,whole,Clam
NA,18-443,8/2/18,40,prs,24.26,NA,9/4/18,9.33,North Pass,NA,Soda Bay,Summer,15,NA,NA,NA,NA,NA,whole,Clam
NA,18-436,8/15/18,53,pup,NA,79.45,8/15/18,24.22,Nossuk,f,Nossuk,Summer,26,NA,NA,NA,NA,NA,whole,Crab
NA,18-437,8/15/18,48,pup,NA,86.63,8/15/18,31.7,Nossuk,m,Nossuk,Summer,26,NA,NA,NA,NA,NA,whole,Crab
NA,18-438,8/15/18,59,pup,NA,106.19,8/15/18,28.11,Nossuk,f,Nossuk,Summer,26,NA,NA,NA,NA,NA,whole,Crab
NA,18-439,8/15/18,46,pup,NA,68.75,8/15/18,11.5,Nossuk,m,Nossuk,Summer,26,NA,NA,NA,NA,NA,whole,Crab
NA,18-483,8/8/18,49,pup,44.53,NA,9/11/18,8.72,Alberto,m,Craig,Summer,5,NA,NA,NA,NA,NA,whole,Crab
NA,18-496,8/15/18,19,pup,2.9,NA,2/11/19,1.19,Nossuk,f,Nossuk,Summer,26,NA,NA,NA,NA,NA,whole,Crab
NA,18-193,8/3/18,31.5,sag,6.17,NA,8/8/18,3.22,Kaguk,NA,Nossuk,Summer,20,NA,NA,NA,NA,NA,whole,Clam
NA,18-194,8/3/18,36,sag,19.42,NA,8/8/18,10.86,Kaguk,NA,Nossuk,Summer,20,NA,NA,NA,NA,NA,whole,Clam
NA,18-231,8/3/18,33,sag,7.18,NA,8/8/18,3.23,Nossuk,NA,Nossuk,Summer,21,NA,NA,NA,NA,NA,whole,Clam
NA,18-283,8/8/18,40.5,sag,15.85,NA,8/9/18,7.69,"S. Wadleigh, bagged with 284",NA,Craig,Summer,2,NA,NA,NA,NA,NA,whole,Clam
NA,18-284,8/8/18,42.5,sag,17.3,NA,8/9/18,8.65,"S. Wadleigh, bagged with 283",NA,Craig,Summer,2,NA,NA,NA,NA,NA,whole,Clam
NA,18-445,8/15/18,42,sag,15.35,NA,9/4/18,7.23,Nossuk,NA,Nossuk,Summer,21,NA,NA,NA,NA,NA,whole,Clam
NA,18-446,8/15/18,43,sag,15.53,NA,9/4/18,7.32,Nossuk,NA,Nossuk,Summer,21,NA,NA,NA,NA,NA,whole,Clam
NA,18-447,8/15/18,36,sag,10.1,NA,9/4/18,4.84,Nossuk,NA,Nossuk,Summer,21,NA,NA,NA,NA,NA,whole,Clam
NA,18-448,8/15/18,45,sag,20.23,NA,9/4/18,10.24,Nossuk,NA,Nossuk,Summer,21,NA,NA,NA,NA,NA,whole,Clam
NA,19-041,2/17/19,40,sag,12.99,NA,3/6/19,6.17,Soda Bay,NA,Soda Bay,Winter,8,NA,NA,NA,NA,NA,whole,Clam
NA,18-326,8/8/18,23,std,4.62,NA,8/9/18,1.12,Alberto Is.,NA,Craig,Summer,5,NA,NA,NA,NA,NA,whole,Urchin
NA,18-327,8/8/18,22,std,4.45,NA,8/9/18,1.23,Alberto Is.,NA,Craig,Summer,5,NA,NA,NA,NA,NA,whole,Urchin
NA,18-431,8/15/18,24.5,std,NA,6.92,8/15/18,0.95,Nossuk,NA,Nossuk,Summer,26,NA,NA,NA,NA,NA,whole,Urchin
NA,18-432,8/15/18,24,std,NA,5.13,8/15/18,0.85,Nossuk,NA,Nossuk,Summer,26,NA,NA,NA,NA,NA,whole,Urchin
NA,18-433,8/15/18,25.5,std,NA,6.04,8/15/18,1.54,Nossuk,NA,Nossuk,Summer,26,NA,NA,NA,NA,NA,whole,Urchin
NA,18-434,8/15/18,19,std,NA,3.19,8/15/18,0.46,Nossuk,NA,Nossuk,Summer,26,NA,NA,NA,NA,NA,whole,Urchin
NA,18-435,8/15/18,21,std,NA,3.74,8/15/18,0.87,Nossuk,NA,Nossuk,Summer,26,NA,NA,NA,NA,NA,whole,Urchin
NA,19-096,2/17/19,34,std,11.06,NA,6/18/19,1.36,SB #2 rocky,NA,Soda Bay,Winter,9,NA,NA,NA,NA,NA,whole,Urchin
NA,19-097,2/17/19,29,std,7.65,NA,6/18/19,0.09,SB #2 rocky,NA,Soda Bay,Winter,9,NA,NA,NA,NA,NA,whole,Urchin
NA,18-426,8/15/18,51,stf,NA,37.6,8/15/18,8.63,Whale Rock,NA,Nossuk,Summer,27,NA,NA,NA,NA,NA,whole,Urchin
NA,18-427,8/15/18,41,stf,NA,25.42,8/15/18,8.14,Whale Rock,NA,Nossuk,Summer,27,NA,NA,NA,NA,NA,whole,Urchin
NA,18-429,8/15/18,33,stf,NA,12.54,8/15/18,3.37,Whale Rock,NA,Nossuk,Summer,27,NA,NA,NA,NA,NA,whole,Urchin
NA,18-430,8/15/18,30,stf,NA,12.33,8/15/18,3.22,Whale Rock,NA,Nossuk,Summer,27,NA,NA,NA,NA,NA,whole,Urchin
NA,18-428,8/15/18,42,stf,NA,28.87,8/15/18,8.3,Whale Rock,NA,Nossuk,Summer,27,NA,NA,NA,NA,NA,whole,Urchin
NA,18-145,5/18/18,52,stp,45.91,NA,5/26/18,2.4,NA,NA,NA,Spring,12,NA,NA,NA,NA,NA,whole,NA
NA,18-469,7/31/18,58,tec,47.76,NA,NA,12.43,Guktu,m,Nossuk,Summer,31,NA,NA,NA,NA,NA,whole,Crab
NA,18-470,7/31/18,48,tec,27.28,NA,NA,8.08,Guktu,m,Nossuk,Summer,31,NA,NA,NA,NA,NA,whole,Crab
NA,18-471,7/31/18,45,tec,19.99,NA,NA,7.72,Guktu,f,Nossuk,Summer,31,NA,NA,NA,NA,NA,whole,Crab
NA,18-472,7/31/18,59.5,tec,40.74,NA,NA,9.79,Guktu,m,Nossuk,Summer,31,NA,NA,NA,NA,NA,whole,Crab
NA,18-491,5/18/18,45,tec,43.03,NA,1/30/19,14.86,Salt Lake Bay pots,m,NA,Spring,12,NA,NA,NA,NA,NA,whole,Crab
NA,18-492,5/18/18,53,tec,73.27,NA,2/4/19,28.95,Salt Lake Bay pots,m,NA,Spring,12,NA,NA,NA,NA,NA,whole,Crab
NA,18-493,5/18/18,42,tec,43.99,NA,2/4/19,15.4,Salt Lake Bay pots,m,NA,Spring,12,NA,NA,NA,NA,NA,whole,Crab
NA,18-494,5/18/18,45,tec,42.08,NA,2/11/19,15.71,Salt Lake Bay pots,m,NA,Spring,12,NA,NA,NA,NA,NA,whole,Crab
NA,18-495,5/18/18,42,tec,40.94,NA,2/11/19,15.01,Salt Lake Bay pots,m,NA,Spring,12,NA,NA,NA,NA,NA,whole,Crab
NA,18-528,7/31/18,37,tec,19.95,NA,12/20/18,8.37,"Nossuk, Seine",m,Nossuk,Summer,16,NA,NA,NA,NA,NA,whole,Crab
NA,18-529,7/31/18,47.5,tec,40.07,NA,12/20/18,17.48,"Nossuk, Seine",f,Nossuk,Summer,16,NA,NA,NA,NA,NA,whole,Crab
NA,18-530,7/31/18,50.5,tec,45.35,NA,12/20/18,18.25,"Nossuk, Seine",f,Nossuk,Summer,16,NA,NA,NA,NA,NA,whole,Crab
NA,18-531,7/31/18,39,tec,19.96,NA,12/20/18,7.29,"Nossuk, Seine",m,Nossuk,Summer,16,NA,NA,NA,NA,NA,whole,Crab
NA,18-110,5/18/18,24,tes,3.7,NA,5/20/18,1.27,listed as tef on bag,NA,NA,Spring,12,NA,NA,NA,NA,NA,whole,Herb Snail
NA,18-111,5/18/18,25,tes,4.98,NA,5/20/18,1.09,listed as tef on bag,NA,NA,Spring,12,NA,NA,NA,NA,NA,whole,Herb Snail
NA,18-112,5/18/18,21,tes,3.21,NA,5/20/18,1.03,listed as tef on bag,NA,NA,Spring,12,NA,NA,NA,NA,NA,whole,Herb Snail
NA,18-113,5/18/18,20,tes,2.58,NA,5/20/18,0.88,listed as tef on bag,NA,NA,Spring,12,NA,NA,NA,NA,NA,whole,Herb Snail
NA,18-114,5/18/18,16,tes,1.64,NA,5/20/18,0.37,listed as tef on bag,NA,NA,Spring,12,NA,NA,NA,NA,NA,whole,Herb Snail
NA,18-338,8/8/18,24,tes,5.75,NA,8/9/18,0.79,Alberto Is.,NA,Craig,Summer,5,NA,NA,NA,NA,NA,whole,Herb Snail
NA,18-339,8/8/18,25.5,tes,7.26,NA,8/9/18,1.17,Alberto Is.,NA,Craig,Summer,5,NA,NA,NA,NA,NA,whole,Herb Snail
NA,18-413,8/12/18,33,tes,12.1,NA,8/14/18,4.77,Midway Is.,NA,Soda Bay,Summer,29,NA,NA,NA,NA,NA,whole,Herb Snail
NA,18-414,8/12/18,32,tes,14.67,NA,8/14/18,4.83,Midway Is.,NA,Soda Bay,Summer,29,NA,NA,NA,NA,NA,whole,Herb Snail
NA,18-553,8/15/18,33,tes,12.29,NA,4/1/19,1.3,Nossuk,NA,Nossuk,Summer,26,NA,NA,NA,NA,NA,whole,Herb Snail
NA,18-556,8/15/18,21,tes,5.06,NA,4/1/19,1.53,Nossuk,NA,Nossuk,Summer,26,NA,NA,NA,NA,NA,whole,Herb Snail
NA,18-557,8/15/18,20,tes,6.41,NA,4/1/19,1.34,Nossuk,NA,Nossuk,Summer,26,NA,NA,NA,NA,NA,whole,Herb Snail
NA,18-558,8/15/18,20,tes,5.4,NA,4/1/19,1.08,Nossuk,NA,Nossuk,Summer,26,NA,NA,NA,NA,NA,whole,Herb Snail
NA,18-559,8/15/18,29,tes,9.32,NA,4/1/19,2.84,Nossuk,NA,Nossuk,Summer,26,NA,NA,NA,NA,NA,whole,Herb Snail
NA,18-649,8/15/18,20.5,tes,5.56,NA,4/1/19,1.38,"Nossuk, should have been 18-554",NA,Nossuk,Summer,27,NA,NA,NA,NA,NA,whole,Herb Snail
NA,18-650,8/15/18,20,tes,5.59,NA,4/1/19,1.38,"Nossuk, should have been 18-555",NA,Nossuk,Summer,27,NA,NA,NA,NA,NA,whole,Herb Snail
NA,18-412,8/12/18,34,tes,13.68,NA,8/14/18,5.14,Midway Is.,NA,Soda Bay,Summer,29,NA,NA,NA,NA,NA,whole,Herb Snail
NA,18-411,8/12/18,31,tes,11.81,NA,8/14/18,4.3,Midway Is.,NA,Soda Bay,Summer,29,NA,NA,NA,NA,NA,whole,Herb Snail
NA,NA,4/15/20,150,pas,NA,45,NA,NA,Pandalus platyceros,NA,StJamesBay_Juneau,NA,NA,NA,NA,NA,NA,NA,whole,NA
NA,NA,4/15/20,200,pas,NA,109,NA,NA,Pandalus platyceros,NA,StJamesBay_Juneau,NA,NA,NA,NA,NA,NA,NA,whole,NA
NA,NA,4/15/20,170,pas,NA,84,NA,NA,Pandalus platyceros,NA,StJamesBay_Juneau,NA,NA,NA,NA,NA,NA,NA,whole,NA
NA,NA,4/15/20,150,pas,NA,57,NA,NA,Pandalus platyceros,NA,StJamesBay_Juneau,NA,NA,NA,NA,NA,NA,NA,whole,NA
NA,NA,4/15/20,140,pas,NA,37,NA,NA,Pandalus platyceros,NA,StJamesBay_Juneau,NA,NA,NA,NA,NA,NA,NA,whole,NA
NA,NA,4/15/20,130,pas,NA,20,NA,NA,Pandalus hypsinotis,NA,StJamesBay_Juneau,NA,NA,NA,NA,NA,NA,NA,whole,NA
NA,NA,4/15/20,170,pas,NA,46,NA,NA,Pandalus platyceros,NA,StJamesBay_Juneau,NA,NA,NA,NA,NA,NA,NA,whole,NA
NA,NA,4/15/20,150,pas,NA,29,NA,NA,Pandalus platyceros,NA,StJamesBay_Juneau,NA,NA,NA,NA,NA,NA,NA,whole,NA
NA,NA,4/15/20,125,pas,NA,33,NA,NA,Pandalus hypsinotis,NA,StJamesBay_Juneau,NA,NA,NA,NA,NA,NA,NA,whole,NA
NA,NA,4/15/20,145,pas,NA,29,NA,NA,Pandalus platyceros,NA,StJamesBay_Juneau,NA,NA,NA,NA,NA,NA,NA,whole,NA
NA,NA,4/15/20,105,pas,NA,16,NA,NA,Pandalus hypsinotis,NA,StJamesBay_Juneau,NA,NA,NA,NA,NA,NA,NA,whole,NA
NA,NA,4/15/20,110,pas,NA,19,NA,NA,Pandalus hypsinotis,NA,StJamesBay_Juneau,NA,NA,NA,NA,NA,NA,NA,whole,NA
NA,NA,4/15/20,90,pas,NA,11,NA,NA,Pandalus platyceros,NA,StJamesBay_Juneau,NA,NA,NA,NA,NA,NA,NA,whole,NA
NA,NA,4/15/20,130,pas,NA,28,NA,NA,Pandalus hypsinotis,NA,StJamesBay_Juneau,NA,NA,NA,NA,NA,NA,NA,whole,NA
NA,NA,4/15/20,65,pas,NA,15,NA,NA,Lebbeus groenlandicus,NA,StJamesBay_Juneau,NA,NA,NA,NA,NA,NA,NA,whole,NA
NA,NA,4/15/20,105,pas,NA,15,NA,NA,Pandalus platyceros,NA,StJamesBay_Juneau,NA,NA,NA,NA,NA,NA,NA,whole,NA
NA,NA,4/15/20,150,pas,NA,25,NA,NA,Pandalus platyceros,NA,StJamesBay_Juneau,NA,NA,NA,NA,NA,NA,NA,whole,NA
NA,NA,4/15/20,100,pas,NA,10,NA,NA,Pandalus platyceros,NA,StJamesBay_Juneau,NA,NA,NA,NA,NA,NA,NA,whole,NA
NA,NA,4/15/20,110,pas,NA,14,NA,NA,Pandalus platyceros,NA,StJamesBay_Juneau,NA,NA,NA,NA,NA,NA,NA,whole,NA
NA,NA,4/15/20,105,pas,NA,7,NA,NA,Pandalus platyceros,NA,StJamesBay_Juneau,NA,NA,NA,NA,NA,NA,NA,whole,NA