site_name,site_code,latitude_N,longitude_E,so_region,year,date_mm.dd.yyyy,date_yyyy.mm.dd,trans_loc,bin_no,bin_area_m2,pit_count_bin,sed1_type,sed2_type,sed1_no,sed2_no,field_collector,notes
Salt Lake Bay a,H_01_a,55.67264,-133.378,High,2017,8/18/2013,20170819,Edge,1,20,0,Mud,Mud,1,1,"Ashley Bolwerk, Nicole LaRoche",
Salt Lake Bay a,H_01_a,55.67264,-133.378,High,2017,8/18/2013,20170819,Edge,2,20,0,Sandy Mud,Sand,2,3,"Ashley Bolwerk, Nicole LaRoche",
Salt Lake Bay a,H_01_a,55.67264,-133.378,High,2017,8/18/2013,20170819,Edge,3,20,2,Sand,Pebble,4,6,"Ashley Bolwerk, Nicole LaRoche",
Salt Lake Bay a,H_01_a,55.67264,-133.378,High,2017,8/18/2013,20170819,Edge,4,20,0,Sand,Pebble,4,3,"Ashley Bolwerk, Nicole LaRoche",
Salt Lake Bay a,H_01_a,55.67264,-133.378,High,2017,8/18/2013,20170819,Edge,5,20,0,Muddy Sand,Muddy Sand,3,3,"Ashley Bolwerk, Nicole LaRoche",
Salt Lake Bay a,H_01_a,55.67264,-133.378,High,2017,8/18/2013,20170819,Edge,6,20,0,Sand,Pebble,4,6,"Ashley Bolwerk, Nicole LaRoche",
Salt Lake Bay a,H_01_a,55.67264,-133.378,High,2017,8/18/2013,20170819,Edge,7,20,3,Sand,Pebble,4,6,"Ashley Bolwerk, Nicole LaRoche",
Salt Lake Bay a,H_01_a,55.67264,-133.378,High,2017,8/18/2013,20170819,Edge,8,20,0,Sand,Pebble,4,6,"Ashley Bolwerk, Nicole LaRoche",
Salt Lake Bay a,H_01_a,55.67264,-133.378,High,2017,8/18/2013,20170819,Edge,9,20,1,Sand,Pebble,4,6,"Ashley Bolwerk, Nicole LaRoche",
Salt Lake Bay a,H_01_a,55.67264,-133.378,High,2017,8/18/2013,20170819,Edge,10,20,0,Sand,Pebble,4,6,"Ashley Bolwerk, Nicole LaRoche",
Salt Lake Bay a,H_01_a,55.67264,-133.378,High,2017,8/18/2013,20170819,Inside,1,20,0,Mud,Mud,1,1,"Ashley Bolwerk, Nicole LaRoche",
Salt Lake Bay a,H_01_a,55.67264,-133.378,High,2017,8/18/2013,20170819,Inside,2,20,0,Mud,Mud,1,1,"Ashley Bolwerk, Nicole LaRoche",
Salt Lake Bay a,H_01_a,55.67264,-133.378,High,2017,8/18/2013,20170819,Inside,3,20,2,Gravel,Mud,7,1,"Ashley Bolwerk, Nicole LaRoche",
Salt Lake Bay a,H_01_a,55.67264,-133.378,High,2017,8/18/2013,20170819,Inside,4,20,0,Mud,Mud,1,1,"Ashley Bolwerk, Nicole LaRoche",
Salt Lake Bay a,H_01_a,55.67264,-133.378,High,2017,8/18/2013,20170819,Inside,5,20,0,Mud,Mud,1,1,"Ashley Bolwerk, Nicole LaRoche",
Salt Lake Bay a,H_01_a,55.67264,-133.378,High,2017,8/18/2013,20170819,Inside,6,20,0,Mud,Mud,1,1,"Ashley Bolwerk, Nicole LaRoche",
Salt Lake Bay a,H_01_a,55.67264,-133.378,High,2017,8/18/2013,20170819,Inside,7,20,1,Mud,Mud,1,1,"Ashley Bolwerk, Nicole LaRoche",
Salt Lake Bay a,H_01_a,55.67264,-133.378,High,2017,8/18/2013,20170819,Inside,8,20,0,Mud,Mud,1,1,"Ashley Bolwerk, Nicole LaRoche",
Salt Lake Bay a,H_01_a,55.67264,-133.378,High,2017,8/18/2013,20170819,Inside,9,20,0,Mud,Mud,1,1,"Ashley Bolwerk, Nicole LaRoche",
Salt Lake Bay a,H_01_a,55.67264,-133.378,High,2017,8/18/2013,20170819,Inside,10,20,0,Mud,Mud,1,1,"Ashley Bolwerk, Nicole LaRoche",
Salt Lake Bay a,H_01_a,55.67264,-133.378,High,2017,8/18/2013,20170819,Outside,1,20,5,Muddy Sand,Muddy Sand,3,3,"Ashley Bolwerk, Nicole LaRoche",
Salt Lake Bay a,H_01_a,55.67264,-133.378,High,2017,8/18/2013,20170819,Outside,2,20,5,Muddy Sand,Muddy Sand,3,3,"Ashley Bolwerk, Nicole LaRoche",
Salt Lake Bay a,H_01_a,55.67264,-133.378,High,2017,8/18/2013,20170819,Outside,3,20,5,Muddy Sand,Cobble,3,8,"Ashley Bolwerk, Nicole LaRoche",
Salt Lake Bay a,H_01_a,55.67264,-133.378,High,2017,8/18/2013,20170819,Outside,4,20,5,Muddy Sand,Cobble,3,8,"Ashley Bolwerk, Nicole LaRoche",
Salt Lake Bay a,H_01_a,55.67264,-133.378,High,2017,8/18/2013,20170819,Outside,5,20,10,Muddy Sand,Cobble,3,8,"Ashley Bolwerk, Nicole LaRoche",
Salt Lake Bay a,H_01_a,55.67264,-133.378,High,2017,8/18/2013,20170819,Outside,6,20,5,Muddy Sand,Muddy Sand,3,3,"Ashley Bolwerk, Nicole LaRoche",
Salt Lake Bay a,H_01_a,55.67264,-133.378,High,2017,8/18/2013,20170819,Outside,7,20,10,Muddy Sand,Muddy Sand,3,3,"Ashley Bolwerk, Nicole LaRoche",
Salt Lake Bay a,H_01_a,55.67264,-133.378,High,2017,8/18/2013,20170819,Outside,8,20,25,Sandy Mud,Mud,2,1,"Ashley Bolwerk, Nicole LaRoche",
Salt Lake Bay a,H_01_a,55.67264,-133.378,High,2017,8/18/2013,20170819,Outside,9,20,30,Sandy Mud,Mud,2,1,"Ashley Bolwerk, Nicole LaRoche",
Salt Lake Bay a,H_01_a,55.67264,-133.378,High,2017,8/18/2013,20170819,Outside,10,20,5,Sandy Mud,Mud,2,1,"Ashley Bolwerk, Nicole LaRoche",
Nossuk Bay a,H_02_a,55.7073,-133.342,High,2017,8/21/2013,20170822,Edge,1,20,0,Mud,Mud,1,1,"Ashley Bolwerk, Nicole LaRoche",
Nossuk Bay a,H_02_a,55.7073,-133.342,High,2017,8/21/2013,20170822,Edge,2,20,1,Mud,Mud,1,1,"Ashley Bolwerk, Nicole LaRoche",
Nossuk Bay a,H_02_a,55.7073,-133.342,High,2017,8/21/2013,20170822,Edge,3,20,1,Mud,Mud,1,1,"Ashley Bolwerk, Nicole LaRoche",
Nossuk Bay a,H_02_a,55.7073,-133.342,High,2017,8/21/2013,20170822,Edge,4,20,3,Sandy Mud,Coarse Sand,2,5,"Ashley Bolwerk, Nicole LaRoche",
Nossuk Bay a,H_02_a,55.7073,-133.342,High,2017,8/21/2013,20170822,Edge,5,20,4,Sandy Mud,Coarse Sand,2,5,"Ashley Bolwerk, Nicole LaRoche",
Nossuk Bay a,H_02_a,55.7073,-133.342,High,2017,8/21/2013,20170822,Edge,6,20,2,Sandy Mud,Mud,2,1,"Ashley Bolwerk, Nicole LaRoche",
Nossuk Bay a,H_02_a,55.7073,-133.342,High,2017,8/21/2013,20170822,Edge,7,20,3,Sandy Mud,Mud,2,1,"Ashley Bolwerk, Nicole LaRoche",
Nossuk Bay a,H_02_a,55.7073,-133.342,High,2017,8/21/2013,20170822,Edge,8,20,2,Mud,Mud,1,1,"Ashley Bolwerk, Nicole LaRoche",
Nossuk Bay a,H_02_a,55.7073,-133.342,High,2017,8/21/2013,20170822,Edge,9,20,0,Mud,Mud,1,1,"Ashley Bolwerk, Nicole LaRoche",
Nossuk Bay a,H_02_a,55.7073,-133.342,High,2017,8/21/2013,20170822,Edge,10,20,0,Mud,Mud,1,1,"Ashley Bolwerk, Nicole LaRoche",
Nossuk Bay a,H_02_a,55.7073,-133.342,High,2017,8/21/2013,20170822,Inside,1,20,0,Mud,Mud,1,1,"Ashley Bolwerk, Nicole LaRoche",
Nossuk Bay a,H_02_a,55.7073,-133.342,High,2017,8/21/2013,20170822,Inside,2,20,0,Mud,Mud,1,1,"Ashley Bolwerk, Nicole LaRoche",
Nossuk Bay a,H_02_a,55.7073,-133.342,High,2017,8/21/2013,20170822,Inside,3,20,0,Mud,Mud,1,1,"Ashley Bolwerk, Nicole LaRoche",
Nossuk Bay a,H_02_a,55.7073,-133.342,High,2017,8/21/2013,20170822,Inside,4,20,1,Sandy Mud,Mud,2,1,"Ashley Bolwerk, Nicole LaRoche",
Nossuk Bay a,H_02_a,55.7073,-133.342,High,2017,8/21/2013,20170822,Inside,5,20,2,Sandy Mud,Gravel,2,7,"Ashley Bolwerk, Nicole LaRoche",
Nossuk Bay a,H_02_a,55.7073,-133.342,High,2017,8/21/2013,20170822,Inside,6,20,1,Sandy Mud,Mud,2,1,"Ashley Bolwerk, Nicole LaRoche",
Nossuk Bay a,H_02_a,55.7073,-133.342,High,2017,8/21/2013,20170822,Inside,7,20,0,Mud,Mud,1,1,"Ashley Bolwerk, Nicole LaRoche",
Nossuk Bay a,H_02_a,55.7073,-133.342,High,2017,8/21/2013,20170822,Inside,8,20,0,Mud,Mud,1,1,"Ashley Bolwerk, Nicole LaRoche",
Nossuk Bay a,H_02_a,55.7073,-133.342,High,2017,8/21/2013,20170822,Inside,9,20,0,Mud,Mud,1,1,"Ashley Bolwerk, Nicole LaRoche",
Nossuk Bay a,H_02_a,55.7073,-133.342,High,2017,8/21/2013,20170822,Inside,10,20,0,Mud,Mud,1,1,"Ashley Bolwerk, Nicole LaRoche",
Nossuk Bay a,H_02_a,55.7073,-133.342,High,2017,8/21/2013,20170822,Outside,1,20,0,Mud,Mud,1,1,"Ashley Bolwerk, Nicole LaRoche",
Nossuk Bay a,H_02_a,55.7073,-133.342,High,2017,8/21/2013,20170822,Outside,2,20,0,Mud,Mud,1,1,"Ashley Bolwerk, Nicole LaRoche",
Nossuk Bay a,H_02_a,55.7073,-133.342,High,2017,8/21/2013,20170822,Outside,3,20,0,Mud,Sandy mud,1,2,"Ashley Bolwerk, Nicole LaRoche",
Nossuk Bay a,H_02_a,55.7073,-133.342,High,2017,8/21/2013,20170822,Outside,4,20,0,Mud,Sandy mud,1,2,"Ashley Bolwerk, Nicole LaRoche",
Nossuk Bay a,H_02_a,55.7073,-133.342,High,2017,8/21/2013,20170822,Outside,5,20,0,Mud,Sandy mud,1,2,"Ashley Bolwerk, Nicole LaRoche",
Nossuk Bay a,H_02_a,55.7073,-133.342,High,2017,8/21/2013,20170822,Outside,6,20,1,Muddy Sand,Coarse Sand,3,5,"Ashley Bolwerk, Nicole LaRoche",
Nossuk Bay a,H_02_a,55.7073,-133.342,High,2017,8/21/2013,20170822,Outside,7,20,1,Muddy Sand,Sand,3,4,"Ashley Bolwerk, Nicole LaRoche",
Nossuk Bay a,H_02_a,55.7073,-133.342,High,2017,8/21/2013,20170822,Outside,8,20,0,Coarse Sand,Sand,5,4,"Ashley Bolwerk, Nicole LaRoche",
Nossuk Bay a,H_02_a,55.7073,-133.342,High,2017,8/21/2013,20170822,Outside,9,20,0,Muddy Sand,Coarse Sand,3,5,"Ashley Bolwerk, Nicole LaRoche",
Nossuk Bay a,H_02_a,55.7073,-133.342,High,2017,8/21/2013,20170822,Outside,10,20,1,Muddy Sand,Coarse Sand,3,5,"Ashley Bolwerk, Nicole LaRoche",
Chusini Cove a,H_03_a,55.80692,-133.171,High,2017,8/20/2013,20170821,Edge,1,20,1,Mud,Mud,1,1,"Ashley Bolwerk, Nicole LaRoche",
Chusini Cove a,H_03_a,55.80692,-133.171,High,2017,8/20/2013,20170821,Edge,2,20,0,Mud,Mud,1,1,"Ashley Bolwerk, Nicole LaRoche",
Chusini Cove a,H_03_a,55.80692,-133.171,High,2017,8/20/2013,20170821,Edge,3,20,1,Mud,Mud,1,1,"Ashley Bolwerk, Nicole LaRoche",
Chusini Cove a,H_03_a,55.80692,-133.171,High,2017,8/20/2013,20170821,Edge,4,20,1,Mud,Mud,1,1,"Ashley Bolwerk, Nicole LaRoche",
Chusini Cove a,H_03_a,55.80692,-133.171,High,2017,8/20/2013,20170821,Edge,5,20,0,Mud,Mud,1,1,"Ashley Bolwerk, Nicole LaRoche",
Chusini Cove a,H_03_a,55.80692,-133.171,High,2017,8/20/2013,20170821,Edge,6,20,0,Mud,Mud,1,1,"Ashley Bolwerk, Nicole LaRoche",
Chusini Cove a,H_03_a,55.80692,-133.171,High,2017,8/20/2013,20170821,Edge,7,20,0,Mud,Mud,1,1,"Ashley Bolwerk, Nicole LaRoche",
Chusini Cove a,H_03_a,55.80692,-133.171,High,2017,8/20/2013,20170821,Edge,8,20,0,Mud,Mud,1,1,"Ashley Bolwerk, Nicole LaRoche",
Chusini Cove a,H_03_a,55.80692,-133.171,High,2017,8/20/2013,20170821,Edge,9,20,0,Mud,Mud,1,1,"Ashley Bolwerk, Nicole LaRoche",
Chusini Cove a,H_03_a,55.80692,-133.171,High,2017,8/20/2013,20170821,Edge,10,20,0,Mud,Mud,1,1,"Ashley Bolwerk, Nicole LaRoche",
Chusini Cove a,H_03_a,55.80692,-133.171,High,2017,8/20/2013,20170821,Inside,1,20,0,Mud,Mud,1,1,"Ashley Bolwerk, Nicole LaRoche",
Chusini Cove a,H_03_a,55.80692,-133.171,High,2017,8/20/2013,20170821,Inside,2,20,0,Mud,Mud,1,1,"Ashley Bolwerk, Nicole LaRoche",
Chusini Cove a,H_03_a,55.80692,-133.171,High,2017,8/20/2013,20170821,Inside,3,20,0,Mud,Mud,1,1,"Ashley Bolwerk, Nicole LaRoche",
Chusini Cove a,H_03_a,55.80692,-133.171,High,2017,8/20/2013,20170821,Inside,4,20,0,Mud,Mud,1,1,"Ashley Bolwerk, Nicole LaRoche",
Chusini Cove a,H_03_a,55.80692,-133.171,High,2017,8/20/2013,20170821,Inside,5,20,0,Mud,Mud,1,1,"Ashley Bolwerk, Nicole LaRoche",
Chusini Cove a,H_03_a,55.80692,-133.171,High,2017,8/20/2013,20170821,Inside,6,20,0,Mud,Mud,1,1,"Ashley Bolwerk, Nicole LaRoche",
Chusini Cove a,H_03_a,55.80692,-133.171,High,2017,8/20/2013,20170821,Inside,7,20,0,Mud,Mud,1,1,"Ashley Bolwerk, Nicole LaRoche",
Chusini Cove a,H_03_a,55.80692,-133.171,High,2017,8/20/2013,20170821,Inside,8,20,0,Mud,Mud,1,1,"Ashley Bolwerk, Nicole LaRoche",
Chusini Cove a,H_03_a,55.80692,-133.171,High,2017,8/20/2013,20170821,Inside,9,20,0,Mud,Mud,1,1,"Ashley Bolwerk, Nicole LaRoche",
Chusini Cove a,H_03_a,55.80692,-133.171,High,2017,8/20/2013,20170821,Inside,10,20,0,Mud,Mud,1,1,"Ashley Bolwerk, Nicole LaRoche",
Chusini Cove a,H_03_a,55.80692,-133.171,High,2017,8/20/2013,20170821,Outside,1,20,0,Gravel,Mud,7,1,"Ashley Bolwerk, Nicole LaRoche",
Chusini Cove a,H_03_a,55.80692,-133.171,High,2017,8/20/2013,20170821,Outside,2,20,0,Gravel,Mud,7,1,"Ashley Bolwerk, Nicole LaRoche",
Chusini Cove a,H_03_a,55.80692,-133.171,High,2017,8/20/2013,20170821,Outside,3,20,0,Gravel,Mud,7,1,"Ashley Bolwerk, Nicole LaRoche",
Chusini Cove a,H_03_a,55.80692,-133.171,High,2017,8/20/2013,20170821,Outside,4,20,0,Gravel,Mud,7,1,"Ashley Bolwerk, Nicole LaRoche",
Chusini Cove a,H_03_a,55.80692,-133.171,High,2017,8/20/2013,20170821,Outside,5,20,0,Gravel,Mud,7,1,"Ashley Bolwerk, Nicole LaRoche",
Chusini Cove a,H_03_a,55.80692,-133.171,High,2017,8/20/2013,20170821,Outside,6,20,0,Gravel,Mud,7,1,"Ashley Bolwerk, Nicole LaRoche",
Chusini Cove a,H_03_a,55.80692,-133.171,High,2017,8/20/2013,20170821,Outside,7,20,0,Gravel,Mud,7,1,"Ashley Bolwerk, Nicole LaRoche",
Chusini Cove a,H_03_a,55.80692,-133.171,High,2017,8/20/2013,20170821,Outside,8,20,0,Mud,Mud,1,1,"Ashley Bolwerk, Nicole LaRoche",
Chusini Cove a,H_03_a,55.80692,-133.171,High,2017,8/20/2013,20170821,Outside,9,20,0,Gravel,Mud,7,1,"Ashley Bolwerk, Nicole LaRoche",
Chusini Cove a,H_03_a,55.80692,-133.171,High,2017,8/20/2013,20170821,Outside,10,20,0,Gravel,Mud,7,1,"Ashley Bolwerk, Nicole LaRoche",
Kaguk Cove a,H_04_a,55.73361,-133.29,High,2017,7/7/13,20170707,Edge,1,20,0,Sandy mud,Mud,2,1,Tiff Stephens,
Kaguk Cove a,H_04_a,55.73361,-133.29,High,2017,7/7/13,20170707,Edge,2,20,0,Sandy mud,Mud,2,1,Tiff Stephens,
Kaguk Cove a,H_04_a,55.73361,-133.29,High,2017,7/7/13,20170707,Edge,3,20,6,Sand,Pebble,4,6,Tiff Stephens,
Kaguk Cove a,H_04_a,55.73361,-133.29,High,2017,7/7/13,20170707,Edge,4,20,9,Sandy mud,Sand,2,4,Tiff Stephens,
Kaguk Cove a,H_04_a,55.73361,-133.29,High,2017,7/7/13,20170707,Edge,5,20,0,Sandy mud,Muddy sand,2,3,Tiff Stephens,
Kaguk Cove a,H_04_a,55.73361,-133.29,High,2017,7/7/13,20170707,Edge,6,20,1,Sandy mud,Cobble,2,8,Tiff Stephens,
Kaguk Cove a,H_04_a,55.73361,-133.29,High,2017,7/7/13,20170707,Edge,7,20,1,Sandy mud,Cobble,2,8,Tiff Stephens,
Kaguk Cove a,H_04_a,55.73361,-133.29,High,2017,7/7/13,20170707,Edge,8,20,2,Sandy mud,Sandy mud,2,2,Tiff Stephens,
Kaguk Cove a,H_04_a,55.73361,-133.29,High,2017,7/7/13,20170707,Edge,9,20,4,Sandy mud,Sandy mud,2,2,Tiff Stephens,
Kaguk Cove a,H_04_a,55.73361,-133.29,High,2017,7/7/13,20170707,Edge,10,20,2,Sandy mud,Sandy mud,2,2,Tiff Stephens,
Kaguk Cove a,H_04_a,55.73361,-133.29,High,2017,7/7/13,20170707,Inside,1,20,0,Sandy mud,Sandy mud,2,2,Tiff Stephens,
Kaguk Cove a,H_04_a,55.73361,-133.29,High,2017,7/7/13,20170707,Inside,2,20,0,Sandy mud,Sandy mud,2,2,Tiff Stephens,
Kaguk Cove a,H_04_a,55.73361,-133.29,High,2017,7/7/13,20170707,Inside,3,20,1,Mud,Mud,1,1,Tiff Stephens,
Kaguk Cove a,H_04_a,55.73361,-133.29,High,2017,7/7/13,20170707,Inside,4,20,1,Mud,Mud,1,1,Tiff Stephens,
Kaguk Cove a,H_04_a,55.73361,-133.29,High,2017,7/7/13,20170707,Inside,5,20,0,Mud,Mud,1,1,Tiff Stephens,
Kaguk Cove a,H_04_a,55.73361,-133.29,High,2017,7/7/13,20170707,Inside,6,20,0,Mud,Mud,1,1,Tiff Stephens,
Kaguk Cove a,H_04_a,55.73361,-133.29,High,2017,7/7/13,20170707,Inside,7,20,0,Mud,Mud,1,1,Tiff Stephens,
Kaguk Cove a,H_04_a,55.73361,-133.29,High,2017,7/7/13,20170707,Inside,8,20,0,Mud,Mud,1,1,Tiff Stephens,
Kaguk Cove a,H_04_a,55.73361,-133.29,High,2017,7/7/13,20170707,Inside,9,20,0,Mud,Mud,1,1,Tiff Stephens,
Kaguk Cove a,H_04_a,55.73361,-133.29,High,2017,7/7/13,20170707,Inside,10,20,0,Mud,Mud,1,1,Tiff Stephens,
Kaguk Cove a,H_04_a,55.73361,-133.29,High,2017,7/7/13,20170707,Outside,1,20,0,Mud,Sandy mud,1,2,Tiff Stephens,
Kaguk Cove a,H_04_a,55.73361,-133.29,High,2017,7/7/13,20170707,Outside,2,20,0,Mud,Sandy mud,1,2,Tiff Stephens,
Kaguk Cove a,H_04_a,55.73361,-133.29,High,2017,7/7/13,20170707,Outside,3,20,8,Sand,Sand,4,4,Tiff Stephens,
Kaguk Cove a,H_04_a,55.73361,-133.29,High,2017,7/7/13,20170707,Outside,4,20,9,Sand,Pebble,4,6,Tiff Stephens,
Kaguk Cove a,H_04_a,55.73361,-133.29,High,2017,7/7/13,20170707,Outside,5,20,3,Sand,Pebble,4,6,Tiff Stephens,
Kaguk Cove a,H_04_a,55.73361,-133.29,High,2017,7/7/13,20170707,Outside,6,20,1,Sand,Cobble,4,8,Tiff Stephens,
Kaguk Cove a,H_04_a,55.73361,-133.29,High,2017,7/7/13,20170707,Outside,7,20,0,Sand,Cobble,4,8,Tiff Stephens,
Kaguk Cove a,H_04_a,55.73361,-133.29,High,2017,7/7/13,20170707,Outside,8,20,1,Muddy Sand,Cobble,3,8,Tiff Stephens,
Kaguk Cove a,H_04_a,55.73361,-133.29,High,2017,7/7/13,20170707,Outside,9,20,0,Muddy Sand,Cobble,3,8,Tiff Stephens,
Kaguk Cove a,H_04_a,55.73361,-133.29,High,2017,7/7/13,20170707,Outside,10,20,0,Muddy Sand,Sand,3,4,Tiff Stephens,
Naukati Bay a,H_05_a,55.862405,-133.190722,High,2017,7/24/2013,20170725,Edge,1,20,0,Sandy mud,Gravel,2,7,"Wendel Raymond, Cathy Mattson, Tiff Stephens",
Naukati Bay a,H_05_a,55.862405,-133.190722,High,2017,7/24/2013,20170725,Edge,2,20,0,Sandy mud,Gravel,2,7,"Wendel Raymond, Cathy Mattson, Tiff Stephens",
Naukati Bay a,H_05_a,55.862405,-133.190722,High,2017,7/24/2013,20170725,Edge,3,20,0,Sandy mud,Gravel,2,7,"Wendel Raymond, Cathy Mattson, Tiff Stephens",
Naukati Bay a,H_05_a,55.862405,-133.190722,High,2017,7/24/2013,20170725,Edge,4,20,0,Sandy mud,Gravel,2,7,"Wendel Raymond, Cathy Mattson, Tiff Stephens",
Naukati Bay a,H_05_a,55.862405,-133.190722,High,2017,7/24/2013,20170725,Edge,5,20,1,Sandy mud,Gravel,2,7,"Wendel Raymond, Cathy Mattson, Tiff Stephens",
Naukati Bay a,H_05_a,55.862405,-133.190722,High,2017,7/24/2013,20170725,Edge,6,20,0,Sandy mud,Gravel,2,7,"Wendel Raymond, Cathy Mattson, Tiff Stephens",
Naukati Bay a,H_05_a,55.862405,-133.190722,High,2017,7/24/2013,20170725,Edge,7,20,0,Sandy mud,Sandy mud,2,2,"Wendel Raymond, Cathy Mattson, Tiff Stephens",
Naukati Bay a,H_05_a,55.862405,-133.190722,High,2017,7/24/2013,20170725,Edge,8,20,0,Sandy mud,Sandy mud,2,2,"Wendel Raymond, Cathy Mattson, Tiff Stephens",
Naukati Bay a,H_05_a,55.862405,-133.190722,High,2017,7/24/2013,20170725,Edge,9,20,0,Sandy mud,Mud,2,1,"Wendel Raymond, Cathy Mattson, Tiff Stephens",
Naukati Bay a,H_05_a,55.862405,-133.190722,High,2017,7/24/2013,20170725,Edge,10,20,0,Sandy mud,Mud,2,1,"Wendel Raymond, Cathy Mattson, Tiff Stephens",
Naukati Bay a,H_05_a,55.862405,-133.190722,High,2017,7/24/2013,20170725,Inside,1,20,0,Mud,Mud,1,1,"Wendel Raymond, Cathy Mattson, Tiff Stephens",
Naukati Bay a,H_05_a,55.862405,-133.190722,High,2017,7/24/2013,20170725,Inside,2,20,0,Mud,Mud,1,1,"Wendel Raymond, Cathy Mattson, Tiff Stephens",
Naukati Bay a,H_05_a,55.862405,-133.190722,High,2017,7/24/2013,20170725,Inside,3,20,0,Mud,Mud,1,1,"Wendel Raymond, Cathy Mattson, Tiff Stephens",
Naukati Bay a,H_05_a,55.862405,-133.190722,High,2017,7/24/2013,20170725,Inside,4,20,0,Mud,Mud,1,1,"Wendel Raymond, Cathy Mattson, Tiff Stephens",
Naukati Bay a,H_05_a,55.862405,-133.190722,High,2017,7/24/2013,20170725,Inside,5,20,0,Mud,Mud,1,1,"Wendel Raymond, Cathy Mattson, Tiff Stephens",
Naukati Bay a,H_05_a,55.862405,-133.190722,High,2017,7/24/2013,20170725,Inside,6,20,0,Mud,Mud,1,1,"Wendel Raymond, Cathy Mattson, Tiff Stephens",
Naukati Bay a,H_05_a,55.862405,-133.190722,High,2017,7/24/2013,20170725,Inside,7,20,0,Mud,Mud,1,1,"Wendel Raymond, Cathy Mattson, Tiff Stephens",
Naukati Bay a,H_05_a,55.862405,-133.190722,High,2017,7/24/2013,20170725,Inside,8,20,1,Mud,Mud,1,1,"Wendel Raymond, Cathy Mattson, Tiff Stephens",
Naukati Bay a,H_05_a,55.862405,-133.190722,High,2017,7/24/2013,20170725,Inside,9,20,0,Mud,Mud,1,1,"Wendel Raymond, Cathy Mattson, Tiff Stephens",
Naukati Bay a,H_05_a,55.862405,-133.190722,High,2017,7/24/2013,20170725,Inside,10,20,0,Mud,Mud,1,1,"Wendel Raymond, Cathy Mattson, Tiff Stephens",
Naukati Bay a,H_05_a,55.862405,-133.190722,High,2017,7/24/2013,20170725,Outside,1,20,3,Sand,Gravel,4,7,"Wendel Raymond, Cathy Mattson, Tiff Stephens",
Naukati Bay a,H_05_a,55.862405,-133.190722,High,2017,7/24/2013,20170725,Outside,2,20,6,Sand,Gravel,4,7,"Wendel Raymond, Cathy Mattson, Tiff Stephens",
Naukati Bay a,H_05_a,55.862405,-133.190722,High,2017,7/24/2013,20170725,Outside,3,20,7,Sand,Gravel,4,7,"Wendel Raymond, Cathy Mattson, Tiff Stephens",
Naukati Bay a,H_05_a,55.862405,-133.190722,High,2017,7/24/2013,20170725,Outside,4,20,7,Sand,Gravel,4,7,"Wendel Raymond, Cathy Mattson, Tiff Stephens",
Naukati Bay a,H_05_a,55.862405,-133.190722,High,2017,7/24/2013,20170725,Outside,5,20,6,Coarse Sand,Gravel,5,7,"Wendel Raymond, Cathy Mattson, Tiff Stephens",
Naukati Bay a,H_05_a,55.862405,-133.190722,High,2017,7/24/2013,20170725,Outside,6,20,5,Coarse Sand,Gravel,5,7,"Wendel Raymond, Cathy Mattson, Tiff Stephens",
Naukati Bay a,H_05_a,55.862405,-133.190722,High,2017,7/24/2013,20170725,Outside,7,20,3,Coarse Sand,Gravel,5,7,"Wendel Raymond, Cathy Mattson, Tiff Stephens",
Naukati Bay a,H_05_a,55.862405,-133.190722,High,2017,7/24/2013,20170725,Outside,8,20,14,Coarse Sand,Gravel,5,7,"Wendel Raymond, Cathy Mattson, Tiff Stephens",
Naukati Bay a,H_05_a,55.862405,-133.190722,High,2017,7/24/2013,20170725,Outside,9,20,25,Coarse Sand,Gravel,5,7,"Wendel Raymond, Cathy Mattson, Tiff Stephens",
Naukati Bay a,H_05_a,55.862405,-133.190722,High,2017,7/24/2013,20170725,Outside,10,20,5,Gravel,Sand,7,4,"Wendel Raymond, Cathy Mattson, Tiff Stephens",
Guktu Cove a,H_06_a,55.739816,-133.31202,High,2017,7/23/2013,20170724,Edge,1,20,15,Muddy Sand,Pebble,3,6,"Tiff Stephens, Wendel Raymond, Cathy Mattson",
Guktu Cove a,H_06_a,55.739816,-133.31202,High,2017,7/23/2013,20170724,Edge,2,20,8,Sandy mud,Sand,2,4,"Tiff Stephens, Wendel Raymond, Cathy Mattson",
Guktu Cove a,H_06_a,55.739816,-133.31202,High,2017,7/23/2013,20170724,Edge,3,20,7,Sandy mud,Sand,2,4,"Tiff Stephens, Wendel Raymond, Cathy Mattson",
Guktu Cove a,H_06_a,55.739816,-133.31202,High,2017,7/23/2013,20170724,Edge,4,20,9,Mud,Sandy mud,1,2,"Tiff Stephens, Wendel Raymond, Cathy Mattson",
Guktu Cove a,H_06_a,55.739816,-133.31202,High,2017,7/23/2013,20170724,Edge,5,20,12,Mud,Mud,1,1,"Tiff Stephens, Wendel Raymond, Cathy Mattson",
Guktu Cove a,H_06_a,55.739816,-133.31202,High,2017,7/23/2013,20170724,Edge,6,20,9,Mud,Mud,1,1,"Tiff Stephens, Wendel Raymond, Cathy Mattson",
Guktu Cove a,H_06_a,55.739816,-133.31202,High,2017,7/23/2013,20170724,Edge,7,20,15,Mud,Mud,1,1,"Tiff Stephens, Wendel Raymond, Cathy Mattson",
Guktu Cove a,H_06_a,55.739816,-133.31202,High,2017,7/23/2013,20170724,Edge,8,20,5,Mud,Mud,1,1,"Tiff Stephens, Wendel Raymond, Cathy Mattson",
Guktu Cove a,H_06_a,55.739816,-133.31202,High,2017,7/23/2013,20170724,Edge,9,20,10,Mud,Mud,1,1,"Tiff Stephens, Wendel Raymond, Cathy Mattson",
Guktu Cove a,H_06_a,55.739816,-133.31202,High,2017,7/23/2013,20170724,Edge,10,20,6,Mud,Mud,1,1,"Tiff Stephens, Wendel Raymond, Cathy Mattson",
Guktu Cove a,H_06_a,55.739816,-133.31202,High,2017,7/23/2013,20170724,Inside,1,20,5,Muddy Sand,Mud,3,1,"Tiff Stephens, Wendel Raymond, Cathy Mattson",
Guktu Cove a,H_06_a,55.739816,-133.31202,High,2017,7/23/2013,20170724,Inside,2,20,5,Mud,Mud,1,1,"Tiff Stephens, Wendel Raymond, Cathy Mattson",
Guktu Cove a,H_06_a,55.739816,-133.31202,High,2017,7/23/2013,20170724,Inside,3,20,3,Mud,Mud,1,1,"Tiff Stephens, Wendel Raymond, Cathy Mattson",
Guktu Cove a,H_06_a,55.739816,-133.31202,High,2017,7/23/2013,20170724,Inside,4,20,3,Mud,Mud,1,1,"Tiff Stephens, Wendel Raymond, Cathy Mattson",
Guktu Cove a,H_06_a,55.739816,-133.31202,High,2017,7/23/2013,20170724,Inside,5,20,6,Mud,Mud,1,1,"Tiff Stephens, Wendel Raymond, Cathy Mattson",
Guktu Cove a,H_06_a,55.739816,-133.31202,High,2017,7/23/2013,20170724,Inside,6,20,4,Mud,Mud,1,1,"Tiff Stephens, Wendel Raymond, Cathy Mattson",
Guktu Cove a,H_06_a,55.739816,-133.31202,High,2017,7/23/2013,20170724,Inside,7,20,2,Mud,Mud,1,1,"Tiff Stephens, Wendel Raymond, Cathy Mattson",
Guktu Cove a,H_06_a,55.739816,-133.31202,High,2017,7/23/2013,20170724,Inside,8,20,9,Mud,Mud,1,1,"Tiff Stephens, Wendel Raymond, Cathy Mattson",
Guktu Cove a,H_06_a,55.739816,-133.31202,High,2017,7/23/2013,20170724,Inside,9,20,2,Mud,Mud,1,1,"Tiff Stephens, Wendel Raymond, Cathy Mattson",
Guktu Cove a,H_06_a,55.739816,-133.31202,High,2017,7/23/2013,20170724,Inside,10,20,7,Mud,Mud,1,1,"Tiff Stephens, Wendel Raymond, Cathy Mattson",
Guktu Cove a,H_06_a,55.739816,-133.31202,High,2017,7/23/2013,20170724,Outside,1,20,4,Muddy Sand,Mud,3,1,"Tiff Stephens, Wendel Raymond, Cathy Mattson",
Guktu Cove a,H_06_a,55.739816,-133.31202,High,2017,7/23/2013,20170724,Outside,2,20,15,Pebble,Sand,6,4,"Tiff Stephens, Wendel Raymond, Cathy Mattson",
Guktu Cove a,H_06_a,55.739816,-133.31202,High,2017,7/23/2013,20170724,Outside,3,20,14,Muddy Sand,Pebble,3,6,"Tiff Stephens, Wendel Raymond, Cathy Mattson",
Guktu Cove a,H_06_a,55.739816,-133.31202,High,2017,7/23/2013,20170724,Outside,4,20,22,Muddy Sand,Pebble,3,6,"Tiff Stephens, Wendel Raymond, Cathy Mattson",
Guktu Cove a,H_06_a,55.739816,-133.31202,High,2017,7/23/2013,20170724,Outside,5,20,19,Mud,Cobble,1,8,"Tiff Stephens, Wendel Raymond, Cathy Mattson",
Guktu Cove a,H_06_a,55.739816,-133.31202,High,2017,7/23/2013,20170724,Outside,6,20,12,Mud,Gravel,1,7,"Tiff Stephens, Wendel Raymond, Cathy Mattson",
Guktu Cove a,H_06_a,55.739816,-133.31202,High,2017,7/23/2013,20170724,Outside,7,20,7,Mud,Mud,1,1,"Tiff Stephens, Wendel Raymond, Cathy Mattson",
Guktu Cove a,H_06_a,55.739816,-133.31202,High,2017,7/23/2013,20170724,Outside,8,20,4,Mud,Mud,1,1,"Tiff Stephens, Wendel Raymond, Cathy Mattson",
Guktu Cove a,H_06_a,55.739816,-133.31202,High,2017,7/23/2013,20170724,Outside,9,20,2,Mud,Mud,1,1,"Tiff Stephens, Wendel Raymond, Cathy Mattson",
Guktu Cove a,H_06_a,55.739816,-133.31202,High,2017,7/23/2013,20170724,Outside,10,20,3,Mud,Sandy mud,1,2,"Tiff Stephens, Wendel Raymond, Cathy Mattson",
Blanquizal Bay a,H_07_a,55.62082,-133.38664,High,2017,8/19/2013,20170820,Edge,1,20,3,Sandy Mud,Cobble,2,8,"Tiff Stephens, Earthwatch",
Blanquizal Bay a,H_07_a,55.62082,-133.38664,High,2017,8/19/2013,20170820,Edge,2,20,6,Muddy Sand,Cobble,3,8,"Tiff Stephens, Earthwatch",
Blanquizal Bay a,H_07_a,55.62082,-133.38664,High,2017,8/19/2013,20170820,Edge,3,20,8,Muddy Sand,Cobble,3,8,"Tiff Stephens, Earthwatch",
Blanquizal Bay a,H_07_a,55.62082,-133.38664,High,2017,8/19/2013,20170820,Edge,4,20,10,Muddy Sand,Gravel,3,7,"Tiff Stephens, Earthwatch",
Blanquizal Bay a,H_07_a,55.62082,-133.38664,High,2017,8/19/2013,20170820,Edge,5,20,10,Muddy Sand,Gravel,3,7,"Tiff Stephens, Earthwatch",
Blanquizal Bay a,H_07_a,55.62082,-133.38664,High,2017,8/19/2013,20170820,Edge,6,20,6,Muddy Sand,Gravel,3,7,"Tiff Stephens, Earthwatch",
Blanquizal Bay a,H_07_a,55.62082,-133.38664,High,2017,8/19/2013,20170820,Edge,7,20,4,Muddy Sand,Gravel,3,7,"Tiff Stephens, Earthwatch",
Blanquizal Bay a,H_07_a,55.62082,-133.38664,High,2017,8/19/2013,20170820,Edge,8,20,9,Muddy Sand,Gravel,3,7,"Tiff Stephens, Earthwatch",
Blanquizal Bay a,H_07_a,55.62082,-133.38664,High,2017,8/19/2013,20170820,Edge,9,20,14,Muddy Sand,Gravel,3,7,"Tiff Stephens, Earthwatch",
Blanquizal Bay a,H_07_a,55.62082,-133.38664,High,2017,8/19/2013,20170820,Edge,10,20,15,Sand,Gravel,4,7,"Tiff Stephens, Earthwatch",
Blanquizal Bay a,H_07_a,55.62082,-133.38664,High,2017,8/19/2013,20170820,Inside,1,20,0,Muddy Sand,Muddy Sand,3,3,"Tiff Stephens, Earthwatch",
Blanquizal Bay a,H_07_a,55.62082,-133.38664,High,2017,8/19/2013,20170820,Inside,2,20,2,Muddy Sand,Muddy Sand,3,3,"Tiff Stephens, Earthwatch",
Blanquizal Bay a,H_07_a,55.62082,-133.38664,High,2017,8/19/2013,20170820,Inside,3,20,1,Muddy Sand,Muddy Sand,3,3,"Tiff Stephens, Earthwatch",
Blanquizal Bay a,H_07_a,55.62082,-133.38664,High,2017,8/19/2013,20170820,Inside,4,20,0,Sand,Muddy Sand,4,3,"Tiff Stephens, Earthwatch",
Blanquizal Bay a,H_07_a,55.62082,-133.38664,High,2017,8/19/2013,20170820,Inside,5,20,0,Muddy Sand,Muddy Sand,3,3,"Tiff Stephens, Earthwatch",
Blanquizal Bay a,H_07_a,55.62082,-133.38664,High,2017,8/19/2013,20170820,Inside,6,20,0,Muddy Sand,Sand,3,4,"Tiff Stephens, Earthwatch",
Blanquizal Bay a,H_07_a,55.62082,-133.38664,High,2017,8/19/2013,20170820,Inside,7,20,0,Muddy Sand,Muddy Sand,3,3,"Tiff Stephens, Earthwatch",
Blanquizal Bay a,H_07_a,55.62082,-133.38664,High,2017,8/19/2013,20170820,Inside,8,20,2,Muddy Sand,Muddy Sand,3,3,"Tiff Stephens, Earthwatch",
Blanquizal Bay a,H_07_a,55.62082,-133.38664,High,2017,8/19/2013,20170820,Inside,9,20,0,Muddy Sand,Sand,3,4,"Tiff Stephens, Earthwatch",
Blanquizal Bay a,H_07_a,55.62082,-133.38664,High,2017,8/19/2013,20170820,Inside,10,20,6,Sandy Mud,Cobble,3,8,"Tiff Stephens, Earthwatch",
Blanquizal Bay a,H_07_a,55.62082,-133.38664,High,2017,8/19/2013,20170820,Outside,1,20,6,Muddy Sand,Boulder,3,9,"Tiff Stephens, Earthwatch",
Blanquizal Bay a,H_07_a,55.62082,-133.38664,High,2017,8/19/2013,20170820,Outside,2,20,2,Muddy Sand,Cobble,3,8,"Tiff Stephens, Earthwatch",
Blanquizal Bay a,H_07_a,55.62082,-133.38664,High,2017,8/19/2013,20170820,Outside,3,20,1,Muddy Sand,Cobble,3,8,"Tiff Stephens, Earthwatch",
Blanquizal Bay a,H_07_a,55.62082,-133.38664,High,2017,8/19/2013,20170820,Outside,4,20,2,Sand,Gravel,4,7,"Tiff Stephens, Earthwatch",
Blanquizal Bay a,H_07_a,55.62082,-133.38664,High,2017,8/19/2013,20170820,Outside,5,20,2,Muddy Sand,Gravel,3,7,"Tiff Stephens, Earthwatch",
Blanquizal Bay a,H_07_a,55.62082,-133.38664,High,2017,8/19/2013,20170820,Outside,6,20,8,Muddy Sand,Gravel,3,7,"Tiff Stephens, Earthwatch",
Blanquizal Bay a,H_07_a,55.62082,-133.38664,High,2017,8/19/2013,20170820,Outside,7,20,2,Muddy Sand,Gravel,3,7,"Tiff Stephens, Earthwatch",
Blanquizal Bay a,H_07_a,55.62082,-133.38664,High,2017,8/19/2013,20170820,Outside,8,20,2,Sand,Gravel,4,7,"Tiff Stephens, Earthwatch",
Blanquizal Bay a,H_07_a,55.62082,-133.38664,High,2017,8/19/2013,20170820,Outside,9,20,4,Sand,Gravel,4,7,"Tiff Stephens, Earthwatch",
Blanquizal Bay a,H_07_a,55.62082,-133.38664,High,2017,8/19/2013,20170820,Outside,10,20,3,Sand,Gravel,4,7,"Tiff Stephens, Earthwatch",
Soda Bay a,L_01_a,55.26366,-132.995,Low,2017,7/8/13,20170709,Edge,1,20,0,Sand,Gravel,4,7,Wendel Raymond,
Soda Bay a,L_01_a,55.26366,-132.995,Low,2017,7/8/13,20170709,Edge,2,20,0,Sand,Gravel,4,7,Wendel Raymond,
Soda Bay a,L_01_a,55.26366,-132.995,Low,2017,7/8/13,20170709,Edge,3,20,0,Sand,Gravel,4,7,Wendel Raymond,
Soda Bay a,L_01_a,55.26366,-132.995,Low,2017,7/8/13,20170709,Edge,4,20,0,Sand,Sand,4,4,Wendel Raymond,
Soda Bay a,L_01_a,55.26366,-132.995,Low,2017,7/8/13,20170709,Edge,5,20,0,Sand,Gravel,4,7,Wendel Raymond,
Soda Bay a,L_01_a,55.26366,-132.995,Low,2017,7/8/13,20170709,Edge,6,20,0,Sand,Sand,4,4,Wendel Raymond,
Soda Bay a,L_01_a,55.26366,-132.995,Low,2017,7/8/13,20170709,Edge,7,20,0,Sand,Sand,4,4,Wendel Raymond,
Soda Bay a,L_01_a,55.26366,-132.995,Low,2017,7/8/13,20170709,Edge,8,20,0,Sand,Sand,4,4,Wendel Raymond,
Soda Bay a,L_01_a,55.26366,-132.995,Low,2017,7/8/13,20170709,Edge,9,20,0,Muddy Sand,Muddy Sand,3,3,Wendel Raymond,
Soda Bay a,L_01_a,55.26366,-132.995,Low,2017,7/8/13,20170709,Edge,10,20,0,Muddy Sand,Muddy Sand,3,3,Wendel Raymond,
Soda Bay a,L_01_a,55.26366,-132.995,Low,2017,7/8/13,20170709,Inside,1,20,0,Sandy mud,Sandy mud,2,2,Wendel Raymond,
Soda Bay a,L_01_a,55.26366,-132.995,Low,2017,7/8/13,20170709,Inside,2,20,0,Sandy mud,Sandy mud,2,2,Wendel Raymond,
Soda Bay a,L_01_a,55.26366,-132.995,Low,2017,7/8/13,20170709,Inside,3,20,0,Muddy Sand,Sandy mud,3,2,Wendel Raymond,
Soda Bay a,L_01_a,55.26366,-132.995,Low,2017,7/8/13,20170709,Inside,4,20,0,Muddy Sand,Sandy mud,3,2,Wendel Raymond,
Soda Bay a,L_01_a,55.26366,-132.995,Low,2017,7/8/13,20170709,Inside,5,20,0,Muddy Sand,Sandy mud,3,2,Wendel Raymond,
Soda Bay a,L_01_a,55.26366,-132.995,Low,2017,7/8/13,20170709,Inside,6,20,0,Muddy Sand,Sandy mud,3,2,Wendel Raymond,
Soda Bay a,L_01_a,55.26366,-132.995,Low,2017,7/8/13,20170709,Inside,7,20,0,Muddy Sand,Sandy mud,3,2,Wendel Raymond,
Soda Bay a,L_01_a,55.26366,-132.995,Low,2017,7/8/13,20170709,Inside,8,20,0,Muddy Sand,Muddy Sand,3,3,Wendel Raymond,
Soda Bay a,L_01_a,55.26366,-132.995,Low,2017,7/8/13,20170709,Inside,9,20,0,Muddy Sand,Muddy Sand,3,3,Wendel Raymond,
Soda Bay a,L_01_a,55.26366,-132.995,Low,2017,7/8/13,20170709,Inside,10,20,0,Sand,Sand,4,4,Wendel Raymond,
Soda Bay a,L_01_a,55.26366,-132.995,Low,2017,7/8/13,20170709,Outside,1,20,0,Sand,Gravel,4,7,Tiff Stephens,
Soda Bay a,L_01_a,55.26366,-132.995,Low,2017,7/8/13,20170709,Outside,2,20,0,Sand,Gravel,4,7,Tiff Stephens,
Soda Bay a,L_01_a,55.26366,-132.995,Low,2017,7/8/13,20170709,Outside,3,20,0,Sand,Gravel,4,7,Tiff Stephens,
Soda Bay a,L_01_a,55.26366,-132.995,Low,2017,7/8/13,20170709,Outside,4,20,0,Sand,Gravel,4,7,Tiff Stephens,
Soda Bay a,L_01_a,55.26366,-132.995,Low,2017,7/8/13,20170709,Outside,5,20,0,Sand,Gravel,4,7,Tiff Stephens,
Soda Bay a,L_01_a,55.26366,-132.995,Low,2017,7/8/13,20170709,Outside,6,20,0,Sand,Gravel,4,7,Tiff Stephens,
Soda Bay a,L_01_a,55.26366,-132.995,Low,2017,7/8/13,20170709,Outside,7,20,0,Sand,Gravel,4,7,Tiff Stephens,
Soda Bay a,L_01_a,55.26366,-132.995,Low,2017,7/8/13,20170709,Outside,8,20,0,Sand,Gravel,4,7,Tiff Stephens,
Soda Bay a,L_01_a,55.26366,-132.995,Low,2017,7/8/13,20170709,Outside,9,20,0,Sand,Sand,4,4,Tiff Stephens,
Soda Bay a,L_01_a,55.26366,-132.995,Low,2017,7/8/13,20170709,Outside,10,20,0,Sand,Sand,4,4,Tiff Stephens,
Goats Mouth Inlet a,L_02_a,-132.9,55.19286,Low,2017,7/14/2013,20170715,Edge,1,20,0,Sand,Gravel,4,7,"Tiff Stephens, Wendel Raymond",
Goats Mouth Inlet a,L_02_a,-132.9,55.19286,Low,2017,7/14/2013,20170715,Edge,2,20,0,Gravel,Sand,7,4,"Tiff Stephens, Wendel Raymond",
Goats Mouth Inlet a,L_02_a,-132.9,55.19286,Low,2017,7/14/2013,20170715,Edge,3,20,0,Sand,Gravel,4,7,"Tiff Stephens, Wendel Raymond",
Goats Mouth Inlet a,L_02_a,-132.9,55.19286,Low,2017,7/14/2013,20170715,Edge,4,20,0,Sand,Gravel,4,7,"Tiff Stephens, Wendel Raymond",
Goats Mouth Inlet a,L_02_a,-132.9,55.19286,Low,2017,7/14/2013,20170715,Edge,5,20,0,Sand,Pebble,4,6,"Tiff Stephens, Wendel Raymond",
Goats Mouth Inlet a,L_02_a,-132.9,55.19286,Low,2017,7/14/2013,20170715,Edge,6,20,0,Sand,Pebble,4,6,"Tiff Stephens, Wendel Raymond",
Goats Mouth Inlet a,L_02_a,-132.9,55.19286,Low,2017,7/14/2013,20170715,Edge,7,20,0,Sand,Pebble,4,6,"Tiff Stephens, Wendel Raymond",
Goats Mouth Inlet a,L_02_a,-132.9,55.19286,Low,2017,7/14/2013,20170715,Edge,8,20,0,Sand,Pebble,4,6,"Tiff Stephens, Wendel Raymond",
Goats Mouth Inlet a,L_02_a,-132.9,55.19286,Low,2017,7/14/2013,20170715,Edge,9,20,0,Pebble,Sand,6,4,"Tiff Stephens, Wendel Raymond",
Goats Mouth Inlet a,L_02_a,-132.9,55.19286,Low,2017,7/14/2013,20170715,Edge,10,20,0,Sand,Pebble,4,6,"Tiff Stephens, Wendel Raymond",
Goats Mouth Inlet a,L_02_a,-132.9,55.19286,Low,2017,7/14/2013,20170715,Inside,1,20,0,Sand,Gravel,4,7,"Tiff Stephens, Wendel Raymond",
Goats Mouth Inlet a,L_02_a,-132.9,55.19286,Low,2017,7/14/2013,20170715,Inside,2,20,0,Sand,Sand,4,4,"Tiff Stephens, Wendel Raymond",
Goats Mouth Inlet a,L_02_a,-132.9,55.19286,Low,2017,7/14/2013,20170715,Inside,3,20,0,Sand,Gravel,4,7,"Tiff Stephens, Wendel Raymond",
Goats Mouth Inlet a,L_02_a,-132.9,55.19286,Low,2017,7/14/2013,20170715,Inside,4,20,0,Sand,Gravel,4,7,"Tiff Stephens, Wendel Raymond",
Goats Mouth Inlet a,L_02_a,-132.9,55.19286,Low,2017,7/14/2013,20170715,Inside,5,20,0,Sand,Gravel,4,7,"Tiff Stephens, Wendel Raymond",
Goats Mouth Inlet a,L_02_a,-132.9,55.19286,Low,2017,7/14/2013,20170715,Inside,6,20,0,Sand,Pebble,4,6,"Tiff Stephens, Wendel Raymond",
Goats Mouth Inlet a,L_02_a,-132.9,55.19286,Low,2017,7/14/2013,20170715,Inside,7,20,1,Sand,Pebble,4,6,"Tiff Stephens, Wendel Raymond",
Goats Mouth Inlet a,L_02_a,-132.9,55.19286,Low,2017,7/14/2013,20170715,Inside,8,20,0,Sand,Sand,4,4,"Tiff Stephens, Wendel Raymond",
Goats Mouth Inlet a,L_02_a,-132.9,55.19286,Low,2017,7/14/2013,20170715,Inside,9,20,0,Sand,Pebble,4,6,"Tiff Stephens, Wendel Raymond",
Goats Mouth Inlet a,L_02_a,-132.9,55.19286,Low,2017,7/14/2013,20170715,Inside,10,20,0,Sand,Sand,4,4,"Tiff Stephens, Wendel Raymond",
Goats Mouth Inlet a,L_02_a,-132.9,55.19286,Low,2017,7/14/2013,20170715,Outside,1,20,0,Gravel,Sand,7,4,"Tiff Stephens, Wendel Raymond",
Goats Mouth Inlet a,L_02_a,-132.9,55.19286,Low,2017,7/14/2013,20170715,Outside,2,20,0,Gravel,Sand,7,4,"Tiff Stephens, Wendel Raymond",
Goats Mouth Inlet a,L_02_a,-132.9,55.19286,Low,2017,7/14/2013,20170715,Outside,3,20,0,Sand,Gravel,4,7,"Tiff Stephens, Wendel Raymond",
Goats Mouth Inlet a,L_02_a,-132.9,55.19286,Low,2017,7/14/2013,20170715,Outside,4,20,1,Gravel,Sand,7,4,"Tiff Stephens, Wendel Raymond",
Goats Mouth Inlet a,L_02_a,-132.9,55.19286,Low,2017,7/14/2013,20170715,Outside,5,20,0,Sand,Pebble,4,6,"Tiff Stephens, Wendel Raymond",
Goats Mouth Inlet a,L_02_a,-132.9,55.19286,Low,2017,7/14/2013,20170715,Outside,6,20,0,Sand,Pebble,4,6,"Tiff Stephens, Wendel Raymond",
Goats Mouth Inlet a,L_02_a,-132.9,55.19286,Low,2017,7/14/2013,20170715,Outside,7,20,0,Gravel,Sand,7,4,"Tiff Stephens, Wendel Raymond",
Goats Mouth Inlet a,L_02_a,-132.9,55.19286,Low,2017,7/14/2013,20170715,Outside,8,20,0,Sand,Gravel,4,7,"Tiff Stephens, Wendel Raymond",
Goats Mouth Inlet a,L_02_a,-132.9,55.19286,Low,2017,7/14/2013,20170715,Outside,9,20,0,Sand,Pebble,4,6,"Tiff Stephens, Wendel Raymond",
Goats Mouth Inlet a,L_02_a,-132.9,55.19286,Low,2017,7/14/2013,20170715,Outside,10,20,0,Sand,Pebble,4,6,"Tiff Stephens, Wendel Raymond",
North Pass a,L_03_a,55.22962,-132.925,Low,2017,7/23/2013,20170724,Edge,1,20,0,Sandy mud,Sandy mud,2,2,Ashley Bolwerk,
North Pass a,L_03_a,55.22962,-132.925,Low,2017,7/23/2013,20170724,Edge,2,20,0,Sandy mud,Sandy mud,2,2,Ashley Bolwerk,
North Pass a,L_03_a,55.22962,-132.925,Low,2017,7/23/2013,20170724,Edge,3,20,0,Sandy mud,Mud,2,1,Ashley Bolwerk,
North Pass a,L_03_a,55.22962,-132.925,Low,2017,7/23/2013,20170724,Edge,4,20,0,Sandy mud,Mud,2,1,Ashley Bolwerk,
North Pass a,L_03_a,55.22962,-132.925,Low,2017,7/23/2013,20170724,Edge,5,20,0,Mud,Sandy mud,1,2,Ashley Bolwerk,
North Pass a,L_03_a,55.22962,-132.925,Low,2017,7/23/2013,20170724,Edge,6,20,0,Sand,Pebble,4,6,Ashley Bolwerk,
North Pass a,L_03_a,55.22962,-132.925,Low,2017,7/23/2013,20170724,Edge,7,20,0,Pebble,Pebble,6,6,Ashley Bolwerk,
North Pass a,L_03_a,55.22962,-132.925,Low,2017,7/23/2013,20170724,Edge,8,20,0,Sand,Pebble,4,6,Ashley Bolwerk,
North Pass a,L_03_a,55.22962,-132.925,Low,2017,7/23/2013,20170724,Edge,9,20,0,Sandy mud,Sandy mud,2,2,Ashley Bolwerk,
North Pass a,L_03_a,55.22962,-132.925,Low,2017,7/23/2013,20170724,Edge,10,20,0,Sand,Sandy mud,4,2,Ashley Bolwerk,
North Pass a,L_03_a,55.22962,-132.925,Low,2017,7/23/2013,20170724,Inside,1,20,0,Mud,Sandy mud,1,2,Ashley Bolwerk,
North Pass a,L_03_a,55.22962,-132.925,Low,2017,7/23/2013,20170724,Inside,2,20,0,Sandy mud,Sandy mud,2,2,Ashley Bolwerk,
North Pass a,L_03_a,55.22962,-132.925,Low,2017,7/23/2013,20170724,Inside,3,20,1,Sandy mud,Gravel,2,7,Ashley Bolwerk,
North Pass a,L_03_a,55.22962,-132.925,Low,2017,7/23/2013,20170724,Inside,4,20,0,Muddy Sand,Gravel,3,7,Ashley Bolwerk,
North Pass a,L_03_a,55.22962,-132.925,Low,2017,7/23/2013,20170724,Inside,5,20,0,Muddy Sand,Gravel,3,7,Ashley Bolwerk,
North Pass a,L_03_a,55.22962,-132.925,Low,2017,7/23/2013,20170724,Inside,6,20,0,Gravel,Sand,7,4,Ashley Bolwerk,
North Pass a,L_03_a,55.22962,-132.925,Low,2017,7/23/2013,20170724,Inside,7,20,0,Gravel,Sand,7,4,Ashley Bolwerk,
North Pass a,L_03_a,55.22962,-132.925,Low,2017,7/23/2013,20170724,Inside,8,20,0,Sandy mud,Gravel,2,7,Ashley Bolwerk,
North Pass a,L_03_a,55.22962,-132.925,Low,2017,7/23/2013,20170724,Inside,9,20,0,Mud,Gravel,1,7,Ashley Bolwerk,
North Pass a,L_03_a,55.22962,-132.925,Low,2017,7/23/2013,20170724,Inside,10,20,0,Mud,Gravel,1,7,Ashley Bolwerk,
North Pass a,L_03_a,55.22962,-132.925,Low,2017,7/23/2013,20170724,Outside,1,20,0,Gravel,Sandy mud,7,2,Ashley Bolwerk,
North Pass a,L_03_a,55.22962,-132.925,Low,2017,7/23/2013,20170724,Outside,2,20,0,Gravel,Pebble,7,6,Ashley Bolwerk,
North Pass a,L_03_a,55.22962,-132.925,Low,2017,7/23/2013,20170724,Outside,3,20,0,Gravel,Cobble,7,8,Ashley Bolwerk,
North Pass a,L_03_a,55.22962,-132.925,Low,2017,7/23/2013,20170724,Outside,4,20,0,Gravel,Sandy mud,7,2,Ashley Bolwerk,
North Pass a,L_03_a,55.22962,-132.925,Low,2017,7/23/2013,20170724,Outside,5,20,0,Gravel,Sandy mud,7,2,Ashley Bolwerk,
North Pass a,L_03_a,55.22962,-132.925,Low,2017,7/23/2013,20170724,Outside,6,20,0,Gravel,Sandy mud,7,2,Ashley Bolwerk,
North Pass a,L_03_a,55.22962,-132.925,Low,2017,7/23/2013,20170724,Outside,7,20,0,Gravel,Sandy mud,7,2,Ashley Bolwerk,
North Pass a,L_03_a,55.22962,-132.925,Low,2017,7/23/2013,20170724,Outside,8,20,0,Gravel,Cobble,7,8,Ashley Bolwerk,
North Pass a,L_03_a,55.22962,-132.925,Low,2017,7/23/2013,20170724,Outside,9,20,0,Gravel,Sand,7,4,Ashley Bolwerk,
North Pass a,L_03_a,55.22962,-132.925,Low,2017,7/23/2013,20170724,Outside,10,20,0,Gravel,Sand,7,4,Ashley Bolwerk,
Natzuhini Bay a,L_04_a,55.25051,-132.883,Low,2017,6/27/2013,20170628,Edge,1,20,0,Sandy mud,Cobble,2,8,Tiff Stephens,
Natzuhini Bay a,L_04_a,55.25051,-132.883,Low,2017,6/27/2013,20170628,Edge,2,20,0,Sandy mud,Sandy mud,2,2,Tiff Stephens,
Natzuhini Bay a,L_04_a,55.25051,-132.883,Low,2017,6/27/2013,20170628,Edge,3,20,0,Sandy mud,Mud,2,1,Tiff Stephens,
Natzuhini Bay a,L_04_a,55.25051,-132.883,Low,2017,6/27/2013,20170628,Edge,4,20,0,Sandy mud,Gravel,2,7,Tiff Stephens,
Natzuhini Bay a,L_04_a,55.25051,-132.883,Low,2017,6/27/2013,20170628,Edge,5,20,0,Gravel,Sandy mud,7,2,Tiff Stephens,
Natzuhini Bay a,L_04_a,55.25051,-132.883,Low,2017,6/27/2013,20170628,Edge,6,20,0,Sandy mud,Gravel,2,7,Tiff Stephens,
Natzuhini Bay a,L_04_a,55.25051,-132.883,Low,2017,6/27/2013,20170628,Edge,7,20,0,Sandy mud,Gravel,2,7,Tiff Stephens,
Natzuhini Bay a,L_04_a,55.25051,-132.883,Low,2017,6/27/2013,20170628,Edge,8,20,0,Gravel,Sandy mud,7,2,Tiff Stephens,
Natzuhini Bay a,L_04_a,55.25051,-132.883,Low,2017,6/27/2013,20170628,Edge,9,20,0,Gravel,Sandy mud,7,2,Tiff Stephens,
Natzuhini Bay a,L_04_a,55.25051,-132.883,Low,2017,6/27/2013,20170628,Edge,10,20,0,Gravel,Sandy mud,7,2,Tiff Stephens,
Natzuhini Bay a,L_04_a,55.25051,-132.883,Low,2017,6/27/2013,20170628,Inside,1,20,0,Muddy Sand,Muddy Sand,3,3,Wendel Raymond,
Natzuhini Bay a,L_04_a,55.25051,-132.883,Low,2017,6/27/2013,20170628,Inside,2,20,0,Muddy Sand,Muddy Sand,3,3,Wendel Raymond,
Natzuhini Bay a,L_04_a,55.25051,-132.883,Low,2017,6/27/2013,20170628,Inside,3,20,0,Muddy Sand,Muddy Sand,3,3,Wendel Raymond,
Natzuhini Bay a,L_04_a,55.25051,-132.883,Low,2017,6/27/2013,20170628,Inside,4,20,0,Muddy Sand,Muddy Sand,3,3,Wendel Raymond,
Natzuhini Bay a,L_04_a,55.25051,-132.883,Low,2017,6/27/2013,20170628,Inside,5,20,0,Gravel,Muddy Sand,7,3,Wendel Raymond,
Natzuhini Bay a,L_04_a,55.25051,-132.883,Low,2017,6/27/2013,20170628,Inside,6,20,0,Gravel,Muddy Sand,7,3,Wendel Raymond,
Natzuhini Bay a,L_04_a,55.25051,-132.883,Low,2017,6/27/2013,20170628,Inside,7,20,0,Gravel,Muddy Sand,7,3,Wendel Raymond,
Natzuhini Bay a,L_04_a,55.25051,-132.883,Low,2017,6/27/2013,20170628,Inside,8,20,0,Gravel,Muddy Sand,7,3,Wendel Raymond,
Natzuhini Bay a,L_04_a,55.25051,-132.883,Low,2017,6/27/2013,20170628,Inside,9,20,0,Muddy Sand,Muddy Sand,3,3,Wendel Raymond,
Natzuhini Bay a,L_04_a,55.25051,-132.883,Low,2017,6/27/2013,20170628,Inside,10,20,0,Muddy Sand,Muddy Sand,3,3,Wendel Raymond,
Natzuhini Bay a,L_04_a,55.25051,-132.883,Low,2017,6/27/2013,20170628,Outside,1,20,0,Sandy mud,Cobble,2,8,Tiff Stephens,
Natzuhini Bay a,L_04_a,55.25051,-132.883,Low,2017,6/27/2013,20170628,Outside,2,20,0,Sandy mud,Mud,2,1,Tiff Stephens,
Natzuhini Bay a,L_04_a,55.25051,-132.883,Low,2017,6/27/2013,20170628,Outside,3,20,0,Sandy mud,Gravel,2,7,Tiff Stephens,
Natzuhini Bay a,L_04_a,55.25051,-132.883,Low,2017,6/27/2013,20170628,Outside,4,20,0,Sandy mud,Gravel,2,7,Tiff Stephens,
Natzuhini Bay a,L_04_a,55.25051,-132.883,Low,2017,6/27/2013,20170628,Outside,5,20,0,Sandy mud,Gravel,2,7,Tiff Stephens,
Natzuhini Bay a,L_04_a,55.25051,-132.883,Low,2017,6/27/2013,20170628,Outside,6,20,0,Gravel,Sandy mud,7,2,Tiff Stephens,
Natzuhini Bay a,L_04_a,55.25051,-132.883,Low,2017,6/27/2013,20170628,Outside,7,20,0,Gravel,Sandy mud,7,2,Tiff Stephens,
Natzuhini Bay a,L_04_a,55.25051,-132.883,Low,2017,6/27/2013,20170628,Outside,8,20,0,Gravel,Sandy mud,7,2,Tiff Stephens,
Natzuhini Bay a,L_04_a,55.25051,-132.883,Low,2017,6/27/2013,20170628,Outside,9,20,0,Sandy mud,Gravel,2,7,Tiff Stephens,
Natzuhini Bay a,L_04_a,55.25051,-132.883,Low,2017,6/27/2013,20170628,Outside,10,20,0,Gravel,Sandy mud,7,2,Tiff Stephens,
Dunbar Inlet a,L_05_a,55.0848,-132.826,Low,2017,6/26/2013,20170627,Edge,1,20,0,Sandy mud,Gravel,2,7,Tiff Stephens,
Dunbar Inlet a,L_05_a,55.0848,-132.826,Low,2017,6/26/2013,20170627,Edge,2,20,0,Sandy mud,Sand,2,4,Tiff Stephens,
Dunbar Inlet a,L_05_a,55.0848,-132.826,Low,2017,6/26/2013,20170627,Edge,3,20,0,Sandy mud,Sand,2,4,Tiff Stephens,
Dunbar Inlet a,L_05_a,55.0848,-132.826,Low,2017,6/26/2013,20170627,Edge,4,20,0,Sandy mud,Gravel,2,7,Tiff Stephens,
Dunbar Inlet a,L_05_a,55.0848,-132.826,Low,2017,6/26/2013,20170627,Edge,5,20,0,Sandy mud,Gravel,2,7,Tiff Stephens,
Dunbar Inlet a,L_05_a,55.0848,-132.826,Low,2017,6/26/2013,20170627,Edge,6,20,0,Sandy mud,Cobble,2,8,Tiff Stephens,
Dunbar Inlet a,L_05_a,55.0848,-132.826,Low,2017,6/26/2013,20170627,Edge,7,20,0,Sandy mud,Cobble,2,8,Tiff Stephens,
Dunbar Inlet a,L_05_a,55.0848,-132.826,Low,2017,6/26/2013,20170627,Edge,8,20,0,Sandy mud,Cobble,2,8,Tiff Stephens,
Dunbar Inlet a,L_05_a,55.0848,-132.826,Low,2017,6/26/2013,20170627,Edge,9,20,0,Sandy mud,Cobble,2,8,Tiff Stephens,
Dunbar Inlet a,L_05_a,55.0848,-132.826,Low,2017,6/26/2013,20170627,Edge,10,20,0,Sandy mud,Cobble,2,8,Tiff Stephens,
Dunbar Inlet a,L_05_a,55.0848,-132.826,Low,2017,6/26/2013,20170627,Inside,1,20,0,Sandy mud,Sandy mud,2,2,Wendel Raymond,
Dunbar Inlet a,L_05_a,55.0848,-132.826,Low,2017,6/26/2013,20170627,Inside,2,20,0,Sandy mud,Sandy mud,2,2,Wendel Raymond,
Dunbar Inlet a,L_05_a,55.0848,-132.826,Low,2017,6/26/2013,20170627,Inside,3,20,0,Sandy mud,Sandy mud,2,2,Wendel Raymond,
Dunbar Inlet a,L_05_a,55.0848,-132.826,Low,2017,6/26/2013,20170627,Inside,4,20,0,Sandy mud,Sandy mud,2,2,Wendel Raymond,
Dunbar Inlet a,L_05_a,55.0848,-132.826,Low,2017,6/26/2013,20170627,Inside,5,20,0,Sandy mud,Sandy mud,2,2,Wendel Raymond,
Dunbar Inlet a,L_05_a,55.0848,-132.826,Low,2017,6/26/2013,20170627,Inside,6,20,0,Sandy mud,Sandy mud,2,2,Wendel Raymond,
Dunbar Inlet a,L_05_a,55.0848,-132.826,Low,2017,6/26/2013,20170627,Inside,7,20,0,Sandy mud,Sandy mud,2,2,Wendel Raymond,
Dunbar Inlet a,L_05_a,55.0848,-132.826,Low,2017,6/26/2013,20170627,Inside,8,20,0,Sandy mud,Sandy mud,2,2,Wendel Raymond,
Dunbar Inlet a,L_05_a,55.0848,-132.826,Low,2017,6/26/2013,20170627,Inside,9,20,0,Sandy mud,Sandy mud,2,2,Wendel Raymond,
Dunbar Inlet a,L_05_a,55.0848,-132.826,Low,2017,6/26/2013,20170627,Inside,10,20,0,Sandy mud,Sandy mud,2,2,Wendel Raymond,
Dunbar Inlet a,L_05_a,55.0848,-132.826,Low,2017,6/26/2013,20170627,Outside,1,20,0,Sandy mud,Gravel,2,7,Ginny Eckert,
Dunbar Inlet a,L_05_a,55.0848,-132.826,Low,2017,6/26/2013,20170627,Outside,2,20,0,Sandy mud,Cobble,2,8,Ginny Eckert,
Dunbar Inlet a,L_05_a,55.0848,-132.826,Low,2017,6/26/2013,20170627,Outside,3,20,0,Sand,Sand,4,4,Ginny Eckert,
Dunbar Inlet a,L_05_a,55.0848,-132.826,Low,2017,6/26/2013,20170627,Outside,4,20,0,Sand,Sand,4,4,Ginny Eckert,
Dunbar Inlet a,L_05_a,55.0848,-132.826,Low,2017,6/26/2013,20170627,Outside,5,20,0,Sand,Sand,4,4,Ginny Eckert,
Dunbar Inlet a,L_05_a,55.0848,-132.826,Low,2017,6/26/2013,20170627,Outside,6,20,0,Sandy mud,Cobble,2,8,Ginny Eckert,
Dunbar Inlet a,L_05_a,55.0848,-132.826,Low,2017,6/26/2013,20170627,Outside,7,20,0,Sandy mud,Cobble,2,8,Ginny Eckert,
Dunbar Inlet a,L_05_a,55.0848,-132.826,Low,2017,6/26/2013,20170627,Outside,8,20,0,Sandy mud,Cobble,2,8,Ginny Eckert,
Dunbar Inlet a,L_05_a,55.0848,-132.826,Low,2017,6/26/2013,20170627,Outside,9,20,0,Sandy mud,Cobble,2,8,Ginny Eckert,
Dunbar Inlet a,L_05_a,55.0848,-132.826,Low,2017,6/26/2013,20170627,Outside,10,20,0,Sandy mud,Cobble,2,8,Ginny Eckert,
Farallon Bay a,L_06_a,55.19112,-133.105314,Low,2017,7/22/2013,20170723,Edge,1,20,0,Coarse Sand,Gravel,5,7,Tiff Stephens,
Farallon Bay a,L_06_a,55.19112,-133.105314,Low,2017,7/22/2013,20170723,Edge,2,20,0,Coarse Sand,Pebble,5,6,Tiff Stephens,
Farallon Bay a,L_06_a,55.19112,-133.105314,Low,2017,7/22/2013,20170723,Edge,3,20,0,Coarse Sand,Gravel,5,7,Tiff Stephens,
Farallon Bay a,L_06_a,55.19112,-133.105314,Low,2017,7/22/2013,20170723,Edge,4,20,0,Coarse Sand,Gravel,5,7,Tiff Stephens,
Farallon Bay a,L_06_a,55.19112,-133.105314,Low,2017,7/22/2013,20170723,Edge,5,20,0,Coarse Sand,Gravel,5,7,Tiff Stephens,
Farallon Bay a,L_06_a,55.19112,-133.105314,Low,2017,7/22/2013,20170723,Edge,6,20,0,Sand,Gravel,4,7,Tiff Stephens,
Farallon Bay a,L_06_a,55.19112,-133.105314,Low,2017,7/22/2013,20170723,Edge,7,20,0,Sand,Sand,4,4,Tiff Stephens,
Farallon Bay a,L_06_a,55.19112,-133.105314,Low,2017,7/22/2013,20170723,Edge,8,20,0,Sand,Gravel,4,7,Tiff Stephens,
Farallon Bay a,L_06_a,55.19112,-133.105314,Low,2017,7/22/2013,20170723,Edge,9,20,0,Sand,Gravel,4,7,Tiff Stephens,
Farallon Bay a,L_06_a,55.19112,-133.105314,Low,2017,7/22/2013,20170723,Edge,10,20,0,Sand,Gravel,4,7,Tiff Stephens,
Farallon Bay a,L_06_a,55.19112,-133.105314,Low,2017,7/22/2013,20170723,Inside,1,20,0,Muddy Sand,Muddy Sand,3,3,Tiff Stephens,
Farallon Bay a,L_06_a,55.19112,-133.105314,Low,2017,7/22/2013,20170723,Inside,2,20,0,Muddy Sand,Sand,3,4,Tiff Stephens,
Farallon Bay a,L_06_a,55.19112,-133.105314,Low,2017,7/22/2013,20170723,Inside,3,20,0,Sand,Muddy Sand,4,3,Tiff Stephens,
Farallon Bay a,L_06_a,55.19112,-133.105314,Low,2017,7/22/2013,20170723,Inside,4,20,0,Sand,Gravel,4,7,Tiff Stephens,
Farallon Bay a,L_06_a,55.19112,-133.105314,Low,2017,7/22/2013,20170723,Inside,5,20,0,Sand,Gravel,4,7,Tiff Stephens,
Farallon Bay a,L_06_a,55.19112,-133.105314,Low,2017,7/22/2013,20170723,Inside,6,20,0,Sand,Gravel,4,7,Tiff Stephens,
Farallon Bay a,L_06_a,55.19112,-133.105314,Low,2017,7/22/2013,20170723,Inside,7,20,0,Sand,Sand,4,4,Tiff Stephens,
Farallon Bay a,L_06_a,55.19112,-133.105314,Low,2017,7/22/2013,20170723,Inside,8,20,0,Sand,Sand,4,4,Tiff Stephens,
Farallon Bay a,L_06_a,55.19112,-133.105314,Low,2017,7/22/2013,20170723,Inside,9,20,0,Sand,Gravel,4,7,Tiff Stephens,
Farallon Bay a,L_06_a,55.19112,-133.105314,Low,2017,7/22/2013,20170723,Inside,10,20,0,Sand,Gravel,4,7,Tiff Stephens,
Farallon Bay a,L_06_a,55.19112,-133.105314,Low,2017,7/22/2013,20170723,Outside,1,20,0,Gravel,Cobble,7,8,Tiff Stephens,
Farallon Bay a,L_06_a,55.19112,-133.105314,Low,2017,7/22/2013,20170723,Outside,2,20,0,Coarse Sand,Gravel,5,7,Tiff Stephens,
Farallon Bay a,L_06_a,55.19112,-133.105314,Low,2017,7/22/2013,20170723,Outside,3,20,0,Coarse Sand,Gravel,5,7,Tiff Stephens,
Farallon Bay a,L_06_a,55.19112,-133.105314,Low,2017,7/22/2013,20170723,Outside,4,20,0,Pebble,Gravel,6,7,Tiff Stephens,
Farallon Bay a,L_06_a,55.19112,-133.105314,Low,2017,7/22/2013,20170723,Outside,5,20,0,Coarse Sand,Gravel,5,7,Tiff Stephens,
Farallon Bay a,L_06_a,55.19112,-133.105314,Low,2017,7/22/2013,20170723,Outside,6,20,0,Coarse Sand,Gravel,5,7,Tiff Stephens,
Farallon Bay a,L_06_a,55.19112,-133.105314,Low,2017,7/22/2013,20170723,Outside,7,20,0,Sand,Gravel,4,7,Tiff Stephens,
Farallon Bay a,L_06_a,55.19112,-133.105314,Low,2017,7/22/2013,20170723,Outside,8,20,0,Sand,Sand,4,4,Tiff Stephens,
Farallon Bay a,L_06_a,55.19112,-133.105314,Low,2017,7/22/2013,20170723,Outside,9,20,0,Sand,Gravel,4,7,Tiff Stephens,
Farallon Bay a,L_06_a,55.19112,-133.105314,Low,2017,7/22/2013,20170723,Outside,10,20,0,Gravel,Sand,7,4,Tiff Stephens,
Hetta Cove a,L_07_a,55.155625,-132.589934,Low,2017,7/21/2013,20170723,Edge,1,20,0,Muddy Sand,Gravel,3,7,"Tiff Stephens, Wendel Raymond, Cathy Mattson",
Hetta Cove a,L_07_a,55.155625,-132.589934,Low,2017,7/21/2013,20170723,Edge,2,20,0,Muddy Sand,Gravel,3,7,"Tiff Stephens, Wendel Raymond, Cathy Mattson",
Hetta Cove a,L_07_a,55.155625,-132.589934,Low,2017,7/21/2013,20170723,Edge,3,20,0,Sandy mud,Gravel,2,7,"Tiff Stephens, Wendel Raymond, Cathy Mattson",
Hetta Cove a,L_07_a,55.155625,-132.589934,Low,2017,7/21/2013,20170723,Edge,4,20,1,Sandy mud,Gravel,2,7,"Tiff Stephens, Wendel Raymond, Cathy Mattson",
Hetta Cove a,L_07_a,55.155625,-132.589934,Low,2017,7/21/2013,20170723,Edge,5,20,0,Muddy Sand,Muddy Sand,3,3,"Tiff Stephens, Wendel Raymond, Cathy Mattson",
Hetta Cove a,L_07_a,55.155625,-132.589934,Low,2017,7/21/2013,20170723,Edge,6,20,0,Sand,Muddy Sand,4,3,"Tiff Stephens, Wendel Raymond, Cathy Mattson",
Hetta Cove a,L_07_a,55.155625,-132.589934,Low,2017,7/21/2013,20170723,Edge,7,20,0,Muddy Sand,Gravel,3,7,"Tiff Stephens, Wendel Raymond, Cathy Mattson",
Hetta Cove a,L_07_a,55.155625,-132.589934,Low,2017,7/21/2013,20170723,Edge,8,20,0,Sandy mud,Gravel,2,7,"Tiff Stephens, Wendel Raymond, Cathy Mattson",
Hetta Cove a,L_07_a,55.155625,-132.589934,Low,2017,7/21/2013,20170723,Edge,9,20,0,Sandy mud,Gravel,2,7,"Tiff Stephens, Wendel Raymond, Cathy Mattson",
Hetta Cove a,L_07_a,55.155625,-132.589934,Low,2017,7/21/2013,20170723,Edge,10,20,0,Sandy mud,Gravel,2,7,"Tiff Stephens, Wendel Raymond, Cathy Mattson",
Hetta Cove a,L_07_a,55.155625,-132.589934,Low,2017,7/21/2013,20170723,Inside,1,20,0,Sand,Gravel,4,7,"Tiff Stephens, Wendel Raymond, Cathy Mattson",
Hetta Cove a,L_07_a,55.155625,-132.589934,Low,2017,7/21/2013,20170723,Inside,2,20,0,Gravel,Sand,7,4,"Tiff Stephens, Wendel Raymond, Cathy Mattson",
Hetta Cove a,L_07_a,55.155625,-132.589934,Low,2017,7/21/2013,20170723,Inside,3,20,0,Sandy mud,Gravel,2,7,"Tiff Stephens, Wendel Raymond, Cathy Mattson",
Hetta Cove a,L_07_a,55.155625,-132.589934,Low,2017,7/21/2013,20170723,Inside,4,20,0,Sand,Sand,4,4,"Tiff Stephens, Wendel Raymond, Cathy Mattson",
Hetta Cove a,L_07_a,55.155625,-132.589934,Low,2017,7/21/2013,20170723,Inside,5,20,0,Muddy Sand,Mud,3,1,"Tiff Stephens, Wendel Raymond, Cathy Mattson",
Hetta Cove a,L_07_a,55.155625,-132.589934,Low,2017,7/21/2013,20170723,Inside,6,20,0,Sand,Muddy Sand,4,3,"Tiff Stephens, Wendel Raymond, Cathy Mattson",
Hetta Cove a,L_07_a,55.155625,-132.589934,Low,2017,7/21/2013,20170723,Inside,7,20,0,Sand,Pebble,4,6,"Tiff Stephens, Wendel Raymond, Cathy Mattson",
Hetta Cove a,L_07_a,55.155625,-132.589934,Low,2017,7/21/2013,20170723,Inside,8,20,0,Cobble,Pebble,8,6,"Tiff Stephens, Wendel Raymond, Cathy Mattson",
Hetta Cove a,L_07_a,55.155625,-132.589934,Low,2017,7/21/2013,20170723,Inside,9,20,0,Cobble,Pebble,8,6,"Tiff Stephens, Wendel Raymond, Cathy Mattson",
Hetta Cove a,L_07_a,55.155625,-132.589934,Low,2017,7/21/2013,20170723,Inside,10,20,0,Cobble,Pebble,8,6,"Tiff Stephens, Wendel Raymond, Cathy Mattson",
Hetta Cove a,L_07_a,55.155625,-132.589934,Low,2017,7/21/2013,20170723,Outside,1,20,0,Muddy Sand,Gravel,3,7,"Tiff Stephens, Wendel Raymond, Cathy Mattson",
Hetta Cove a,L_07_a,55.155625,-132.589934,Low,2017,7/21/2013,20170723,Outside,2,20,0,Muddy Sand,Gravel,3,7,"Tiff Stephens, Wendel Raymond, Cathy Mattson",
Hetta Cove a,L_07_a,55.155625,-132.589934,Low,2017,7/21/2013,20170723,Outside,3,20,0,Muddy Sand,Gravel,3,7,"Tiff Stephens, Wendel Raymond, Cathy Mattson",
Hetta Cove a,L_07_a,55.155625,-132.589934,Low,2017,7/21/2013,20170723,Outside,4,20,1,Muddy Sand,Gravel,3,7,"Tiff Stephens, Wendel Raymond, Cathy Mattson",
Hetta Cove a,L_07_a,55.155625,-132.589934,Low,2017,7/21/2013,20170723,Outside,5,20,0,Sandy mud,Gravel,2,7,"Tiff Stephens, Wendel Raymond, Cathy Mattson",
Hetta Cove a,L_07_a,55.155625,-132.589934,Low,2017,7/21/2013,20170723,Outside,6,20,0,Muddy Sand,Gravel,3,7,"Tiff Stephens, Wendel Raymond, Cathy Mattson",
Hetta Cove a,L_07_a,55.155625,-132.589934,Low,2017,7/21/2013,20170723,Outside,7,20,0,Sandy mud,Gravel,2,7,"Tiff Stephens, Wendel Raymond, Cathy Mattson",
Hetta Cove a,L_07_a,55.155625,-132.589934,Low,2017,7/21/2013,20170723,Outside,8,20,0,Sandy mud,Gravel,2,7,"Tiff Stephens, Wendel Raymond, Cathy Mattson",
Hetta Cove a,L_07_a,55.155625,-132.589934,Low,2017,7/21/2013,20170723,Outside,9,20,1,Sandy mud,Gravel,2,7,"Tiff Stephens, Wendel Raymond, Cathy Mattson",
Hetta Cove a,L_07_a,55.155625,-132.589934,Low,2017,7/21/2013,20170723,Outside,10,20,2,Sandy mud,Gravel,2,7,"Tiff Stephens, Wendel Raymond, Cathy Mattson",
N Fish Egg Island a,M_02_a,55.49709,-133.17,Mid,2017,7/20/2013,20170721,Edge,1,20,0,Sand,Sand,4,4,"Wendel Raymond, Cathy Mattson, Tiff Stephens",
N Fish Egg Island a,M_02_a,55.49709,-133.17,Mid,2017,7/20/2013,20170721,Edge,2,20,2,Sand,Sand,4,4,"Wendel Raymond, Cathy Mattson, Tiff Stephens",
N Fish Egg Island a,M_02_a,55.49709,-133.17,Mid,2017,7/20/2013,20170721,Edge,3,20,0,Sand,Sand,4,4,"Wendel Raymond, Cathy Mattson, Tiff Stephens",
N Fish Egg Island a,M_02_a,55.49709,-133.17,Mid,2017,7/20/2013,20170721,Edge,4,20,0,Sand,Sand,4,4,"Wendel Raymond, Cathy Mattson, Tiff Stephens",
N Fish Egg Island a,M_02_a,55.49709,-133.17,Mid,2017,7/20/2013,20170721,Edge,5,20,0,Sand,Cobble,4,8,"Wendel Raymond, Cathy Mattson, Tiff Stephens",
N Fish Egg Island a,M_02_a,55.49709,-133.17,Mid,2017,7/20/2013,20170721,Edge,6,20,0,Sand,Cobble,4,8,"Wendel Raymond, Cathy Mattson, Tiff Stephens",
N Fish Egg Island a,M_02_a,55.49709,-133.17,Mid,2017,7/20/2013,20170721,Edge,7,20,1,Sand,Gravel,4,7,"Wendel Raymond, Cathy Mattson, Tiff Stephens",
N Fish Egg Island a,M_02_a,55.49709,-133.17,Mid,2017,7/20/2013,20170721,Edge,8,20,0,Sand,Sand,4,4,"Wendel Raymond, Cathy Mattson, Tiff Stephens",
N Fish Egg Island a,M_02_a,55.49709,-133.17,Mid,2017,7/20/2013,20170721,Edge,9,20,0,Muddy Sand,Mud,3,1,"Wendel Raymond, Cathy Mattson, Tiff Stephens",
N Fish Egg Island a,M_02_a,55.49709,-133.17,Mid,2017,7/20/2013,20170721,Edge,10,20,0,Sand,Muddy Sand,4,3,"Wendel Raymond, Cathy Mattson, Tiff Stephens",
N Fish Egg Island a,M_02_a,55.49709,-133.17,Mid,2017,7/20/2013,20170721,Inside,1,20,1,Sand,Sand,4,4,"Wendel Raymond, Cathy Mattson, Tiff Stephens",
N Fish Egg Island a,M_02_a,55.49709,-133.17,Mid,2017,7/20/2013,20170721,Inside,2,20,1,Sand,Sand,4,4,"Wendel Raymond, Cathy Mattson, Tiff Stephens",
N Fish Egg Island a,M_02_a,55.49709,-133.17,Mid,2017,7/20/2013,20170721,Inside,3,20,2,Sand,Sand,4,4,"Wendel Raymond, Cathy Mattson, Tiff Stephens",
N Fish Egg Island a,M_02_a,55.49709,-133.17,Mid,2017,7/20/2013,20170721,Inside,4,20,0,Muddy Sand,Muddy Sand,3,3,"Wendel Raymond, Cathy Mattson, Tiff Stephens",
N Fish Egg Island a,M_02_a,55.49709,-133.17,Mid,2017,7/20/2013,20170721,Inside,5,20,0,Muddy Sand,Muddy Sand,3,3,"Wendel Raymond, Cathy Mattson, Tiff Stephens",
N Fish Egg Island a,M_02_a,55.49709,-133.17,Mid,2017,7/20/2013,20170721,Inside,6,20,0,Muddy Sand,Sand,3,4,"Wendel Raymond, Cathy Mattson, Tiff Stephens",
N Fish Egg Island a,M_02_a,55.49709,-133.17,Mid,2017,7/20/2013,20170721,Inside,7,20,0,Muddy Sand,Muddy Sand,3,3,"Wendel Raymond, Cathy Mattson, Tiff Stephens",
N Fish Egg Island a,M_02_a,55.49709,-133.17,Mid,2017,7/20/2013,20170721,Inside,8,20,0,Muddy Sand,Muddy Sand,3,3,"Wendel Raymond, Cathy Mattson, Tiff Stephens",
N Fish Egg Island a,M_02_a,55.49709,-133.17,Mid,2017,7/20/2013,20170721,Inside,9,20,0,Muddy Sand,Muddy Sand,3,3,"Wendel Raymond, Cathy Mattson, Tiff Stephens",
N Fish Egg Island a,M_02_a,55.49709,-133.17,Mid,2017,7/20/2013,20170721,Inside,10,20,1,Muddy Sand,Sand,3,4,"Wendel Raymond, Cathy Mattson, Tiff Stephens",
N Fish Egg Island a,M_02_a,55.49709,-133.17,Mid,2017,7/20/2013,20170721,Outside,1,20,0,Sand,Gravel,4,7,"Wendel Raymond, Cathy Mattson, Tiff Stephens",
N Fish Egg Island a,M_02_a,55.49709,-133.17,Mid,2017,7/20/2013,20170721,Outside,2,20,0,Sand,Gravel,4,7,"Wendel Raymond, Cathy Mattson, Tiff Stephens",
N Fish Egg Island a,M_02_a,55.49709,-133.17,Mid,2017,7/20/2013,20170721,Outside,3,20,0,Cobble,Sand,8,4,"Wendel Raymond, Cathy Mattson, Tiff Stephens",
N Fish Egg Island a,M_02_a,55.49709,-133.17,Mid,2017,7/20/2013,20170721,Outside,4,20,0,Cobble,Sand,8,4,"Wendel Raymond, Cathy Mattson, Tiff Stephens",
N Fish Egg Island a,M_02_a,55.49709,-133.17,Mid,2017,7/20/2013,20170721,Outside,5,20,0,Cobble,Sand,8,4,"Wendel Raymond, Cathy Mattson, Tiff Stephens",
N Fish Egg Island a,M_02_a,55.49709,-133.17,Mid,2017,7/20/2013,20170721,Outside,6,20,0,Cobble,Sand,8,4,"Wendel Raymond, Cathy Mattson, Tiff Stephens",
N Fish Egg Island a,M_02_a,55.49709,-133.17,Mid,2017,7/20/2013,20170721,Outside,7,20,0,Cobble,Sand,8,4,"Wendel Raymond, Cathy Mattson, Tiff Stephens",
N Fish Egg Island a,M_02_a,55.49709,-133.17,Mid,2017,7/20/2013,20170721,Outside,8,20,0,Sand,Gravel,4,7,"Wendel Raymond, Cathy Mattson, Tiff Stephens",
N Fish Egg Island a,M_02_a,55.49709,-133.17,Mid,2017,7/20/2013,20170721,Outside,9,20,0,Gravel,Sand,7,4,"Wendel Raymond, Cathy Mattson, Tiff Stephens",
N Fish Egg Island a,M_02_a,55.49709,-133.17,Mid,2017,7/20/2013,20170721,Outside,10,20,0,Cobble,Gravel,8,7,"Wendel Raymond, Cathy Mattson, Tiff Stephens",
S Fish Egg Island a,M_03_a,-133.174447,55.485687,Mid,2017,7/20/2013,20170721,Edge,1,20,0,Muddy Sand,Gravel,3,7,"Wendel Raymond, Cathy Mattson, Tiff Stephens",
S Fish Egg Island a,M_03_a,-133.174447,55.485687,Mid,2017,7/20/2013,20170721,Edge,2,20,1,Muddy Sand,Gravel,3,7,"Wendel Raymond, Cathy Mattson, Tiff Stephens",
S Fish Egg Island a,M_03_a,-133.174447,55.485687,Mid,2017,7/20/2013,20170721,Edge,3,20,2,Muddy Sand,Cobble,3,8,"Wendel Raymond, Cathy Mattson, Tiff Stephens",
S Fish Egg Island a,M_03_a,-133.174447,55.485687,Mid,2017,7/20/2013,20170721,Edge,4,20,0,Sand,Cobble,4,8,"Wendel Raymond, Cathy Mattson, Tiff Stephens",
S Fish Egg Island a,M_03_a,-133.174447,55.485687,Mid,2017,7/20/2013,20170721,Edge,5,20,0,Sand,Gravel,4,7,"Wendel Raymond, Cathy Mattson, Tiff Stephens",
S Fish Egg Island a,M_03_a,-133.174447,55.485687,Mid,2017,7/20/2013,20170721,Edge,6,20,0,Sand,Gravel,4,7,"Wendel Raymond, Cathy Mattson, Tiff Stephens",
S Fish Egg Island a,M_03_a,-133.174447,55.485687,Mid,2017,7/20/2013,20170721,Edge,7,20,0,Gravel,Sand,7,4,"Wendel Raymond, Cathy Mattson, Tiff Stephens",
S Fish Egg Island a,M_03_a,-133.174447,55.485687,Mid,2017,7/20/2013,20170721,Edge,8,20,0,Gravel,Sand,7,4,"Wendel Raymond, Cathy Mattson, Tiff Stephens",
S Fish Egg Island a,M_03_a,-133.174447,55.485687,Mid,2017,7/20/2013,20170721,Edge,9,20,4,Gravel,Sand,7,4,"Wendel Raymond, Cathy Mattson, Tiff Stephens",
S Fish Egg Island a,M_03_a,-133.174447,55.485687,Mid,2017,7/20/2013,20170721,Edge,10,20,15,Gravel,Sand,7,4,"Wendel Raymond, Cathy Mattson, Tiff Stephens",
S Fish Egg Island a,M_03_a,-133.174447,55.485687,Mid,2017,7/20/2013,20170721,Inside,1,20,8,Muddy Sand,Sand,3,4,"Wendel Raymond, Cathy Mattson, Tiff Stephens",
S Fish Egg Island a,M_03_a,-133.174447,55.485687,Mid,2017,7/20/2013,20170721,Inside,2,20,7,Muddy Sand,Sand,3,4,"Wendel Raymond, Cathy Mattson, Tiff Stephens",
S Fish Egg Island a,M_03_a,-133.174447,55.485687,Mid,2017,7/20/2013,20170721,Inside,3,20,9,Muddy Sand,Sand,3,4,"Wendel Raymond, Cathy Mattson, Tiff Stephens",
S Fish Egg Island a,M_03_a,-133.174447,55.485687,Mid,2017,7/20/2013,20170721,Inside,4,20,13,Muddy Sand,Sand,3,4,"Wendel Raymond, Cathy Mattson, Tiff Stephens",
S Fish Egg Island a,M_03_a,-133.174447,55.485687,Mid,2017,7/20/2013,20170721,Inside,5,20,15,Sand,Sand,4,4,"Wendel Raymond, Cathy Mattson, Tiff Stephens",
S Fish Egg Island a,M_03_a,-133.174447,55.485687,Mid,2017,7/20/2013,20170721,Inside,6,20,12,Sand,Sand,4,4,"Wendel Raymond, Cathy Mattson, Tiff Stephens",
S Fish Egg Island a,M_03_a,-133.174447,55.485687,Mid,2017,7/20/2013,20170721,Inside,7,20,7,Sand,Sand,4,4,"Wendel Raymond, Cathy Mattson, Tiff Stephens",
S Fish Egg Island a,M_03_a,-133.174447,55.485687,Mid,2017,7/20/2013,20170721,Inside,8,20,8,Sand,Sand,4,4,"Wendel Raymond, Cathy Mattson, Tiff Stephens",
S Fish Egg Island a,M_03_a,-133.174447,55.485687,Mid,2017,7/20/2013,20170721,Inside,9,20,12,Muddy Sand,Sand,3,4,"Wendel Raymond, Cathy Mattson, Tiff Stephens",
S Fish Egg Island a,M_03_a,-133.174447,55.485687,Mid,2017,7/20/2013,20170721,Inside,10,20,15,Muddy Sand,Sand,3,4,"Wendel Raymond, Cathy Mattson, Tiff Stephens",
S Fish Egg Island a,M_03_a,-133.174447,55.485687,Mid,2017,7/20/2013,20170721,Outside,1,20,2,Muddy Sand,Cobble,3,8,"Wendel Raymond, Cathy Mattson, Tiff Stephens",
S Fish Egg Island a,M_03_a,-133.174447,55.485687,Mid,2017,7/20/2013,20170721,Outside,2,20,2,Muddy Sand,Cobble,3,8,"Wendel Raymond, Cathy Mattson, Tiff Stephens",
S Fish Egg Island a,M_03_a,-133.174447,55.485687,Mid,2017,7/20/2013,20170721,Outside,3,20,1,Muddy Sand,Cobble,3,8,"Wendel Raymond, Cathy Mattson, Tiff Stephens",
S Fish Egg Island a,M_03_a,-133.174447,55.485687,Mid,2017,7/20/2013,20170721,Outside,4,20,3,Sand,Cobble,4,8,"Wendel Raymond, Cathy Mattson, Tiff Stephens",
S Fish Egg Island a,M_03_a,-133.174447,55.485687,Mid,2017,7/20/2013,20170721,Outside,5,20,2,Sand,Muddy Sand,4,3,"Wendel Raymond, Cathy Mattson, Tiff Stephens",
S Fish Egg Island a,M_03_a,-133.174447,55.485687,Mid,2017,7/20/2013,20170721,Outside,6,20,11,Sand,Gravel,4,7,"Wendel Raymond, Cathy Mattson, Tiff Stephens",
S Fish Egg Island a,M_03_a,-133.174447,55.485687,Mid,2017,7/20/2013,20170721,Outside,7,20,5,Muddy Sand,Gravel,3,7,"Wendel Raymond, Cathy Mattson, Tiff Stephens",
S Fish Egg Island a,M_03_a,-133.174447,55.485687,Mid,2017,7/20/2013,20170721,Outside,8,20,5,Muddy Sand,Gravel,3,7,"Wendel Raymond, Cathy Mattson, Tiff Stephens",
S Fish Egg Island a,M_03_a,-133.174447,55.485687,Mid,2017,7/20/2013,20170721,Outside,9,20,17,Muddy Sand,Gravel,3,7,"Wendel Raymond, Cathy Mattson, Tiff Stephens",
S Fish Egg Island a,M_03_a,-133.174447,55.485687,Mid,2017,7/20/2013,20170721,Outside,10,20,14,Sand,Gravel,4,7,"Wendel Raymond, Cathy Mattson, Tiff Stephens",
S Wadleigh Island a,M_04_a,55.52904,-133.147,Mid,2017,7/11/13,20170712,Edge,1,20,3,Muddy Sand,Muddy Sand,3,3,Ginny Eckert,
S Wadleigh Island a,M_04_a,55.52904,-133.147,Mid,2017,7/11/13,20170712,Edge,2,20,2,Sandy mud,Sandy mud,2,2,Ginny Eckert,
S Wadleigh Island a,M_04_a,55.52904,-133.147,Mid,2017,7/11/13,20170712,Edge,3,20,1,Muddy Sand,Sandy mud,3,2,Ginny Eckert,
S Wadleigh Island a,M_04_a,55.52904,-133.147,Mid,2017,7/11/13,20170712,Edge,4,20,4,Muddy Sand,Sandy mud,3,2,Ginny Eckert,
S Wadleigh Island a,M_04_a,55.52904,-133.147,Mid,2017,7/11/13,20170712,Edge,5,20,0,Muddy Sand,Sandy mud,3,2,Ginny Eckert,
S Wadleigh Island a,M_04_a,55.52904,-133.147,Mid,2017,7/11/13,20170712,Edge,6,20,2,Muddy Sand,Sandy mud,3,2,Ginny Eckert,
S Wadleigh Island a,M_04_a,55.52904,-133.147,Mid,2017,7/11/13,20170712,Edge,7,20,1,Muddy Sand,Sandy mud,3,2,Ginny Eckert,
S Wadleigh Island a,M_04_a,55.52904,-133.147,Mid,2017,7/11/13,20170712,Edge,8,20,0,Sandy mud,Sandy mud,2,2,Ginny Eckert,
S Wadleigh Island a,M_04_a,55.52904,-133.147,Mid,2017,7/11/13,20170712,Edge,9,20,0,Muddy Sand,Muddy Sand,3,3,Ginny Eckert,
S Wadleigh Island a,M_04_a,55.52904,-133.147,Mid,2017,7/11/13,20170712,Edge,10,20,0,Muddy Sand,Gravel,3,7,Ginny Eckert,
S Wadleigh Island a,M_04_a,55.52904,-133.147,Mid,2017,7/11/13,20170712,Inside,1,20,2,Mud,Mud,1,1,Ginny Eckert,
S Wadleigh Island a,M_04_a,55.52904,-133.147,Mid,2017,7/11/13,20170712,Inside,2,20,0,Mud,Mud,1,1,Ginny Eckert,
S Wadleigh Island a,M_04_a,55.52904,-133.147,Mid,2017,7/11/13,20170712,Inside,3,20,0,Mud,Mud,1,1,Ginny Eckert,
S Wadleigh Island a,M_04_a,55.52904,-133.147,Mid,2017,7/11/13,20170712,Inside,4,20,0,Mud,Mud,1,1,Ginny Eckert,
S Wadleigh Island a,M_04_a,55.52904,-133.147,Mid,2017,7/11/13,20170712,Inside,5,20,3,Mud,Mud,1,1,Ginny Eckert,
S Wadleigh Island a,M_04_a,55.52904,-133.147,Mid,2017,7/11/13,20170712,Inside,6,20,0,Mud,Mud,1,1,Ginny Eckert,
S Wadleigh Island a,M_04_a,55.52904,-133.147,Mid,2017,7/11/13,20170712,Inside,7,20,0,Mud,Mud,1,1,Ginny Eckert,
S Wadleigh Island a,M_04_a,55.52904,-133.147,Mid,2017,7/11/13,20170712,Inside,8,20,0,Mud,Mud,1,1,Ginny Eckert,
S Wadleigh Island a,M_04_a,55.52904,-133.147,Mid,2017,7/11/13,20170712,Inside,9,20,0,Mud,Mud,1,1,Ginny Eckert,
S Wadleigh Island a,M_04_a,55.52904,-133.147,Mid,2017,7/11/13,20170712,Inside,10,20,0,Mud,Mud,1,1,Ginny Eckert,
S Wadleigh Island a,M_04_a,55.52904,-133.147,Mid,2017,7/11/13,20170712,Outside,1,20,5,Muddy Sand,Muddy sand,3,3,Ashley Bolwerk,
S Wadleigh Island a,M_04_a,55.52904,-133.147,Mid,2017,7/11/13,20170712,Outside,2,20,1,Sandy mud,Muddy sand,2,3,Ashley Bolwerk,
S Wadleigh Island a,M_04_a,55.52904,-133.147,Mid,2017,7/11/13,20170712,Outside,3,20,5,Sandy mud,Mud,2,1,Ashley Bolwerk,
S Wadleigh Island a,M_04_a,55.52904,-133.147,Mid,2017,7/11/13,20170712,Outside,4,20,4,Sandy mud,Sandy mud,2,2,Ashley Bolwerk,
S Wadleigh Island a,M_04_a,55.52904,-133.147,Mid,2017,7/11/13,20170712,Outside,5,20,5,Sandy mud,Gravel,2,7,Ashley Bolwerk,
S Wadleigh Island a,M_04_a,55.52904,-133.147,Mid,2017,7/11/13,20170712,Outside,6,20,11,Sandy mud,Gravel,2,7,Ashley Bolwerk,
S Wadleigh Island a,M_04_a,55.52904,-133.147,Mid,2017,7/11/13,20170712,Outside,7,20,2,Sandy mud,Gravel,2,7,Ashley Bolwerk,
S Wadleigh Island a,M_04_a,55.52904,-133.147,Mid,2017,7/11/13,20170712,Outside,8,20,0,Sandy mud,Sandy mud,2,2,Ashley Bolwerk,
S Wadleigh Island a,M_04_a,55.52904,-133.147,Mid,2017,7/11/13,20170712,Outside,9,20,0,Muddy Sand,Gravel,3,7,Ashley Bolwerk,
S Wadleigh Island a,M_04_a,55.52904,-133.147,Mid,2017,7/11/13,20170712,Outside,10,20,0,Muddy Sand,Gravel,3,7,Ashley Bolwerk,
Shinaku Inlet a,M_05_a,-133.160431,55.599083,Mid,2017,7/11/13,20170712,Edge,1,20,3,Muddy Sand,Gravel,3,7,Ashley Bolwerk,
Shinaku Inlet a,M_05_a,-133.160431,55.599083,Mid,2017,7/11/13,20170712,Edge,2,20,4,Muddy Sand,Gravel,3,7,Ashley Bolwerk,
Shinaku Inlet a,M_05_a,-133.160431,55.599083,Mid,2017,7/11/13,20170712,Edge,3,20,1,Muddy Sand,Gravel,3,7,Ashley Bolwerk,
Shinaku Inlet a,M_05_a,-133.160431,55.599083,Mid,2017,7/11/13,20170712,Edge,4,20,1,Sandy mud,Gravel,2,7,Ashley Bolwerk,
Shinaku Inlet a,M_05_a,-133.160431,55.599083,Mid,2017,7/11/13,20170712,Edge,5,20,1,Muddy Sand,Gravel,3,7,Ashley Bolwerk,
Shinaku Inlet a,M_05_a,-133.160431,55.599083,Mid,2017,7/11/13,20170712,Edge,6,20,0,Muddy Sand,Gravel,3,7,Ashley Bolwerk,
Shinaku Inlet a,M_05_a,-133.160431,55.599083,Mid,2017,7/11/13,20170712,Edge,7,20,0,Sandy mud,Gravel,2,7,Ashley Bolwerk,
Shinaku Inlet a,M_05_a,-133.160431,55.599083,Mid,2017,7/11/13,20170712,Edge,8,20,0,Muddy Sand,Gravel,3,7,Ashley Bolwerk,
Shinaku Inlet a,M_05_a,-133.160431,55.599083,Mid,2017,7/11/13,20170712,Edge,9,20,0,Muddy Sand,Gravel,3,7,Ashley Bolwerk,
Shinaku Inlet a,M_05_a,-133.160431,55.599083,Mid,2017,7/11/13,20170712,Edge,10,20,0,Muddy Sand,Gravel,3,7,Ashley Bolwerk,
Shinaku Inlet a,M_05_a,-133.160431,55.599083,Mid,2017,7/11/13,20170712,Inside,1,20,0,Mud,Mud,1,1,Ginny Eckert,
Shinaku Inlet a,M_05_a,-133.160431,55.599083,Mid,2017,7/11/13,20170712,Inside,2,20,0,Mud,Mud,1,1,Ginny Eckert,
Shinaku Inlet a,M_05_a,-133.160431,55.599083,Mid,2017,7/11/13,20170712,Inside,3,20,0,Mud,Mud,1,1,Ginny Eckert,
Shinaku Inlet a,M_05_a,-133.160431,55.599083,Mid,2017,7/11/13,20170712,Inside,4,20,1,Mud,Mud,1,1,Ginny Eckert,
Shinaku Inlet a,M_05_a,-133.160431,55.599083,Mid,2017,7/11/13,20170712,Inside,5,20,0,Mud,Mud,1,1,Ginny Eckert,
Shinaku Inlet a,M_05_a,-133.160431,55.599083,Mid,2017,7/11/13,20170712,Inside,6,20,0,Mud,Mud,1,1,Ginny Eckert,
Shinaku Inlet a,M_05_a,-133.160431,55.599083,Mid,2017,7/11/13,20170712,Inside,7,20,0,Mud,Mud,1,1,Ginny Eckert,
Shinaku Inlet a,M_05_a,-133.160431,55.599083,Mid,2017,7/11/13,20170712,Inside,8,20,0,Mud,Mud,1,1,Ginny Eckert,
Shinaku Inlet a,M_05_a,-133.160431,55.599083,Mid,2017,7/11/13,20170712,Inside,9,20,0,Mud,Mud,1,1,Ginny Eckert,
Shinaku Inlet a,M_05_a,-133.160431,55.599083,Mid,2017,7/11/13,20170712,Inside,10,20,0,Mud,Mud,1,1,Ginny Eckert,
Shinaku Inlet a,M_05_a,-133.160431,55.599083,Mid,2017,7/11/13,20170712,Outside,1,20,0,Sand,Gravel,4,7,Ginny Eckert,
Shinaku Inlet a,M_05_a,-133.160431,55.599083,Mid,2017,7/11/13,20170712,Outside,2,20,0,Sand,Gravel,4,7,Ginny Eckert,
Shinaku Inlet a,M_05_a,-133.160431,55.599083,Mid,2017,7/11/13,20170712,Outside,3,20,0,Sand,Gravel,4,7,Ginny Eckert,
Shinaku Inlet a,M_05_a,-133.160431,55.599083,Mid,2017,7/11/13,20170712,Outside,4,20,0,Sand,Gravel,4,7,Ginny Eckert,
Shinaku Inlet a,M_05_a,-133.160431,55.599083,Mid,2017,7/11/13,20170712,Outside,5,20,0,Sand,Gravel,4,7,Ginny Eckert,
Shinaku Inlet a,M_05_a,-133.160431,55.599083,Mid,2017,7/11/13,20170712,Outside,6,20,0,Sand,Gravel,4,7,Ginny Eckert,
Shinaku Inlet a,M_05_a,-133.160431,55.599083,Mid,2017,7/11/13,20170712,Outside,7,20,0,Sand,Gravel,4,7,Ginny Eckert,
Shinaku Inlet a,M_05_a,-133.160431,55.599083,Mid,2017,7/11/13,20170712,Outside,8,20,0,Sand,Gravel,4,7,Ginny Eckert,
Shinaku Inlet a,M_05_a,-133.160431,55.599083,Mid,2017,7/11/13,20170712,Outside,9,20,0,Sand,Gravel,4,7,Ginny Eckert,
Shinaku Inlet a,M_05_a,-133.160431,55.599083,Mid,2017,7/11/13,20170712,Outside,10,20,0,Sand,Gravel,4,7,Ginny Eckert,
Tracadero Bay a,M_06_a,55.344914,-133.0011,Mid,2017,8/20/2013,20170821,Edge,1,20,0,Sand,Cobble,4,8,"Wendel Raymond, Cathy Mattson, Tiff Stephens",
Tracadero Bay a,M_06_a,55.344914,-133.0011,Mid,2017,8/20/2013,20170821,Edge,2,20,0,Sand,Cobble,4,8,"Wendel Raymond, Cathy Mattson, Tiff Stephens",
Tracadero Bay a,M_06_a,55.344914,-133.0011,Mid,2017,8/20/2013,20170821,Edge,3,20,0,Sand,Cobble,4,8,"Wendel Raymond, Cathy Mattson, Tiff Stephens",
Tracadero Bay a,M_06_a,55.344914,-133.0011,Mid,2017,8/20/2013,20170821,Edge,4,20,0,Sand,Sand,4,4,"Wendel Raymond, Cathy Mattson, Tiff Stephens",
Tracadero Bay a,M_06_a,55.344914,-133.0011,Mid,2017,8/20/2013,20170821,Edge,5,20,0,Sand,Sand,4,4,"Wendel Raymond, Cathy Mattson, Tiff Stephens",
Tracadero Bay a,M_06_a,55.344914,-133.0011,Mid,2017,8/20/2013,20170821,Edge,6,20,0,Sand,Sand,4,4,"Wendel Raymond, Cathy Mattson, Tiff Stephens",
Tracadero Bay a,M_06_a,55.344914,-133.0011,Mid,2017,8/20/2013,20170821,Edge,7,20,0,Sand,Sand,4,4,"Wendel Raymond, Cathy Mattson, Tiff Stephens",
Tracadero Bay a,M_06_a,55.344914,-133.0011,Mid,2017,8/20/2013,20170821,Edge,8,20,0,Gravel,Sand,7,4,"Wendel Raymond, Cathy Mattson, Tiff Stephens",
Tracadero Bay a,M_06_a,55.344914,-133.0011,Mid,2017,8/20/2013,20170821,Edge,9,20,0,Gravel,Sand,7,4,"Wendel Raymond, Cathy Mattson, Tiff Stephens",
Tracadero Bay a,M_06_a,55.344914,-133.0011,Mid,2017,8/20/2013,20170821,Edge,10,20,0,Gravel,Sand,7,4,"Wendel Raymond, Cathy Mattson, Tiff Stephens",
Tracadero Bay a,M_06_a,55.344914,-133.0011,Mid,2017,8/20/2013,20170821,Inside,1,20,0,Coarse Sand,Cobble,5,8,"Wendel Raymond, Cathy Mattson, Tiff Stephens",
Tracadero Bay a,M_06_a,55.344914,-133.0011,Mid,2017,8/20/2013,20170821,Inside,2,20,0,Coarse Sand,Cobble,5,8,"Wendel Raymond, Cathy Mattson, Tiff Stephens",
Tracadero Bay a,M_06_a,55.344914,-133.0011,Mid,2017,8/20/2013,20170821,Inside,3,20,0,Coarse Sand,Cobble,5,8,"Wendel Raymond, Cathy Mattson, Tiff Stephens",
Tracadero Bay a,M_06_a,55.344914,-133.0011,Mid,2017,8/20/2013,20170821,Inside,4,20,0,Coarse Sand,Gravel,5,7,"Wendel Raymond, Cathy Mattson, Tiff Stephens",
Tracadero Bay a,M_06_a,55.344914,-133.0011,Mid,2017,8/20/2013,20170821,Inside,5,20,0,Coarse Sand,Gravel,5,7,"Wendel Raymond, Cathy Mattson, Tiff Stephens",
Tracadero Bay a,M_06_a,55.344914,-133.0011,Mid,2017,8/20/2013,20170821,Inside,6,20,0,Sand,Pebble,4,6,"Wendel Raymond, Cathy Mattson, Tiff Stephens",
Tracadero Bay a,M_06_a,55.344914,-133.0011,Mid,2017,8/20/2013,20170821,Inside,7,20,0,Sand,Gravel,4,7,"Wendel Raymond, Cathy Mattson, Tiff Stephens",
Tracadero Bay a,M_06_a,55.344914,-133.0011,Mid,2017,8/20/2013,20170821,Inside,8,20,0,Sand,Gravel,4,7,"Wendel Raymond, Cathy Mattson, Tiff Stephens",
Tracadero Bay a,M_06_a,55.344914,-133.0011,Mid,2017,8/20/2013,20170821,Inside,9,20,0,Coarse Sand,Cobble,5,8,"Wendel Raymond, Cathy Mattson, Tiff Stephens",
Tracadero Bay a,M_06_a,55.344914,-133.0011,Mid,2017,8/20/2013,20170821,Inside,10,20,0,Coarse Sand,Gravel,5,7,"Wendel Raymond, Cathy Mattson, Tiff Stephens",
Tracadero Bay a,M_06_a,55.344914,-133.0011,Mid,2017,8/20/2013,20170821,Outside,1,20,0,Coarse Sand,Cobble,5,8,"Wendel Raymond, Cathy Mattson, Tiff Stephens",
Tracadero Bay a,M_06_a,55.344914,-133.0011,Mid,2017,8/20/2013,20170821,Outside,2,20,0,Coarse Sand,Cobble,5,8,"Wendel Raymond, Cathy Mattson, Tiff Stephens",
Tracadero Bay a,M_06_a,55.344914,-133.0011,Mid,2017,8/20/2013,20170821,Outside,3,20,0,Coarse Sand,Cobble,5,8,"Wendel Raymond, Cathy Mattson, Tiff Stephens",
Tracadero Bay a,M_06_a,55.344914,-133.0011,Mid,2017,8/20/2013,20170821,Outside,4,20,0,Coarse Sand,Cobble,5,8,"Wendel Raymond, Cathy Mattson, Tiff Stephens",
Tracadero Bay a,M_06_a,55.344914,-133.0011,Mid,2017,8/20/2013,20170821,Outside,5,20,0,Coarse Sand,Gravel,5,7,"Wendel Raymond, Cathy Mattson, Tiff Stephens",
Tracadero Bay a,M_06_a,55.344914,-133.0011,Mid,2017,8/20/2013,20170821,Outside,6,20,0,Sand,Gravel,4,7,"Wendel Raymond, Cathy Mattson, Tiff Stephens",
Tracadero Bay a,M_06_a,55.344914,-133.0011,Mid,2017,8/20/2013,20170821,Outside,7,20,0,Sand,Gravel,4,7,"Wendel Raymond, Cathy Mattson, Tiff Stephens",
Tracadero Bay a,M_06_a,55.344914,-133.0011,Mid,2017,8/20/2013,20170821,Outside,8,20,0,Coarse Sand,Gravel,5,7,"Wendel Raymond, Cathy Mattson, Tiff Stephens",
Tracadero Bay a,M_06_a,55.344914,-133.0011,Mid,2017,8/20/2013,20170821,Outside,9,20,0,Coarse Sand,Gravel,5,7,"Wendel Raymond, Cathy Mattson, Tiff Stephens",
Tracadero Bay a,M_06_a,55.344914,-133.0011,Mid,2017,8/20/2013,20170821,Outside,10,20,1,Coarse Sand,Gravel,5,7,"Wendel Raymond, Cathy Mattson, Tiff Stephens",
Garcia Cove a,M_07_a,55.552669,-133.431392,Mid,2017,7/25/2013,20170726,Edge,1,20,0,Sand,Gravel,4,7,"Tiff Stephens, Wendel Raymond, Cathy Mattson",
Garcia Cove a,M_07_a,55.552669,-133.431392,Mid,2017,7/25/2013,20170726,Edge,2,20,1,Sand,Gravel,4,7,"Tiff Stephens, Wendel Raymond, Cathy Mattson",
Garcia Cove a,M_07_a,55.552669,-133.431392,Mid,2017,7/25/2013,20170726,Edge,3,20,1,Sand,Gravel,4,7,"Tiff Stephens, Wendel Raymond, Cathy Mattson",
Garcia Cove a,M_07_a,55.552669,-133.431392,Mid,2017,7/25/2013,20170726,Edge,4,20,5,Muddy Sand,Gravel,3,7,"Tiff Stephens, Wendel Raymond, Cathy Mattson",
Garcia Cove a,M_07_a,55.552669,-133.431392,Mid,2017,7/25/2013,20170726,Edge,5,20,2,Muddy Sand,Gravel,3,7,"Tiff Stephens, Wendel Raymond, Cathy Mattson",
Garcia Cove a,M_07_a,55.552669,-133.431392,Mid,2017,7/25/2013,20170726,Edge,6,20,6,Muddy Sand,Pebble,3,6,"Tiff Stephens, Wendel Raymond, Cathy Mattson",
Garcia Cove a,M_07_a,55.552669,-133.431392,Mid,2017,7/25/2013,20170726,Edge,7,20,4,Muddy Sand,Pebble,3,6,"Tiff Stephens, Wendel Raymond, Cathy Mattson",
Garcia Cove a,M_07_a,55.552669,-133.431392,Mid,2017,7/25/2013,20170726,Edge,8,20,2,Muddy Sand,Gravel,3,7,"Tiff Stephens, Wendel Raymond, Cathy Mattson",
Garcia Cove a,M_07_a,55.552669,-133.431392,Mid,2017,7/25/2013,20170726,Edge,9,20,4,Muddy Sand,Gravel,3,7,"Tiff Stephens, Wendel Raymond, Cathy Mattson",
Garcia Cove a,M_07_a,55.552669,-133.431392,Mid,2017,7/25/2013,20170726,Edge,10,20,1,Muddy Sand,Muddy Sand,3,3,"Tiff Stephens, Wendel Raymond, Cathy Mattson",
Garcia Cove a,M_07_a,55.552669,-133.431392,Mid,2017,7/25/2013,20170726,Inside,1,20,0,Sand,Gravel,4,7,"Tiff Stephens, Wendel Raymond, Cathy Mattson",
Garcia Cove a,M_07_a,55.552669,-133.431392,Mid,2017,7/25/2013,20170726,Inside,2,20,1,Muddy Sand,Gravel,3,7,"Tiff Stephens, Wendel Raymond, Cathy Mattson",
Garcia Cove a,M_07_a,55.552669,-133.431392,Mid,2017,7/25/2013,20170726,Inside,3,20,0,Sand,Gravel,4,7,"Tiff Stephens, Wendel Raymond, Cathy Mattson",
Garcia Cove a,M_07_a,55.552669,-133.431392,Mid,2017,7/25/2013,20170726,Inside,4,20,1,Muddy Sand,Muddy Sand,3,3,"Tiff Stephens, Wendel Raymond, Cathy Mattson",
Garcia Cove a,M_07_a,55.552669,-133.431392,Mid,2017,7/25/2013,20170726,Inside,5,20,0,Muddy Sand,Muddy Sand,3,3,"Tiff Stephens, Wendel Raymond, Cathy Mattson",
Garcia Cove a,M_07_a,55.552669,-133.431392,Mid,2017,7/25/2013,20170726,Inside,6,20,0,Muddy Sand,Muddy Sand,3,3,"Tiff Stephens, Wendel Raymond, Cathy Mattson",
Garcia Cove a,M_07_a,55.552669,-133.431392,Mid,2017,7/25/2013,20170726,Inside,7,20,0,Muddy Sand,Muddy Sand,3,3,"Tiff Stephens, Wendel Raymond, Cathy Mattson",
Garcia Cove a,M_07_a,55.552669,-133.431392,Mid,2017,7/25/2013,20170726,Inside,8,20,0,Sand,Cobble,4,8,"Tiff Stephens, Wendel Raymond, Cathy Mattson",
Garcia Cove a,M_07_a,55.552669,-133.431392,Mid,2017,7/25/2013,20170726,Inside,9,20,0,Sand,Cobble,4,8,"Tiff Stephens, Wendel Raymond, Cathy Mattson",
Garcia Cove a,M_07_a,55.552669,-133.431392,Mid,2017,7/25/2013,20170726,Inside,10,20,0,Sand,Cobble,4,8,"Tiff Stephens, Wendel Raymond, Cathy Mattson",
Garcia Cove a,M_07_a,55.552669,-133.431392,Mid,2017,7/25/2013,20170726,Outside,1,20,1,Sand,Gravel,4,7,"Tiff Stephens, Wendel Raymond, Cathy Mattson",
Garcia Cove a,M_07_a,55.552669,-133.431392,Mid,2017,7/25/2013,20170726,Outside,2,20,2,Sand,Gravel,4,7,"Tiff Stephens, Wendel Raymond, Cathy Mattson",
Garcia Cove a,M_07_a,55.552669,-133.431392,Mid,2017,7/25/2013,20170726,Outside,3,20,3,Sand,Gravel,4,7,"Tiff Stephens, Wendel Raymond, Cathy Mattson",
Garcia Cove a,M_07_a,55.552669,-133.431392,Mid,2017,7/25/2013,20170726,Outside,4,20,2,Sand,Gravel,4,7,"Tiff Stephens, Wendel Raymond, Cathy Mattson",
Garcia Cove a,M_07_a,55.552669,-133.431392,Mid,2017,7/25/2013,20170726,Outside,5,20,2,Sand,Gravel,4,7,"Tiff Stephens, Wendel Raymond, Cathy Mattson",
Garcia Cove a,M_07_a,55.552669,-133.431392,Mid,2017,7/25/2013,20170726,Outside,6,20,5,Sand,Gravel,4,7,"Tiff Stephens, Wendel Raymond, Cathy Mattson",
Garcia Cove a,M_07_a,55.552669,-133.431392,Mid,2017,7/25/2013,20170726,Outside,7,20,9,Muddy Sand,Gravel,3,7,"Tiff Stephens, Wendel Raymond, Cathy Mattson",
Garcia Cove a,M_07_a,55.552669,-133.431392,Mid,2017,7/25/2013,20170726,Outside,8,20,2,Muddy Sand,Pebble,3,6,"Tiff Stephens, Wendel Raymond, Cathy Mattson",
Garcia Cove a,M_07_a,55.552669,-133.431392,Mid,2017,7/25/2013,20170726,Outside,9,20,4,Muddy Sand,Muddy Sand,3,3,"Tiff Stephens, Wendel Raymond, Cathy Mattson",
Garcia Cove a,M_07_a,55.552669,-133.431392,Mid,2017,7/25/2013,20170726,Outside,10,20,6,Muddy Sand,Muddy Sand,3,3,"Tiff Stephens, Wendel Raymond, Cathy Mattson",
Port Refugio a,M_08_a,55.282137,-133.334028,Mid,2017,8/21/2013,20170822,Edge,1,20,0,Muddy Sand,Gravel,3,7,Wendel Raymond,
Port Refugio a,M_08_a,55.282137,-133.334028,Mid,2017,8/21/2013,20170822,Edge,2,20,0,Muddy Sand,Gravel,3,7,Wendel Raymond,
Port Refugio a,M_08_a,55.282137,-133.334028,Mid,2017,8/21/2013,20170822,Edge,3,20,0,Coarse Sand,Gravel,5,7,Wendel Raymond,
Port Refugio a,M_08_a,55.282137,-133.334028,Mid,2017,8/21/2013,20170822,Edge,4,20,0,Coarse Sand,Gravel,5,7,Wendel Raymond,
Port Refugio a,M_08_a,55.282137,-133.334028,Mid,2017,8/21/2013,20170822,Edge,5,20,0,Coarse Sand,Coarse Sand,5,5,Wendel Raymond,
Port Refugio a,M_08_a,55.282137,-133.334028,Mid,2017,8/21/2013,20170822,Edge,6,20,0,Coarse Sand,Gravel,5,7,Wendel Raymond,
Port Refugio a,M_08_a,55.282137,-133.334028,Mid,2017,8/21/2013,20170822,Edge,7,20,0,Coarse Sand,Gravel,5,7,Wendel Raymond,
Port Refugio a,M_08_a,55.282137,-133.334028,Mid,2017,8/21/2013,20170822,Edge,8,20,0,Muddy Sand,Gravel,3,7,Wendel Raymond,
Port Refugio a,M_08_a,55.282137,-133.334028,Mid,2017,8/21/2013,20170822,Edge,9,20,0,Muddy Sand,Gravel,3,7,Wendel Raymond,
Port Refugio a,M_08_a,55.282137,-133.334028,Mid,2017,8/21/2013,20170822,Edge,10,20,0,Muddy Sand,Gravel,3,7,Wendel Raymond,
Port Refugio a,M_08_a,55.282137,-133.334028,Mid,2017,8/21/2013,20170822,Inside,1,20,0,Muddy Sand,Sandy mud,3,2,Wendel Raymond,
Port Refugio a,M_08_a,55.282137,-133.334028,Mid,2017,8/21/2013,20170822,Inside,2,20,0,Muddy Sand,Muddy Sand,3,3,Wendel Raymond,
Port Refugio a,M_08_a,55.282137,-133.334028,Mid,2017,8/21/2013,20170822,Inside,3,20,0,Muddy Sand,Sand,3,4,Wendel Raymond,
Port Refugio a,M_08_a,55.282137,-133.334028,Mid,2017,8/21/2013,20170822,Inside,4,20,0,Muddy Sand,Sand,3,4,Wendel Raymond,
Port Refugio a,M_08_a,55.282137,-133.334028,Mid,2017,8/21/2013,20170822,Inside,5,20,0,Muddy Sand,Gravel,3,7,Wendel Raymond,
Port Refugio a,M_08_a,55.282137,-133.334028,Mid,2017,8/21/2013,20170822,Inside,6,20,0,Gravel,Muddy Sand,7,3,Wendel Raymond,
Port Refugio a,M_08_a,55.282137,-133.334028,Mid,2017,8/21/2013,20170822,Inside,7,20,0,Sandy Mud,Gravel,2,7,Wendel Raymond,
Port Refugio a,M_08_a,55.282137,-133.334028,Mid,2017,8/21/2013,20170822,Inside,8,20,0,Sand,Gravel,4,7,Wendel Raymond,
Port Refugio a,M_08_a,55.282137,-133.334028,Mid,2017,8/21/2013,20170822,Inside,9,20,0,Muddy Sand,Gravel,3,7,Wendel Raymond,
Port Refugio a,M_08_a,55.282137,-133.334028,Mid,2017,8/21/2013,20170822,Inside,10,20,0,Muddy Sand,Gravel,3,7,Wendel Raymond,
Port Refugio a,M_08_a,55.282137,-133.334028,Mid,2017,8/21/2013,20170822,Outside,1,20,0,Muddy Sand,Gravel,3,7,Wendel Raymond,
Port Refugio a,M_08_a,55.282137,-133.334028,Mid,2017,8/21/2013,20170822,Outside,2,20,0,Coarse Sand,Gravel,5,7,Wendel Raymond,
Port Refugio a,M_08_a,55.282137,-133.334028,Mid,2017,8/21/2013,20170822,Outside,3,20,0,Muddy Sand,Gravel,3,7,Wendel Raymond,
Port Refugio a,M_08_a,55.282137,-133.334028,Mid,2017,8/21/2013,20170822,Outside,4,20,0,Gravel,Coarse Sand,7,5,Wendel Raymond,
Port Refugio a,M_08_a,55.282137,-133.334028,Mid,2017,8/21/2013,20170822,Outside,5,20,0,Gravel,Coarse Sand,7,5,Wendel Raymond,
Port Refugio a,M_08_a,55.282137,-133.334028,Mid,2017,8/21/2013,20170822,Outside,6,20,0,Coarse Sand,Gravel,5,7,Wendel Raymond,
Port Refugio a,M_08_a,55.282137,-133.334028,Mid,2017,8/21/2013,20170822,Outside,7,20,0,Coarse Sand,Gravel,5,7,Wendel Raymond,
Port Refugio a,M_08_a,55.282137,-133.334028,Mid,2017,8/21/2013,20170822,Outside,8,20,0,Muddy Sand,Gravel,3,7,Wendel Raymond,
Port Refugio a,M_08_a,55.282137,-133.334028,Mid,2017,8/21/2013,20170822,Outside,9,20,0,Muddy Sand,Gravel,3,7,Wendel Raymond,
Port Refugio a,M_08_a,55.282137,-133.334028,Mid,2017,8/21/2013,20170822,Outside,10,20,0,Muddy Sand,Gravel,3,7,Wendel Raymond,